event_id,session,condition,day,cohort,timestamp,elapsed_min,handle,fandom,type,toxicity_0_100,phase,note_published,outgroup_ref,pronoun,topic,heavy_poster
ev_v88rkx5tqt9,S1,CTRL,1,S1_CTRL_D1,2026-07-23T20:00:06,0.1,blink_ahlg,BLINK,comment,40,pre_note,True,True,they,original,True
ev_shirl1i8rdw,S1,CTRL,1,S1_CTRL_D1,2026-07-23T20:00:15,0.3,blink_ahlg,BLINK,comment,40,pre_note,True,True,they,original,True
ev_ivmsadakol0,S1,CTRL,1,S1_CTRL_D1,2026-07-23T20:02:24,2.4,army_ufvf,ARMY,comment,30,pre_note,True,False,,original,False
ev_iua6zxvah1k,S1,CTRL,1,S1_CTRL_D1,2026-07-23T20:02:22,2.4,army_ufvf,ARMY,post,50,pre_note,True,False,,original,False
ev_exp9rzmchbh,S1,CTRL,1,S1_CTRL_D1,2026-07-23T20:03:01,3,blink_ahlg,BLINK,comment,70,pre_note,True,True,they,original,True
ev_j424dtgadxq,S1,CTRL,1,S1_CTRL_D1,2026-07-23T20:03:43,3.7,blink_ahlg,BLINK,comment,40,pre_note,True,True,they,original,True
ev_gw9ob09e574,S1,CTRL,1,S1_CTRL_D1,2026-07-23T20:03:43,3.7,blink_myqe,BLINK,post,0,pre_note,True,True,they,original,False
ev_tob4p9n9axr,S1,CTRL,1,S1_CTRL_D1,2026-07-23T20:03:40,3.7,blink_ahlg,BLINK,comment,30,pre_note,True,True,named,original,True
ev_gmh078jod7z,S1,CTRL,1,S1_CTRL_D1,2026-07-23T20:04:33,4.6,army_1svs,ARMY,comment,30,pre_note,True,False,,original,False
ev_e1noik3ola8,S1,CTRL,1,S1_CTRL_D1,2026-07-23T20:05:30,5.5,army_ol0f,ARMY,comment,40,pre_note,True,False,,original,False
ev_n5o5nwhnd9z,S1,CTRL,1,S1_CTRL_D1,2026-07-23T20:05:29,5.5,blink_ahlg,BLINK,comment,70,pre_note,True,True,named,original,True
ev_kryv3knrbbb,S1,CTRL,1,S1_CTRL_D1,2026-07-23T20:06:38,6.6,army_ufvf,ARMY,comment,50,pre_note,True,False,,original,False
ev_9pwk7ej4mu2,S1,CTRL,1,S1_CTRL_D1,2026-07-23T20:07:34,7.6,blink_ahlg,BLINK,post,70,pre_note,True,True,named,original,True
ev_m98tv967kx6,S1,CTRL,1,S1_CTRL_D1,2026-07-23T20:10:03,10.1,blink_ahlg,BLINK,comment,50,pre_note,True,False,,original,True
ev_8e352ic3eg1,S1,CTRL,1,S1_CTRL_D1,2026-07-23T20:10:21,10.4,blink_e9kd,BLINK,comment,70,pre_note,True,False,,original,False
ev_i2jjtkss0tc,S1,CTRL,1,S1_CTRL_D1,2026-07-23T20:10:46,10.8,army_ufvf,ARMY,comment,40,pre_note,True,False,,original,False
ev_8ehceeqc76c,S1,CTRL,1,S1_CTRL_D1,2026-07-23T20:11:40,11.7,blink_ahlg,BLINK,post,55,pre_note,True,False,,original,True
ev_d62wqdyy3y5,S1,CTRL,1,S1_CTRL_D1,2026-07-23T20:11:39,11.7,blink_myqe,BLINK,comment,5,pre_note,True,False,,original,False
ev_fd3mvy3v5n1,S1,CTRL,1,S1_CTRL_D1,2026-07-23T20:12:12,12.2,blink_e9kd,BLINK,comment,70,pre_note,True,False,,original,False
ev_ywbjioc7i48,S1,CTRL,1,S1_CTRL_D1,2026-07-23T20:12:15,12.3,army_1svs,ARMY,comment,40,pre_note,True,False,,original,False
ev_5ggb5qm50fz,S1,CTRL,1,S1_CTRL_D1,2026-07-23T20:12:40,12.7,blink_e9kd,BLINK,comment,60,pre_note,True,True,named,original,False
ev_bkijxo9269x,S1,CTRL,1,S1_CTRL_D1,2026-07-23T20:13:32,13.5,blink_myqe,BLINK,comment,25,pre_note,True,True,named,original,False
ev_dd9kk0o1dxa,S1,CTRL,1,S1_CTRL_D1,2026-07-23T20:13:45,13.8,blink_ahlg,BLINK,comment,65,pre_note,True,True,named,original,True
ev_t2mjvx5olcw,S1,CTRL,1,S1_CTRL_D1,2026-07-23T20:14:08,14.1,blink_ahlg,BLINK,comment,55,pre_note,True,True,they,original,True
ev_l85cq86fgum,S1,CTRL,1,S1_CTRL_D1,2026-07-23T20:14:28,14.5,army_ufvf,ARMY,post,50,pre_note,True,True,named,original,False
ev_6htwwm7be5m,S1,CTRL,1,S1_CTRL_D1,2026-07-23T20:15:24,15.4,army_ufvf,ARMY,comment,50,pre_note,True,True,named,original,False
ev_shaa4qagu4b,S1,CTRL,1,S1_CTRL_D1,2026-07-23T20:15:34,15.6,blink_ahlg,BLINK,comment,30,pre_note,True,False,,original,True
ev_2hx2d0xof0x,S1,CTRL,1,S1_CTRL_D1,2026-07-23T20:16:00,16,army_ol0f,ARMY,comment,50,pre_note,True,False,,original,False
ev_wtu2zc4nej8,S1,CTRL,1,S1_CTRL_D1,2026-07-23T20:16:33,16.6,blink_ahlg,BLINK,post,60,pre_note,True,False,,original,True
ev_wu9wln6qwej,S1,CTRL,1,S1_CTRL_D1,2026-07-23T20:17:05,17.1,army_ufvf,ARMY,comment,40,pre_note,True,True,they,original,False
ev_lrmnjnyw628,S1,CTRL,1,S1_CTRL_D1,2026-07-23T20:17:20,17.3,army_ol0f,ARMY,comment,40,pre_note,True,False,,original,False
ev_08rhko81ez1,S1,CTRL,1,S1_CTRL_D1,2026-07-23T20:18:06,18.1,army_ol0f,ARMY,comment,55,pre_note,True,True,they,original,False
ev_9jsk477azjz,S1,CTRL,1,S1_CTRL_D1,2026-07-23T20:18:20,18.3,blink_ahlg,BLINK,comment,65,pre_note,True,True,they,original,True
ev_8rwe7v4hpgd,S1,CTRL,1,S1_CTRL_D1,2026-07-23T20:18:42,18.7,blink_ahlg,BLINK,comment,95,pre_note,True,False,,original,True
ev_z6lcxg015ja,S1,CTRL,1,S1_CTRL_D1,2026-07-23T20:20:50,20.8,army_ufvf,ARMY,comment,55,pre_note,True,False,,original,False
ev_k6jhhze6ofa,S1,CTRL,1,S1_CTRL_D1,2026-07-23T20:20:51,20.9,blink_myqe,BLINK,post,20,pre_note,True,False,,original,False
ev_xhf64trjh6o,S1,CTRL,1,S1_CTRL_D1,2026-07-23T20:20:59,21,army_ufvf,ARMY,comment,35,pre_note,True,True,they,original,False
ev_4ngbau869j2,S1,CTRL,1,S1_CTRL_D1,2026-07-23T20:22:09,22.2,blink_ahlg,BLINK,comment,70,pre_note,True,True,they,original,True
ev_799vxulick1,S1,CTRL,1,S1_CTRL_D1,2026-07-23T20:22:23,22.4,army_ufvf,ARMY,post,55,pre_note,True,True,they,original,False
ev_bqyzdm88842,S1,CTRL,1,S1_CTRL_D1,2026-07-23T20:22:28,22.5,blink_ahlg,BLINK,post,75,pre_note,True,True,they,original,True
ev_xpcud65czme,S1,CTRL,1,S1_CTRL_D1,2026-07-23T20:24:25,24.4,blink_ahlg,BLINK,comment,65,pre_note,True,True,named,original,True
ev_m173ti6dmdm,S1,CTRL,1,S1_CTRL_D1,2026-07-23T20:24:40,24.7,army_ufvf,ARMY,comment,50,pre_note,True,True,they,original,False
ev_9i7p2g6npwb,S1,CTRL,1,S1_CTRL_D1,2026-07-23T20:25:02,25,army_1svs,ARMY,comment,45,pre_note,True,True,they,original,False
ev_hofvv290khb,S1,CTRL,1,S1_CTRL_D1,2026-07-23T20:25:00,25,army_ufvf,ARMY,post,35,pre_note,True,True,they,original,False
ev_065zm5a4fi5,S1,CTRL,1,S1_CTRL_D1,2026-07-23T20:26:20,26.3,army_ol0f,ARMY,comment,75,pre_note,True,False,,original,False
ev_g5uyk24rc2d,S1,CTRL,1,S1_CTRL_D1,2026-07-23T20:26:21,26.4,army_1svs,ARMY,comment,60,pre_note,True,True,named,original,False
ev_p97dxnaxmdj,S1,CTRL,1,S1_CTRL_D1,2026-07-23T20:27:04,27.1,blink_ahlg,BLINK,comment,50,pre_note,True,True,they,original,True
ev_vugbdyeth0p,S1,CTRL,1,S1_CTRL_D1,2026-07-23T20:27:32,27.5,army_ufvf,ARMY,comment,85,pre_note,True,True,they,original,False
ev_jwuzoh6yy5v,S1,CTRL,1,S1_CTRL_D1,2026-07-23T20:27:42,27.7,blink_ahlg,BLINK,post,50,pre_note,True,True,named,original,True
ev_zyv21sooywe,S1,CTRL,1,S1_CTRL_D1,2026-07-23T20:28:19,28.3,blink_e9kd,BLINK,comment,65,pre_note,True,False,,original,False
ev_cn3348lzr7m,S1,CTRL,1,S1_CTRL_D1,2026-07-23T20:28:19,28.3,army_1svs,ARMY,comment,70,pre_note,True,False,,original,False
ev_4yhblwtlr67,S1,CTRL,1,S1_CTRL_D1,2026-07-23T20:28:44,28.7,army_1svs,ARMY,comment,55,pre_note,True,True,they,original,False
ev_b1xyi1dgi6h,S1,CTRL,1,S1_CTRL_D1,2026-07-23T20:29:26,29.4,blink_ahlg,BLINK,comment,70,pre_note,True,False,,original,True
ev_x4w00zkldbv,S1,CTRL,1,S1_CTRL_D1,2026-07-23T20:30:14,30.2,blink_e9kd,BLINK,comment,85,pre_note,True,False,,original,False
ev_deaj5n4lbii,S1,CTRL,1,S1_CTRL_D1,2026-07-23T20:30:48,30.8,army_ol0f,ARMY,comment,85,pre_note,True,True,they,original,False
ev_b412feabdpj,S1,CTRL,1,S1_CTRL_D1,2026-07-23T20:31:01,31,army_ufvf,ARMY,comment,70,pre_note,True,True,named,original,False
ev_ciyma4t7h53,S1,CTRL,1,S1_CTRL_D1,2026-07-23T20:31:42,31.7,blink_e9kd,BLINK,comment,65,pre_note,True,False,,original,False
ev_5lic9dqkgfh,S1,CTRL,1,S1_CTRL_D1,2026-07-23T20:32:15,32.3,army_ol0f,ARMY,comment,75,pre_note,True,True,they,original,False
ev_r3guqnobq23,S1,CTRL,1,S1_CTRL_D1,2026-07-23T20:32:41,32.7,army_1svs,ARMY,post,50,pre_note,True,True,they,original,False
ev_n65vs9mw5rc,S1,CTRL,1,S1_CTRL_D1,2026-07-23T20:33:23,33.4,blink_ahlg,BLINK,comment,100,pre_note,True,True,they,original,True
ev_7u3ygwhflu9,S1,CTRL,1,S1_CTRL_D1,2026-07-23T20:34:49,34.8,blink_ahlg,BLINK,comment,90,pre_note,True,True,they,original,True
ev_fdu4363j39c,S1,CTRL,1,S1_CTRL_D1,2026-07-23T20:34:59,35,blink_ahlg,BLINK,comment,70,pre_note,True,True,they,original,True
ev_q12m79gjw5y,S1,CTRL,1,S1_CTRL_D1,2026-07-23T20:35:15,35.3,blink_ahlg,BLINK,comment,85,post_note,True,False,,note_task,True
ev_oogz4zj59p6,S1,CTRL,1,S1_CTRL_D1,2026-07-23T20:36:00,36,blink_ahlg,BLINK,comment,55,post_note,True,True,they,note_task,True
ev_g5le71gm0pc,S1,CTRL,1,S1_CTRL_D1,2026-07-23T20:36:07,36.1,blink_e9kd,BLINK,comment,60,post_note,True,False,,note_task,False
ev_viran62l9au,S1,CTRL,1,S1_CTRL_D1,2026-07-23T20:37:47,37.8,blink_e9kd,BLINK,post,70,post_note,True,True,named,original,False
ev_egm8mxbyq0b,S1,CTRL,1,S1_CTRL_D1,2026-07-23T20:37:45,37.8,blink_myqe,BLINK,comment,60,post_note,True,True,they,original,False
ev_6r64jnv29df,S1,CTRL,1,S1_CTRL_D1,2026-07-23T20:38:11,38.2,blink_ahlg,BLINK,comment,100,post_note,True,False,,original,True
ev_ebpzi04xmg8,S1,CTRL,1,S1_CTRL_D1,2026-07-23T20:38:14,38.2,army_ol0f,ARMY,comment,80,post_note,True,True,they,original,False
ev_oy4x7e5drpn,S1,CTRL,1,S1_CTRL_D1,2026-07-23T20:38:48,38.8,blink_ahlg,BLINK,comment,80,post_note,True,True,they,original,True
ev_05oj0idcfuu,S1,CTRL,1,S1_CTRL_D1,2026-07-23T20:39:42,39.7,blink_ahlg,BLINK,comment,60,post_note,True,True,they,original,True
ev_ux6byt5lrmt,S1,CTRL,1,S1_CTRL_D1,2026-07-23T20:42:33,42.6,blink_ahlg,BLINK,comment,90,post_note,True,True,they,original,True
ev_f6t6lb52bng,S1,CTRL,1,S1_CTRL_D1,2026-07-23T20:44:01,44,army_1svs,ARMY,comment,70,post_note,True,True,they,original,False
ev_vwxp4zt2sgl,S1,CTRL,1,S1_CTRL_D1,2026-07-23T20:44:52,44.9,blink_ahlg,BLINK,post,80,post_note,True,True,they,original,True
ev_d47ffha5dmi,S1,CTRL,1,S1_CTRL_D1,2026-07-23T20:45:23,45.4,army_1svs,ARMY,comment,85,post_note,True,False,,original,False
ev_s1xqr9xzvbx,S1,CTRL,1,S1_CTRL_D1,2026-07-23T20:46:20,46.3,blink_ahlg,BLINK,comment,80,post_note,True,True,named,original,True
ev_ugyygqhibsx,S1,CTRL,1,S1_CTRL_D1,2026-07-23T20:46:41,46.7,blink_ahlg,BLINK,comment,95,post_note,True,True,they,original,True
ev_nhx6pdcxk3b,S1,CTRL,1,S1_CTRL_D1,2026-07-23T20:46:53,46.9,blink_ahlg,BLINK,post,65,post_note,True,True,they,original,True
ev_h0u4ufpr2m8,S1,CTRL,1,S1_CTRL_D1,2026-07-23T20:47:02,47,army_ol0f,ARMY,comment,65,post_note,True,False,,original,False
ev_4q6o3712nob,S1,CTRL,1,S1_CTRL_D1,2026-07-23T20:48:03,48.1,blink_myqe,BLINK,comment,40,post_note,True,True,named,original,False
ev_b4jsluqqkdl,S1,CTRL,1,S1_CTRL_D1,2026-07-23T20:48:03,48.1,blink_e9kd,BLINK,comment,85,post_note,True,True,they,original,False
ev_6fzw82ow2v8,S1,CTRL,1,S1_CTRL_D1,2026-07-23T20:48:29,48.5,blink_e9kd,BLINK,comment,70,post_note,True,True,they,original,False
ev_5a8fsq28i62,S1,CTRL,1,S1_CTRL_D1,2026-07-23T20:48:35,48.6,blink_ahlg,BLINK,comment,80,post_note,True,True,they,original,True
ev_vhhdjnsf61h,S1,CTRL,1,S1_CTRL_D1,2026-07-23T20:51:28,51.5,blink_ahlg,BLINK,comment,80,post_note,True,True,they,original,True
ev_tdgl8ugywya,S1,CTRL,1,S1_CTRL_D1,2026-07-23T20:52:16,52.3,blink_ahlg,BLINK,comment,75,post_note,True,False,,original,True
ev_w2o8bg3kbne,S1,CTRL,1,S1_CTRL_D1,2026-07-23T20:52:22,52.4,blink_ahlg,BLINK,comment,90,post_note,True,True,named,original,True
ev_96szkvmjde3,S1,CTRL,1,S1_CTRL_D1,2026-07-23T20:54:27,54.5,army_ufvf,ARMY,comment,85,post_note,True,False,,original,False
ev_3by72akzjx9,S1,CTRL,1,S1_CTRL_D1,2026-07-23T20:55:53,55.9,army_ufvf,ARMY,comment,80,post_note,True,True,they,original,False
ev_z4vjbzlosc3,S1,CTRL,1,S1_CTRL_D1,2026-07-23T20:56:51,56.9,army_ol0f,ARMY,post,95,post_note,True,False,,original,False
ev_vsdu2y3vel9,S1,CTRL,1,S1_CTRL_D1,2026-07-23T20:56:59,57,army_ufvf,ARMY,comment,70,post_note,True,True,named,original,False
ev_fu0s8b1wjbj,S1,CTRL,1,S1_CTRL_D1,2026-07-23T20:57:32,57.5,army_ufvf,ARMY,post,95,post_note,True,True,they,original,False
ev_n3srcf4or5h,S1,CTRL,1,S1_CTRL_D1,2026-07-23T20:58:28,58.5,army_1svs,ARMY,post,80,post_note,True,False,,original,False
ev_cp0v9ct98j7,S1,CTRL,1,S1_CTRL_D1,2026-07-23T20:59:38,59.6,army_ufvf,ARMY,comment,90,post_note,True,True,named,original,False
ev_dzdcqokmdhc,S1,CTRL,2,S1_CTRL_D2,2026-07-24T20:00:52,0.9,army_1svs,ARMY,comment,65,day2_no_note,False,False,,original,False
ev_v19nbhkxsd1,S1,CTRL,2,S1_CTRL_D2,2026-07-24T20:01:43,1.7,blink_myqe,BLINK,post,70,day2_no_note,False,False,,original,False
ev_577xdb7qe2w,S1,CTRL,2,S1_CTRL_D2,2026-07-24T20:03:16,3.3,blink_ahlg,BLINK,comment,70,day2_no_note,False,False,,original,True
ev_od66x61mmtj,S1,CTRL,2,S1_CTRL_D2,2026-07-24T20:04:35,4.6,blink_myqe,BLINK,comment,85,day2_no_note,False,True,named,original,False
ev_t4yauni54vk,S1,CTRL,2,S1_CTRL_D2,2026-07-24T20:05:00,5,blink_ahlg,BLINK,post,100,day2_no_note,False,True,they,original,True
ev_76fnpzllk7f,S1,CTRL,2,S1_CTRL_D2,2026-07-24T20:06:14,6.2,blink_myqe,BLINK,comment,65,day2_no_note,False,False,,original,False
ev_8u0oxnsql4z,S1,CTRL,2,S1_CTRL_D2,2026-07-24T20:07:16,7.3,blink_ahlg,BLINK,comment,100,day2_no_note,False,True,they,original,True
ev_mzm4nb09shp,S1,CTRL,2,S1_CTRL_D2,2026-07-24T20:08:34,8.6,blink_ahlg,BLINK,comment,85,day2_no_note,False,False,,original,True
ev_n368ca0zjup,S1,CTRL,2,S1_CTRL_D2,2026-07-24T20:08:57,9,blink_e9kd,BLINK,comment,80,day2_no_note,False,True,they,original,False
ev_35f85jqc2fn,S1,CTRL,2,S1_CTRL_D2,2026-07-24T20:09:02,9,army_ufvf,ARMY,post,70,day2_no_note,False,True,they,original,False
ev_p5pb2zgjle2,S1,CTRL,2,S1_CTRL_D2,2026-07-24T20:09:58,10,blink_ahlg,BLINK,comment,85,day2_no_note,False,False,,original,True
ev_6xtgg2ozuow,S1,CTRL,2,S1_CTRL_D2,2026-07-24T20:11:31,11.5,blink_myqe,BLINK,comment,40,day2_no_note,False,True,they,original,False
ev_xl3uut81rel,S1,CTRL,2,S1_CTRL_D2,2026-07-24T20:11:39,11.7,blink_myqe,BLINK,comment,60,day2_no_note,False,False,,original,False
ev_ffdwio4spno,S1,CTRL,2,S1_CTRL_D2,2026-07-24T20:12:20,12.3,blink_ahlg,BLINK,comment,80,day2_no_note,False,False,,original,True
ev_vkgf9xilnot,S1,CTRL,2,S1_CTRL_D2,2026-07-24T20:12:22,12.4,army_1svs,ARMY,post,70,day2_no_note,False,True,they,original,False
ev_s3ze1qq905n,S1,CTRL,2,S1_CTRL_D2,2026-07-24T20:13:04,13.1,army_ufvf,ARMY,comment,85,day2_no_note,False,False,,original,False
ev_l0nxr0vf9sp,S1,CTRL,2,S1_CTRL_D2,2026-07-24T20:13:55,13.9,blink_e9kd,BLINK,comment,70,day2_no_note,False,True,they,original,False
ev_unqafiovlp8,S1,CTRL,2,S1_CTRL_D2,2026-07-24T20:13:56,13.9,blink_ahlg,BLINK,comment,70,day2_no_note,False,True,they,original,True
ev_bcaelds9zeo,S1,CTRL,2,S1_CTRL_D2,2026-07-24T20:14:46,14.8,blink_myqe,BLINK,comment,75,day2_no_note,False,True,they,original,False
ev_x3s4jgs1gpq,S1,CTRL,2,S1_CTRL_D2,2026-07-24T20:15:56,15.9,army_ol0f,ARMY,comment,80,day2_no_note,False,False,,original,False
ev_j67ibhkd3gw,S1,CTRL,2,S1_CTRL_D2,2026-07-24T20:16:18,16.3,blink_myqe,BLINK,comment,45,day2_no_note,False,False,,original,False
ev_tm3s7qgk5go,S1,CTRL,2,S1_CTRL_D2,2026-07-24T20:16:19,16.3,army_1svs,ARMY,post,55,day2_no_note,False,True,they,original,False
ev_gl2j6yjgkfi,S1,CTRL,2,S1_CTRL_D2,2026-07-24T20:17:36,17.6,blink_ahlg,BLINK,post,85,day2_no_note,False,False,,original,True
ev_drm10ixqewr,S1,CTRL,2,S1_CTRL_D2,2026-07-24T20:18:55,18.9,blink_e9kd,BLINK,comment,100,day2_no_note,False,False,,original,False
ev_1oijvzvbdq8,S1,CTRL,2,S1_CTRL_D2,2026-07-24T20:19:05,19.1,army_ol0f,ARMY,comment,85,day2_no_note,False,True,they,original,False
ev_y7612r9rkkd,S1,CTRL,2,S1_CTRL_D2,2026-07-24T20:19:20,19.3,blink_e9kd,BLINK,comment,75,day2_no_note,False,True,named,original,False
ev_k5ko03othux,S1,CTRL,2,S1_CTRL_D2,2026-07-24T20:19:20,19.3,blink_ahlg,BLINK,comment,80,day2_no_note,False,True,named,original,True
ev_ern4k18ogqy,S1,CTRL,2,S1_CTRL_D2,2026-07-24T20:20:05,20.1,blink_myqe,BLINK,comment,45,day2_no_note,False,True,they,original,False
ev_nzpdbvfdt2n,S1,CTRL,2,S1_CTRL_D2,2026-07-24T20:20:50,20.8,blink_myqe,BLINK,post,60,day2_no_note,False,True,they,original,False
ev_84e4nh9r10s,S1,CTRL,2,S1_CTRL_D2,2026-07-24T20:21:40,21.7,army_ufvf,ARMY,comment,70,day2_no_note,False,True,they,original,False
ev_2qlfcl1yjdx,S1,CTRL,2,S1_CTRL_D2,2026-07-24T20:22:15,22.3,blink_myqe,BLINK,comment,70,day2_no_note,False,False,,original,False
ev_gchqujcg3u2,S1,CTRL,2,S1_CTRL_D2,2026-07-24T20:22:17,22.3,army_ol0f,ARMY,comment,85,day2_no_note,False,True,they,original,False
ev_peswboet04e,S1,CTRL,2,S1_CTRL_D2,2026-07-24T20:22:58,23,blink_myqe,BLINK,comment,60,day2_no_note,False,False,,original,False
ev_lkddojc7vva,S1,CTRL,2,S1_CTRL_D2,2026-07-24T20:23:21,23.4,blink_ahlg,BLINK,comment,100,day2_no_note,False,True,they,original,True
ev_bhw7xc2f8lu,S1,CTRL,2,S1_CTRL_D2,2026-07-24T20:24:35,24.6,blink_ahlg,BLINK,comment,95,day2_no_note,False,True,they,original,True
ev_qthlwgii86h,S1,CTRL,2,S1_CTRL_D2,2026-07-24T20:24:49,24.8,blink_ahlg,BLINK,comment,75,day2_no_note,False,False,,original,True
ev_jqvunrymos8,S1,CTRL,2,S1_CTRL_D2,2026-07-24T20:24:52,24.9,blink_e9kd,BLINK,post,90,day2_no_note,False,False,,original,False
ev_kx3lla6e59b,S1,CTRL,2,S1_CTRL_D2,2026-07-24T20:25:47,25.8,army_ol0f,ARMY,comment,80,day2_no_note,False,True,they,original,False
ev_ye6xcq7ackq,S1,CTRL,2,S1_CTRL_D2,2026-07-24T20:26:05,26.1,army_ol0f,ARMY,comment,85,day2_no_note,False,False,,original,False
ev_b1ea5xqdhk0,S1,CTRL,2,S1_CTRL_D2,2026-07-24T20:26:11,26.2,blink_myqe,BLINK,comment,45,day2_no_note,False,False,,original,False
ev_yqs1x60gj59,S1,CTRL,2,S1_CTRL_D2,2026-07-24T20:26:54,26.9,army_ufvf,ARMY,comment,65,day2_no_note,False,False,,original,False
ev_ownm5alrcyb,S1,CTRL,2,S1_CTRL_D2,2026-07-24T20:27:19,27.3,army_ol0f,ARMY,comment,70,day2_no_note,False,False,,original,False
ev_o388x3w0cdy,S1,CTRL,2,S1_CTRL_D2,2026-07-24T20:28:16,28.3,army_ufvf,ARMY,comment,85,day2_no_note,False,True,they,original,False
ev_so0dunrrgca,S1,CTRL,2,S1_CTRL_D2,2026-07-24T20:29:29,29.5,blink_ahlg,BLINK,post,90,day2_no_note,False,True,they,original,True
ev_e1wql5ykgw0,S1,CTRL,2,S1_CTRL_D2,2026-07-24T20:30:12,30.2,army_ol0f,ARMY,comment,70,day2_no_note,False,False,,original,False
ev_cae38e3sxx3,S1,CTRL,2,S1_CTRL_D2,2026-07-24T20:31:06,31.1,army_1svs,ARMY,comment,75,day2_no_note,False,False,,original,False
ev_sojrz1f5f8i,S1,CTRL,2,S1_CTRL_D2,2026-07-24T20:31:55,31.9,army_1svs,ARMY,post,70,day2_no_note,False,True,they,original,False
ev_i3kbgeq4aqv,S1,CTRL,2,S1_CTRL_D2,2026-07-24T20:31:57,32,blink_ahlg,BLINK,post,75,day2_no_note,False,True,they,original,True
ev_rh0kpljppa1,S1,CTRL,2,S1_CTRL_D2,2026-07-24T20:32:19,32.3,blink_ahlg,BLINK,comment,90,day2_no_note,False,False,,original,True
ev_jzjmjrvzacu,S1,CTRL,2,S1_CTRL_D2,2026-07-24T20:32:38,32.6,blink_ahlg,BLINK,comment,100,day2_no_note,False,False,,original,True
ev_lk9w2hr1x0e,S1,CTRL,2,S1_CTRL_D2,2026-07-24T20:33:00,33,army_1svs,ARMY,comment,75,day2_no_note,False,False,,original,False
ev_qj942vk8m1f,S1,CTRL,2,S1_CTRL_D2,2026-07-24T20:33:21,33.4,army_ol0f,ARMY,post,100,day2_no_note,False,False,,original,False
ev_i8hwc8d19zs,S1,CTRL,2,S1_CTRL_D2,2026-07-24T20:33:30,33.5,army_ufvf,ARMY,comment,85,day2_no_note,False,False,,original,False
ev_t94cv1bc5ct,S1,CTRL,2,S1_CTRL_D2,2026-07-24T20:33:38,33.6,army_ufvf,ARMY,comment,50,day2_no_note,False,True,they,original,False
ev_hc84vpje9uv,S1,CTRL,2,S1_CTRL_D2,2026-07-24T20:33:49,33.8,army_ufvf,ARMY,comment,40,day2_no_note,False,True,named,original,False
ev_vaexz17j43a,S1,CTRL,2,S1_CTRL_D2,2026-07-24T20:34:21,34.4,army_ufvf,ARMY,post,50,day2_no_note,False,False,,original,False
ev_ddu0dge43rh,S1,CTRL,2,S1_CTRL_D2,2026-07-24T20:34:36,34.6,blink_myqe,BLINK,comment,65,day2_no_note,False,True,named,original,False
ev_jv2lv3t7oe5,S1,CTRL,2,S1_CTRL_D2,2026-07-24T20:34:59,35,army_1svs,ARMY,post,60,day2_no_note,False,True,they,original,False
ev_5n1fhfcb1to,S1,CTRL,2,S1_CTRL_D2,2026-07-24T20:35:35,35.6,army_1svs,ARMY,comment,85,day2_no_note,False,True,they,original,False
ev_95snueq15s7,S1,CTRL,2,S1_CTRL_D2,2026-07-24T20:36:38,36.6,army_ol0f,ARMY,comment,100,day2_no_note,False,False,,original,False
ev_sytow1rgt99,S1,CTRL,2,S1_CTRL_D2,2026-07-24T20:37:41,37.7,army_1svs,ARMY,comment,75,day2_no_note,False,False,,original,False
ev_mpk2gze23m4,S1,CTRL,2,S1_CTRL_D2,2026-07-24T20:39:13,39.2,blink_ahlg,BLINK,comment,80,day2_no_note,False,True,they,original,True
ev_ndp59nt8by3,S1,CTRL,2,S1_CTRL_D2,2026-07-24T20:39:38,39.6,blink_ahlg,BLINK,comment,100,day2_no_note,False,False,,original,True
ev_8vqa1jusq70,S1,CTRL,2,S1_CTRL_D2,2026-07-24T20:39:54,39.9,blink_ahlg,BLINK,comment,90,day2_no_note,False,False,,original,True
ev_0hxkqoyfrv4,S1,CTRL,2,S1_CTRL_D2,2026-07-24T20:40:32,40.5,blink_ahlg,BLINK,comment,65,day2_no_note,False,True,they,original,True
ev_1peyc85y6s8,S1,CTRL,2,S1_CTRL_D2,2026-07-24T20:40:40,40.7,army_ol0f,ARMY,comment,95,day2_no_note,False,False,,original,False
ev_mkavzganutr,S1,CTRL,2,S1_CTRL_D2,2026-07-24T20:40:56,40.9,army_1svs,ARMY,comment,50,day2_no_note,False,False,,original,False
ev_ftdung1adgv,S1,CTRL,2,S1_CTRL_D2,2026-07-24T20:42:22,42.4,blink_ahlg,BLINK,comment,95,day2_no_note,False,False,,original,True
ev_9uj0w0y7e1n,S1,CTRL,2,S1_CTRL_D2,2026-07-24T20:42:44,42.7,blink_e9kd,BLINK,comment,100,day2_no_note,False,True,they,original,False
ev_zqry8jdqjsx,S1,CTRL,2,S1_CTRL_D2,2026-07-24T20:42:49,42.8,blink_ahlg,BLINK,post,70,day2_no_note,False,False,,original,True
ev_v74wdb1qb63,S1,CTRL,2,S1_CTRL_D2,2026-07-24T20:42:45,42.8,blink_myqe,BLINK,comment,65,day2_no_note,False,True,they,original,False
ev_24hylhkhna5,S1,CTRL,2,S1_CTRL_D2,2026-07-24T20:44:16,44.3,blink_myqe,BLINK,comment,80,day2_no_note,False,True,named,original,False
ev_7e3tx9chaop,S1,CTRL,2,S1_CTRL_D2,2026-07-24T20:44:35,44.6,army_1svs,ARMY,comment,65,day2_no_note,False,False,,original,False
ev_n1xn3ldjer6,S1,CTRL,2,S1_CTRL_D2,2026-07-24T20:45:20,45.3,blink_ahlg,BLINK,comment,65,day2_no_note,False,False,,original,True
ev_6358puiqz6m,S1,CTRL,2,S1_CTRL_D2,2026-07-24T20:46:00,46,army_ufvf,ARMY,comment,70,day2_no_note,False,True,they,original,False
ev_kj51jw9omwa,S1,CTRL,2,S1_CTRL_D2,2026-07-24T20:46:58,47,blink_e9kd,BLINK,comment,100,day2_no_note,False,True,they,original,False
ev_u4vtzpddhey,S1,CTRL,2,S1_CTRL_D2,2026-07-24T20:47:07,47.1,blink_e9kd,BLINK,comment,100,day2_no_note,False,True,they,original,False
ev_fjasgt9lc0w,S1,CTRL,2,S1_CTRL_D2,2026-07-24T20:48:42,48.7,army_ol0f,ARMY,comment,95,day2_no_note,False,True,named,original,False
ev_ykpj2wzf3o0,S1,CTRL,2,S1_CTRL_D2,2026-07-24T20:49:04,49.1,blink_ahlg,BLINK,comment,100,day2_no_note,False,False,,original,True
ev_dj990tp8it4,S1,CTRL,2,S1_CTRL_D2,2026-07-24T20:50:02,50,army_ufvf,ARMY,post,65,day2_no_note,False,True,they,original,False
ev_2x5qm0fn6k5,S1,CTRL,2,S1_CTRL_D2,2026-07-24T20:50:04,50.1,blink_ahlg,BLINK,post,90,day2_no_note,False,True,they,original,True
ev_tnzm7kxd2pb,S1,CTRL,2,S1_CTRL_D2,2026-07-24T20:51:18,51.3,blink_ahlg,BLINK,comment,75,day2_no_note,False,False,,original,True
ev_hguws97y01i,S1,CTRL,2,S1_CTRL_D2,2026-07-24T20:51:55,51.9,army_ol0f,ARMY,comment,60,day2_no_note,False,False,,original,False
ev_aogj7e8dl72,S1,CTRL,2,S1_CTRL_D2,2026-07-24T20:52:01,52,blink_e9kd,BLINK,comment,90,day2_no_note,False,False,,original,False
ev_bg0e4z7onr4,S1,CTRL,2,S1_CTRL_D2,2026-07-24T20:52:05,52.1,blink_e9kd,BLINK,comment,90,day2_no_note,False,True,they,original,False
ev_fk3gqzoowbw,S1,CTRL,2,S1_CTRL_D2,2026-07-24T20:54:10,54.2,blink_ahlg,BLINK,comment,95,day2_no_note,False,False,,original,True
ev_m58b2aeh6e0,S1,CTRL,2,S1_CTRL_D2,2026-07-24T20:55:03,55.1,army_1svs,ARMY,comment,60,day2_no_note,False,True,they,original,False
ev_y6gccl38e9g,S1,CTRL,2,S1_CTRL_D2,2026-07-24T20:55:22,55.4,blink_ahlg,BLINK,comment,95,day2_no_note,False,True,they,original,True
ev_0ly9zpkogxn,S1,CTRL,2,S1_CTRL_D2,2026-07-24T20:55:34,55.6,army_ol0f,ARMY,comment,90,day2_no_note,False,True,named,original,False
ev_bgmc8f0osp1,S1,CTRL,2,S1_CTRL_D2,2026-07-24T20:57:26,57.4,blink_ahlg,BLINK,post,65,day2_no_note,False,True,named,original,True
ev_vrgt2b9o0fs,S1,CTRL,2,S1_CTRL_D2,2026-07-24T20:58:16,58.3,army_1svs,ARMY,comment,95,day2_no_note,False,False,,original,False
ev_bf9rcqph14l,S1,CTRL,2,S1_CTRL_D2,2026-07-24T20:58:37,58.6,army_1svs,ARMY,comment,80,day2_no_note,False,True,they,original,False
ev_7f95nnawdoy,S1,CTRL,2,S1_CTRL_D2,2026-07-24T20:59:46,59.8,blink_ahlg,BLINK,comment,70,day2_no_note,False,True,they,original,True
ev_hc86huxz5b7,S2,CTRL,1,S2_CTRL_D1,2026-07-23T20:00:38,0.6,army_jqct,ARMY,comment,35,pre_note,True,True,they,original,False
ev_eoc1vcvknfz,S2,CTRL,1,S2_CTRL_D1,2026-07-23T20:00:42,0.7,blink_b9ce,BLINK,comment,30,pre_note,True,True,they,original,True
ev_to52c2tvvzk,S2,CTRL,1,S2_CTRL_D1,2026-07-23T20:01:18,1.3,blink_b9ce,BLINK,post,30,pre_note,True,False,,original,True
ev_w6ndx6c10hw,S2,CTRL,1,S2_CTRL_D1,2026-07-23T20:01:26,1.4,army_vn1l,ARMY,post,25,pre_note,True,False,,original,False
ev_89gx0ls52du,S2,CTRL,1,S2_CTRL_D1,2026-07-23T20:01:31,1.5,army_jqct,ARMY,post,25,pre_note,True,True,they,original,False
ev_9mbvsq29o2v,S2,CTRL,1,S2_CTRL_D1,2026-07-23T20:01:41,1.7,army_jqct,ARMY,comment,70,pre_note,True,True,they,original,False
ev_z0gpc8mtw9y,S2,CTRL,1,S2_CTRL_D1,2026-07-23T20:02:11,2.2,blink_b9ce,BLINK,post,30,pre_note,True,True,named,original,True
ev_s5226hmokg9,S2,CTRL,1,S2_CTRL_D1,2026-07-23T20:02:50,2.8,army_jqct,ARMY,comment,35,pre_note,True,False,,original,False
ev_maocmrf1065,S2,CTRL,1,S2_CTRL_D1,2026-07-23T20:03:48,3.8,army_svwi,ARMY,comment,10,pre_note,True,False,,original,False
ev_fmi1z45hp99,S2,CTRL,1,S2_CTRL_D1,2026-07-23T20:04:10,4.2,army_jqct,ARMY,post,30,pre_note,True,True,they,original,False
ev_xjhl60bzus4,S2,CTRL,1,S2_CTRL_D1,2026-07-23T20:05:13,5.2,blink_gxa5,BLINK,post,25,pre_note,True,True,they,original,False
ev_t9co5fj1x9u,S2,CTRL,1,S2_CTRL_D1,2026-07-23T20:05:11,5.2,blink_1asp,BLINK,post,65,pre_note,True,True,they,original,False
ev_b3mgrfeje48,S2,CTRL,1,S2_CTRL_D1,2026-07-23T20:05:24,5.4,blink_b9ce,BLINK,comment,50,pre_note,True,False,,original,True
ev_yaplgim99px,S2,CTRL,1,S2_CTRL_D1,2026-07-23T20:08:36,8.6,blink_1asp,BLINK,post,45,pre_note,True,False,,original,False
ev_slp9jm77tef,S2,CTRL,1,S2_CTRL_D1,2026-07-23T20:08:37,8.6,blink_b9ce,BLINK,comment,45,pre_note,True,False,,original,True
ev_qihigm5v6oz,S2,CTRL,1,S2_CTRL_D1,2026-07-23T20:09:08,9.1,blink_b9ce,BLINK,comment,25,pre_note,True,True,they,original,True
ev_ho45qv3imt7,S2,CTRL,1,S2_CTRL_D1,2026-07-23T20:10:39,10.7,blink_b9ce,BLINK,comment,20,pre_note,True,False,,original,True
ev_tkgg4a9vjwc,S2,CTRL,1,S2_CTRL_D1,2026-07-23T20:10:48,10.8,army_vn1l,ARMY,post,55,pre_note,True,True,they,original,False
ev_8q7s0z3r12d,S2,CTRL,1,S2_CTRL_D1,2026-07-23T20:12:36,12.6,blink_b9ce,BLINK,post,45,pre_note,True,True,they,original,True
ev_c5tx2yt0er0,S2,CTRL,1,S2_CTRL_D1,2026-07-23T20:12:52,12.9,army_svwi,ARMY,comment,45,pre_note,True,False,,original,False
ev_q2aafbok8sk,S2,CTRL,1,S2_CTRL_D1,2026-07-23T20:13:14,13.2,blink_b9ce,BLINK,post,45,pre_note,True,False,,original,True
ev_wgsbjgw4kbr,S2,CTRL,1,S2_CTRL_D1,2026-07-23T20:13:50,13.8,blink_b9ce,BLINK,comment,30,pre_note,True,True,they,original,True
ev_qf4b5ypqvh1,S2,CTRL,1,S2_CTRL_D1,2026-07-23T20:14:13,14.2,blink_1asp,BLINK,comment,20,pre_note,True,True,they,original,False
ev_jrexk356ldy,S2,CTRL,1,S2_CTRL_D1,2026-07-23T20:14:38,14.6,army_vn1l,ARMY,comment,40,pre_note,True,True,they,original,False
ev_7csqdsxvqin,S2,CTRL,1,S2_CTRL_D1,2026-07-23T20:14:53,14.9,army_jqct,ARMY,comment,35,pre_note,True,False,,original,False
ev_tkyil2sdwys,S2,CTRL,1,S2_CTRL_D1,2026-07-23T20:15:30,15.5,army_svwi,ARMY,comment,70,pre_note,True,True,they,original,False
ev_k98rfsuq51u,S2,CTRL,1,S2_CTRL_D1,2026-07-23T20:15:31,15.5,blink_gxa5,BLINK,post,55,pre_note,True,False,,original,False
ev_hhmojg127bt,S2,CTRL,1,S2_CTRL_D1,2026-07-23T20:15:34,15.6,blink_b9ce,BLINK,comment,65,pre_note,True,True,they,original,True
ev_u0k7n1xzls4,S2,CTRL,1,S2_CTRL_D1,2026-07-23T20:16:07,16.1,army_jqct,ARMY,comment,50,pre_note,True,True,they,original,False
ev_3i4s1yxli2v,S2,CTRL,1,S2_CTRL_D1,2026-07-23T20:16:33,16.6,blink_b9ce,BLINK,comment,25,pre_note,True,True,named,original,True
ev_32hp8wq4l1g,S2,CTRL,1,S2_CTRL_D1,2026-07-23T20:17:18,17.3,army_jqct,ARMY,comment,45,pre_note,True,False,,original,False
ev_kcr8v892en9,S2,CTRL,1,S2_CTRL_D1,2026-07-23T20:18:58,19,blink_b9ce,BLINK,comment,20,pre_note,True,True,named,original,True
ev_32ayygy91cr,S2,CTRL,1,S2_CTRL_D1,2026-07-23T20:19:11,19.2,blink_b9ce,BLINK,post,45,pre_note,True,True,they,original,True
ev_8n516v3f46p,S2,CTRL,1,S2_CTRL_D1,2026-07-23T20:19:23,19.4,army_jqct,ARMY,comment,45,pre_note,True,True,named,original,False
ev_nomzq7ocvrd,S2,CTRL,1,S2_CTRL_D1,2026-07-23T20:19:24,19.4,blink_b9ce,BLINK,comment,40,pre_note,True,False,,original,True
ev_723jgy28qdn,S2,CTRL,1,S2_CTRL_D1,2026-07-23T20:19:48,19.8,army_svwi,ARMY,post,50,pre_note,True,True,they,original,False
ev_sqm1xltjdth,S2,CTRL,1,S2_CTRL_D1,2026-07-23T20:20:43,20.7,blink_b9ce,BLINK,post,40,pre_note,True,False,,original,True
ev_lao1tkt43th,S2,CTRL,1,S2_CTRL_D1,2026-07-23T20:21:19,21.3,blink_1asp,BLINK,comment,40,pre_note,True,True,they,original,False
ev_qh50jg78aad,S2,CTRL,1,S2_CTRL_D1,2026-07-23T20:21:59,22,blink_b9ce,BLINK,comment,15,pre_note,True,True,they,original,True
ev_v3bx79ful2u,S2,CTRL,1,S2_CTRL_D1,2026-07-23T20:22:22,22.4,blink_1asp,BLINK,post,45,pre_note,True,True,they,original,False
ev_9xv1odxfqiq,S2,CTRL,1,S2_CTRL_D1,2026-07-23T20:23:08,23.1,blink_b9ce,BLINK,post,45,pre_note,True,False,,original,True
ev_f7q4bje1iqj,S2,CTRL,1,S2_CTRL_D1,2026-07-23T20:24:13,24.2,blink_b9ce,BLINK,post,75,pre_note,True,True,they,original,True
ev_egw5d5nlgin,S2,CTRL,1,S2_CTRL_D1,2026-07-23T20:25:31,25.5,blink_b9ce,BLINK,comment,45,pre_note,True,True,named,original,True
ev_ef9uixpigzt,S2,CTRL,1,S2_CTRL_D1,2026-07-23T20:26:13,26.2,blink_gxa5,BLINK,comment,55,pre_note,True,False,,original,False
ev_1wqzte66ude,S2,CTRL,1,S2_CTRL_D1,2026-07-23T20:27:18,27.3,army_jqct,ARMY,comment,70,pre_note,True,True,they,original,False
ev_b2wxe8j5gkc,S2,CTRL,1,S2_CTRL_D1,2026-07-23T20:27:32,27.5,blink_1asp,BLINK,comment,70,pre_note,True,False,,original,False
ev_6u9zcuohsah,S2,CTRL,1,S2_CTRL_D1,2026-07-23T20:28:38,28.6,blink_b9ce,BLINK,comment,60,pre_note,True,True,they,original,True
ev_psw02771fq7,S2,CTRL,1,S2_CTRL_D1,2026-07-23T20:29:00,29,blink_b9ce,BLINK,comment,55,pre_note,True,False,,original,True
ev_yp4bgnj9yzb,S2,CTRL,1,S2_CTRL_D1,2026-07-23T20:29:17,29.3,blink_b9ce,BLINK,comment,45,pre_note,True,True,they,original,True
ev_9b1f3bwwy0e,S2,CTRL,1,S2_CTRL_D1,2026-07-23T20:29:33,29.6,army_jqct,ARMY,comment,45,pre_note,True,True,they,original,False
ev_u6k8pkjsj82,S2,CTRL,1,S2_CTRL_D1,2026-07-23T20:33:05,33.1,army_svwi,ARMY,comment,55,pre_note,True,False,,original,False
ev_liom8jowebr,S2,CTRL,1,S2_CTRL_D1,2026-07-23T20:34:50,34.8,army_svwi,ARMY,comment,65,pre_note,True,False,,original,False
ev_obru0rhzvvf,S2,CTRL,1,S2_CTRL_D1,2026-07-23T20:35:33,35.6,blink_1asp,BLINK,comment,45,post_note,True,False,,note_task,False
ev_xq0zw84f24n,S2,CTRL,1,S2_CTRL_D1,2026-07-23T20:36:56,36.9,blink_b9ce,BLINK,post,65,post_note,True,True,they,note_task,True
ev_kd0lrh0yqw9,S2,CTRL,1,S2_CTRL_D1,2026-07-23T20:37:05,37.1,blink_b9ce,BLINK,comment,70,post_note,True,True,named,original,True
ev_yx8bb0fudd6,S2,CTRL,1,S2_CTRL_D1,2026-07-23T20:37:14,37.2,army_vn1l,ARMY,comment,55,post_note,True,True,they,original,False
ev_3b25n7ogzb4,S2,CTRL,1,S2_CTRL_D1,2026-07-23T20:38:22,38.4,blink_b9ce,BLINK,comment,65,post_note,True,True,they,original,True
ev_avo21rxa70e,S2,CTRL,1,S2_CTRL_D1,2026-07-23T20:38:49,38.8,blink_b9ce,BLINK,post,75,post_note,True,True,they,original,True
ev_smli99tyrqv,S2,CTRL,1,S2_CTRL_D1,2026-07-23T20:39:01,39,blink_b9ce,BLINK,post,55,post_note,True,False,,original,True
ev_ag6j7owxwxs,S2,CTRL,1,S2_CTRL_D1,2026-07-23T20:39:05,39.1,army_jqct,ARMY,post,45,post_note,True,False,,original,False
ev_k1ydilh2kyp,S2,CTRL,1,S2_CTRL_D1,2026-07-23T20:40:06,40.1,army_svwi,ARMY,comment,75,post_note,True,False,,original,False
ev_wpl5emcgv6b,S2,CTRL,1,S2_CTRL_D1,2026-07-23T20:40:07,40.1,army_svwi,ARMY,comment,95,post_note,True,True,they,original,False
ev_mb52y6a1038,S2,CTRL,1,S2_CTRL_D1,2026-07-23T20:40:06,40.1,army_vn1l,ARMY,comment,95,post_note,True,False,,original,False
ev_b2sir5cctbo,S2,CTRL,1,S2_CTRL_D1,2026-07-23T20:42:47,42.8,blink_1asp,BLINK,comment,75,post_note,True,False,,original,False
ev_4ieok0yy3nl,S2,CTRL,1,S2_CTRL_D1,2026-07-23T20:44:27,44.5,blink_b9ce,BLINK,post,60,post_note,True,True,named,original,True
ev_3elkmdza43q,S2,CTRL,1,S2_CTRL_D1,2026-07-23T20:44:46,44.8,blink_1asp,BLINK,comment,85,post_note,True,True,they,original,False
ev_8jwawmf313y,S2,CTRL,1,S2_CTRL_D1,2026-07-23T20:45:16,45.3,blink_b9ce,BLINK,comment,75,post_note,True,False,,original,True
ev_24jomchj2lr,S2,CTRL,1,S2_CTRL_D1,2026-07-23T20:45:54,45.9,blink_b9ce,BLINK,post,60,post_note,True,False,,original,True
ev_su22c6gloeh,S2,CTRL,1,S2_CTRL_D1,2026-07-23T20:45:52,45.9,army_jqct,ARMY,comment,75,post_note,True,False,,original,False
ev_lwxeugefpd6,S2,CTRL,1,S2_CTRL_D1,2026-07-23T20:46:50,46.8,blink_1asp,BLINK,comment,75,post_note,True,True,they,original,False
ev_bw3uica8h13,S2,CTRL,1,S2_CTRL_D1,2026-07-23T20:47:46,47.8,blink_1asp,BLINK,comment,75,post_note,True,False,,original,False
ev_vhifsmaowje,S2,CTRL,1,S2_CTRL_D1,2026-07-23T20:48:21,48.4,blink_b9ce,BLINK,post,90,post_note,True,False,,original,True
ev_w8cob0nv5q6,S2,CTRL,1,S2_CTRL_D1,2026-07-23T20:48:26,48.4,blink_b9ce,BLINK,comment,65,post_note,True,False,,original,True
ev_xv2g4scmyi1,S2,CTRL,1,S2_CTRL_D1,2026-07-23T20:48:53,48.9,army_jqct,ARMY,comment,75,post_note,True,False,,original,False
ev_d85zhy9q5v5,S2,CTRL,1,S2_CTRL_D1,2026-07-23T20:49:08,49.1,blink_1asp,BLINK,comment,60,post_note,True,True,they,original,False
ev_e35y4k05aho,S2,CTRL,1,S2_CTRL_D1,2026-07-23T20:49:54,49.9,blink_b9ce,BLINK,comment,70,post_note,True,True,they,original,True
ev_7sptcxr9hhe,S2,CTRL,1,S2_CTRL_D1,2026-07-23T20:50:16,50.3,army_jqct,ARMY,comment,70,post_note,True,False,,original,False
ev_2xqaiod6812,S2,CTRL,1,S2_CTRL_D1,2026-07-23T20:50:28,50.5,army_vn1l,ARMY,comment,80,post_note,True,True,they,original,False
ev_i3me1ghghw3,S2,CTRL,1,S2_CTRL_D1,2026-07-23T20:50:46,50.8,army_svwi,ARMY,post,90,post_note,True,True,they,original,False
ev_tzjkk1pflkw,S2,CTRL,1,S2_CTRL_D1,2026-07-23T20:50:58,51,blink_b9ce,BLINK,comment,80,post_note,True,False,,original,True
ev_0uc3z406p3q,S2,CTRL,1,S2_CTRL_D1,2026-07-23T20:51:24,51.4,blink_b9ce,BLINK,comment,75,post_note,True,False,,original,True
ev_292p5abzkzn,S2,CTRL,1,S2_CTRL_D1,2026-07-23T20:52:05,52.1,blink_b9ce,BLINK,comment,65,post_note,True,True,they,original,True
ev_qfpz94e173n,S2,CTRL,1,S2_CTRL_D1,2026-07-23T20:52:33,52.6,blink_gxa5,BLINK,comment,65,post_note,True,True,named,original,False
ev_czmo6fc2cfh,S2,CTRL,1,S2_CTRL_D1,2026-07-23T20:53:54,53.9,blink_1asp,BLINK,comment,80,post_note,True,True,they,original,False
ev_9hwbno5ljqg,S2,CTRL,1,S2_CTRL_D1,2026-07-23T20:53:59,54,army_vn1l,ARMY,post,60,post_note,True,True,they,original,False
ev_vory5awoyav,S2,CTRL,1,S2_CTRL_D1,2026-07-23T20:54:31,54.5,army_vn1l,ARMY,post,50,post_note,True,False,,original,False
ev_mxov4ox0f21,S2,CTRL,1,S2_CTRL_D1,2026-07-23T20:56:17,56.3,blink_b9ce,BLINK,post,95,post_note,True,True,named,original,True
ev_ch0se20w08m,S2,CTRL,1,S2_CTRL_D1,2026-07-23T20:57:51,57.9,blink_b9ce,BLINK,comment,80,post_note,True,True,they,original,True
ev_1z9488s8n75,S2,CTRL,1,S2_CTRL_D1,2026-07-23T20:58:55,58.9,army_jqct,ARMY,comment,65,post_note,True,False,,original,False
ev_r5rwfcigc3d,S2,CTRL,1,S2_CTRL_D1,2026-07-23T20:58:57,59,blink_b9ce,BLINK,post,65,post_note,True,True,they,original,True
ev_33ij7lm0dva,S2,CTRL,1,S2_CTRL_D1,2026-07-23T20:59:06,59.1,army_svwi,ARMY,comment,95,post_note,True,True,they,original,False
ev_06l074r3ttf,S2,CTRL,2,S2_CTRL_D2,2026-07-24T20:00:18,0.3,blink_1asp,BLINK,comment,70,day2_no_note,False,True,they,original,False
ev_xal6qaljwo3,S2,CTRL,2,S2_CTRL_D2,2026-07-24T20:00:54,0.9,blink_b9ce,BLINK,comment,65,day2_no_note,False,False,,original,True
ev_c7qelil91i4,S2,CTRL,2,S2_CTRL_D2,2026-07-24T20:01:22,1.4,blink_b9ce,BLINK,comment,70,day2_no_note,False,False,,original,True
ev_7svtzw3k4mk,S2,CTRL,2,S2_CTRL_D2,2026-07-24T20:03:18,3.3,blink_b9ce,BLINK,post,70,day2_no_note,False,True,they,original,True
ev_mmbduq1129a,S2,CTRL,2,S2_CTRL_D2,2026-07-24T20:03:47,3.8,blink_gxa5,BLINK,comment,95,day2_no_note,False,False,,original,False
ev_00c458hkhmj,S2,CTRL,2,S2_CTRL_D2,2026-07-24T20:04:24,4.4,army_jqct,ARMY,post,80,day2_no_note,False,True,named,original,False
ev_046y5tpm3wp,S2,CTRL,2,S2_CTRL_D2,2026-07-24T20:04:35,4.6,blink_gxa5,BLINK,comment,70,day2_no_note,False,True,they,original,False
ev_ggjivzxcx7e,S2,CTRL,2,S2_CTRL_D2,2026-07-24T20:05:04,5.1,army_jqct,ARMY,comment,75,day2_no_note,False,True,they,original,False
ev_5kpwc2mvqi3,S2,CTRL,2,S2_CTRL_D2,2026-07-24T20:05:18,5.3,army_vn1l,ARMY,comment,85,day2_no_note,False,False,,original,False
ev_b5q2xf5diom,S2,CTRL,2,S2_CTRL_D2,2026-07-24T20:05:42,5.7,army_svwi,ARMY,comment,60,day2_no_note,False,True,they,original,False
ev_at5pf51rchb,S2,CTRL,2,S2_CTRL_D2,2026-07-24T20:05:51,5.9,army_vn1l,ARMY,comment,65,day2_no_note,False,False,,original,False
ev_96srqjnkziw,S2,CTRL,2,S2_CTRL_D2,2026-07-24T20:06:10,6.2,army_vn1l,ARMY,comment,75,day2_no_note,False,False,,original,False
ev_22b3paaem58,S2,CTRL,2,S2_CTRL_D2,2026-07-24T20:06:42,6.7,blink_b9ce,BLINK,post,75,day2_no_note,False,False,,original,True
ev_2zisib2arox,S2,CTRL,2,S2_CTRL_D2,2026-07-24T20:07:37,7.6,blink_b9ce,BLINK,post,60,day2_no_note,False,False,,original,True
ev_o7s6bz8lp2g,S2,CTRL,2,S2_CTRL_D2,2026-07-24T20:08:09,8.2,blink_b9ce,BLINK,comment,75,day2_no_note,False,True,they,original,True
ev_cqfy24ntgr7,S2,CTRL,2,S2_CTRL_D2,2026-07-24T20:08:47,8.8,army_jqct,ARMY,post,60,day2_no_note,False,True,they,original,False
ev_45c1zgo8lp2,S2,CTRL,2,S2_CTRL_D2,2026-07-24T20:09:19,9.3,army_vn1l,ARMY,comment,55,day2_no_note,False,False,,original,False
ev_yv9qr5u6cus,S2,CTRL,2,S2_CTRL_D2,2026-07-24T20:09:34,9.6,blink_b9ce,BLINK,comment,55,day2_no_note,False,True,they,original,True
ev_0exrsbdwm8s,S2,CTRL,2,S2_CTRL_D2,2026-07-24T20:09:48,9.8,blink_b9ce,BLINK,comment,80,day2_no_note,False,True,they,original,True
ev_dj4sevj8szj,S2,CTRL,2,S2_CTRL_D2,2026-07-24T20:11:57,12,army_svwi,ARMY,comment,85,day2_no_note,False,True,they,original,False
ev_pbv30h1a79o,S2,CTRL,2,S2_CTRL_D2,2026-07-24T20:12:32,12.5,blink_1asp,BLINK,post,75,day2_no_note,False,True,named,original,False
ev_wbcahrp60xy,S2,CTRL,2,S2_CTRL_D2,2026-07-24T20:12:38,12.6,blink_b9ce,BLINK,comment,50,day2_no_note,False,False,,original,True
ev_z0j8hrxp758,S2,CTRL,2,S2_CTRL_D2,2026-07-24T20:13:43,13.7,blink_gxa5,BLINK,comment,70,day2_no_note,False,False,,original,False
ev_kis2gz4zecb,S2,CTRL,2,S2_CTRL_D2,2026-07-24T20:14:15,14.3,blink_b9ce,BLINK,comment,60,day2_no_note,False,False,,original,True
ev_yp4a6ev904g,S2,CTRL,2,S2_CTRL_D2,2026-07-24T20:15:29,15.5,army_vn1l,ARMY,post,60,day2_no_note,False,False,,original,False
ev_lwk1d2pfpaq,S2,CTRL,2,S2_CTRL_D2,2026-07-24T20:16:42,16.7,army_vn1l,ARMY,comment,90,day2_no_note,False,False,,original,False
ev_91j93wcd1fd,S2,CTRL,2,S2_CTRL_D2,2026-07-24T20:17:01,17,blink_b9ce,BLINK,comment,60,day2_no_note,False,False,,original,True
ev_v3mwlcefrrb,S2,CTRL,2,S2_CTRL_D2,2026-07-24T20:17:49,17.8,army_svwi,ARMY,comment,55,day2_no_note,False,True,they,original,False
ev_lthy44oblj2,S2,CTRL,2,S2_CTRL_D2,2026-07-24T20:17:57,18,blink_b9ce,BLINK,post,55,day2_no_note,False,False,,original,True
ev_16dp5h8v700,S2,CTRL,2,S2_CTRL_D2,2026-07-24T20:18:03,18.1,blink_b9ce,BLINK,comment,75,day2_no_note,False,True,they,original,True
ev_wyy8qgvmq3x,S2,CTRL,2,S2_CTRL_D2,2026-07-24T20:18:39,18.7,blink_b9ce,BLINK,comment,75,day2_no_note,False,True,they,original,True
ev_z6i4l5vfrsa,S2,CTRL,2,S2_CTRL_D2,2026-07-24T20:19:07,19.1,army_vn1l,ARMY,comment,70,day2_no_note,False,True,named,original,False
ev_a8pnb4q89cs,S2,CTRL,2,S2_CTRL_D2,2026-07-24T20:19:20,19.3,blink_b9ce,BLINK,post,95,day2_no_note,False,True,they,original,True
ev_f1je3nmb3r6,S2,CTRL,2,S2_CTRL_D2,2026-07-24T20:19:43,19.7,blink_b9ce,BLINK,comment,85,day2_no_note,False,False,,original,True
ev_ldcypwzqjup,S2,CTRL,2,S2_CTRL_D2,2026-07-24T20:19:51,19.9,blink_b9ce,BLINK,post,65,day2_no_note,False,False,,original,True
ev_ofr6cadbwx5,S2,CTRL,2,S2_CTRL_D2,2026-07-24T20:20:22,20.4,army_svwi,ARMY,comment,95,day2_no_note,False,False,,original,False
ev_4mwh1t8z65u,S2,CTRL,2,S2_CTRL_D2,2026-07-24T20:20:30,20.5,army_jqct,ARMY,comment,65,day2_no_note,False,True,named,original,False
ev_i3mrmu5ppwj,S2,CTRL,2,S2_CTRL_D2,2026-07-24T20:20:32,20.5,army_vn1l,ARMY,comment,55,day2_no_note,False,True,they,original,False
ev_ivs91v1ez4k,S2,CTRL,2,S2_CTRL_D2,2026-07-24T20:20:55,20.9,blink_1asp,BLINK,post,70,day2_no_note,False,False,,original,False
ev_7eihzeuorre,S2,CTRL,2,S2_CTRL_D2,2026-07-24T20:20:57,21,blink_b9ce,BLINK,comment,55,day2_no_note,False,True,named,original,True
ev_uffujrqzzc5,S2,CTRL,2,S2_CTRL_D2,2026-07-24T20:21:56,21.9,blink_b9ce,BLINK,comment,70,day2_no_note,False,True,they,original,True
ev_gkhyx84h0e5,S2,CTRL,2,S2_CTRL_D2,2026-07-24T20:22:03,22.1,army_jqct,ARMY,comment,85,day2_no_note,False,False,,original,False
ev_pax29u1p1be,S2,CTRL,2,S2_CTRL_D2,2026-07-24T20:22:23,22.4,army_svwi,ARMY,comment,95,day2_no_note,False,False,,original,False
ev_074wqytjth2,S2,CTRL,2,S2_CTRL_D2,2026-07-24T20:22:35,22.6,blink_1asp,BLINK,comment,40,day2_no_note,False,False,,original,False
ev_r6ui6zbfspd,S2,CTRL,2,S2_CTRL_D2,2026-07-24T20:23:20,23.3,blink_b9ce,BLINK,comment,75,day2_no_note,False,True,they,original,True
ev_2qqqm27snlt,S2,CTRL,2,S2_CTRL_D2,2026-07-24T20:23:18,23.3,blink_gxa5,BLINK,comment,100,day2_no_note,False,True,they,original,False
ev_n26olryq11z,S2,CTRL,2,S2_CTRL_D2,2026-07-24T20:23:54,23.9,blink_gxa5,BLINK,comment,90,day2_no_note,False,True,they,original,False
ev_sip8spx7hy2,S2,CTRL,2,S2_CTRL_D2,2026-07-24T20:25:26,25.4,blink_gxa5,BLINK,comment,65,day2_no_note,False,True,they,original,False
ev_yf5hst9ojjf,S2,CTRL,2,S2_CTRL_D2,2026-07-24T20:26:08,26.1,blink_b9ce,BLINK,comment,60,day2_no_note,False,True,named,original,True
ev_we4sj4k3nyo,S2,CTRL,2,S2_CTRL_D2,2026-07-24T20:27:24,27.4,army_jqct,ARMY,comment,65,day2_no_note,False,True,they,original,False
ev_xwx6vmt2m3m,S2,CTRL,2,S2_CTRL_D2,2026-07-24T20:27:32,27.5,blink_b9ce,BLINK,post,95,day2_no_note,False,True,they,original,True
ev_rrtitr7u744,S2,CTRL,2,S2_CTRL_D2,2026-07-24T20:27:33,27.6,blink_b9ce,BLINK,comment,65,day2_no_note,False,False,,original,True
ev_azhvna7j8jo,S2,CTRL,2,S2_CTRL_D2,2026-07-24T20:28:46,28.8,army_jqct,ARMY,comment,75,day2_no_note,False,False,,original,False
ev_iavzs69auq0,S2,CTRL,2,S2_CTRL_D2,2026-07-24T20:31:25,31.4,blink_b9ce,BLINK,comment,85,day2_no_note,False,False,,original,True
ev_t3v2taryu57,S2,CTRL,2,S2_CTRL_D2,2026-07-24T20:31:25,31.4,blink_b9ce,BLINK,comment,65,day2_no_note,False,True,they,original,True
ev_3iubsmfonjw,S2,CTRL,2,S2_CTRL_D2,2026-07-24T20:31:47,31.8,blink_b9ce,BLINK,comment,85,day2_no_note,False,True,they,original,True
ev_2eyjlffk18d,S2,CTRL,2,S2_CTRL_D2,2026-07-24T20:32:39,32.7,blink_b9ce,BLINK,post,60,day2_no_note,False,False,,original,True
ev_6hzqn3pyrco,S2,CTRL,2,S2_CTRL_D2,2026-07-24T20:33:32,33.5,blink_1asp,BLINK,comment,85,day2_no_note,False,False,,original,False
ev_i423k9xwwbw,S2,CTRL,2,S2_CTRL_D2,2026-07-24T20:33:46,33.8,blink_b9ce,BLINK,post,70,day2_no_note,False,False,,original,True
ev_n5bdgrs1uxj,S2,CTRL,2,S2_CTRL_D2,2026-07-24T20:34:09,34.2,blink_b9ce,BLINK,comment,80,day2_no_note,False,True,named,original,True
ev_dbalqxr6h2i,S2,CTRL,2,S2_CTRL_D2,2026-07-24T20:34:49,34.8,blink_b9ce,BLINK,comment,65,day2_no_note,False,True,they,original,True
ev_bwacnj0b7a7,S2,CTRL,2,S2_CTRL_D2,2026-07-24T20:35:02,35,blink_b9ce,BLINK,comment,50,day2_no_note,False,False,,original,True
ev_5graj03ovvk,S2,CTRL,2,S2_CTRL_D2,2026-07-24T20:36:16,36.3,blink_b9ce,BLINK,comment,45,day2_no_note,False,True,they,original,True
ev_yldb0wcilez,S2,CTRL,2,S2_CTRL_D2,2026-07-24T20:36:39,36.7,blink_b9ce,BLINK,comment,70,day2_no_note,False,False,,original,True
ev_vcro9wj56ea,S2,CTRL,2,S2_CTRL_D2,2026-07-24T20:38:10,38.2,blink_b9ce,BLINK,post,85,day2_no_note,False,True,named,original,True
ev_pwg95dco7zb,S2,CTRL,2,S2_CTRL_D2,2026-07-24T20:38:16,38.3,blink_b9ce,BLINK,comment,65,day2_no_note,False,True,they,original,True
ev_a32yjrw31fi,S2,CTRL,2,S2_CTRL_D2,2026-07-24T20:38:54,38.9,blink_b9ce,BLINK,post,75,day2_no_note,False,False,,original,True
ev_nnlg2h8xga1,S2,CTRL,2,S2_CTRL_D2,2026-07-24T20:39:05,39.1,army_svwi,ARMY,comment,70,day2_no_note,False,False,,original,False
ev_vwmkhbke4z1,S2,CTRL,2,S2_CTRL_D2,2026-07-24T20:41:14,41.2,blink_b9ce,BLINK,comment,100,day2_no_note,False,True,they,original,True
ev_6n84a08iuqr,S2,CTRL,2,S2_CTRL_D2,2026-07-24T20:41:11,41.2,blink_gxa5,BLINK,comment,80,day2_no_note,False,True,they,original,False
ev_qw0kknkmgkv,S2,CTRL,2,S2_CTRL_D2,2026-07-24T20:42:02,42,blink_b9ce,BLINK,comment,75,day2_no_note,False,False,,original,True
ev_2izr0m33kxf,S2,CTRL,2,S2_CTRL_D2,2026-07-24T20:42:06,42.1,army_jqct,ARMY,post,100,day2_no_note,False,True,they,original,False
ev_k3q2fvx5hqy,S2,CTRL,2,S2_CTRL_D2,2026-07-24T20:42:37,42.6,blink_b9ce,BLINK,comment,85,day2_no_note,False,False,,original,True
ev_5oqzbzq4li7,S2,CTRL,2,S2_CTRL_D2,2026-07-24T20:43:02,43,army_svwi,ARMY,comment,80,day2_no_note,False,True,named,original,False
ev_srzkenjkvy2,S2,CTRL,2,S2_CTRL_D2,2026-07-24T20:43:34,43.6,blink_gxa5,BLINK,comment,100,day2_no_note,False,False,,original,False
ev_er2zk4ou3gi,S2,CTRL,2,S2_CTRL_D2,2026-07-24T20:46:06,46.1,blink_b9ce,BLINK,comment,85,day2_no_note,False,True,they,original,True
ev_wp535glg81k,S2,CTRL,2,S2_CTRL_D2,2026-07-24T20:48:24,48.4,blink_gxa5,BLINK,comment,80,day2_no_note,False,True,they,original,False
ev_i391jbptf7f,S2,CTRL,2,S2_CTRL_D2,2026-07-24T20:50:49,50.8,blink_b9ce,BLINK,comment,75,day2_no_note,False,True,they,original,True
ev_okz38wuwpim,S2,CTRL,2,S2_CTRL_D2,2026-07-24T20:51:00,51,army_vn1l,ARMY,comment,50,day2_no_note,False,False,,original,False
ev_8dq7ca75vuy,S2,CTRL,2,S2_CTRL_D2,2026-07-24T20:51:31,51.5,blink_b9ce,BLINK,comment,85,day2_no_note,False,True,they,original,True
ev_jl9di70cxbc,S2,CTRL,2,S2_CTRL_D2,2026-07-24T20:51:31,51.5,blink_b9ce,BLINK,comment,85,day2_no_note,False,False,,original,True
ev_8tnfrmxfatx,S2,CTRL,2,S2_CTRL_D2,2026-07-24T20:52:55,52.9,army_jqct,ARMY,comment,65,day2_no_note,False,False,,original,False
ev_4on4muoyji9,S2,CTRL,2,S2_CTRL_D2,2026-07-24T20:53:02,53,blink_b9ce,BLINK,comment,65,day2_no_note,False,True,they,original,True
ev_6199uzrfwrb,S2,CTRL,2,S2_CTRL_D2,2026-07-24T20:53:08,53.1,blink_gxa5,BLINK,comment,100,day2_no_note,False,False,,original,False
ev_s7bbv5bq3l3,S2,CTRL,2,S2_CTRL_D2,2026-07-24T20:53:50,53.8,blink_b9ce,BLINK,comment,80,day2_no_note,False,True,they,original,True
ev_sbeger5r33t,S2,CTRL,2,S2_CTRL_D2,2026-07-24T20:54:10,54.2,army_svwi,ARMY,comment,90,day2_no_note,False,False,,original,False
ev_fozox33o41k,S2,CTRL,2,S2_CTRL_D2,2026-07-24T20:55:27,55.5,army_vn1l,ARMY,comment,85,day2_no_note,False,False,,original,False
ev_zvoxaninmje,S2,CTRL,2,S2_CTRL_D2,2026-07-24T20:55:48,55.8,blink_gxa5,BLINK,comment,90,day2_no_note,False,True,they,original,False
ev_sh5pukb8x2c,S2,CTRL,2,S2_CTRL_D2,2026-07-24T20:57:26,57.4,blink_1asp,BLINK,post,45,day2_no_note,False,False,,original,False
ev_wdlemicvfhv,S2,CTRL,2,S2_CTRL_D2,2026-07-24T20:58:20,58.3,blink_gxa5,BLINK,post,75,day2_no_note,False,False,,original,False
ev_beayhg50o3w,S3,CTRL,1,S3_CTRL_D1,2026-07-23T20:00:37,0.6,blink_jkg8,BLINK,comment,10,pre_note,True,False,,original,True
ev_78btaovtlve,S3,CTRL,1,S3_CTRL_D1,2026-07-23T20:01:10,1.2,army_bwxe,ARMY,comment,20,pre_note,True,False,,original,False
ev_wfsl2r1trca,S3,CTRL,1,S3_CTRL_D1,2026-07-23T20:01:19,1.3,blink_jkg8,BLINK,comment,0,pre_note,True,True,they,original,True
ev_2jlwtj9a8e4,S3,CTRL,1,S3_CTRL_D1,2026-07-23T20:01:36,1.6,blink_0leb,BLINK,comment,30,pre_note,True,True,named,original,False
ev_fyxzbaxeswk,S3,CTRL,1,S3_CTRL_D1,2026-07-23T20:02:24,2.4,blink_jkg8,BLINK,comment,20,pre_note,True,False,,original,True
ev_gcp9wn3nxhm,S3,CTRL,1,S3_CTRL_D1,2026-07-23T20:02:35,2.6,blink_kpbs,BLINK,comment,25,pre_note,True,True,they,original,False
ev_bl1ep09ib4t,S3,CTRL,1,S3_CTRL_D1,2026-07-23T20:04:35,4.6,blink_jkg8,BLINK,comment,15,pre_note,True,True,they,original,True
ev_p668bo6j5hg,S3,CTRL,1,S3_CTRL_D1,2026-07-23T20:05:55,5.9,army_megp,ARMY,comment,0,pre_note,True,True,they,original,False
ev_vop6ae3phwy,S3,CTRL,1,S3_CTRL_D1,2026-07-23T20:06:21,6.4,blink_0leb,BLINK,comment,30,pre_note,True,False,,original,False
ev_2fgmlt45ftr,S3,CTRL,1,S3_CTRL_D1,2026-07-23T20:06:50,6.8,blink_jkg8,BLINK,comment,30,pre_note,True,True,they,original,True
ev_64rwm5446wy,S3,CTRL,1,S3_CTRL_D1,2026-07-23T20:13:13,13.2,blink_jkg8,BLINK,comment,5,pre_note,True,True,they,original,True
ev_ug14swlpuwp,S3,CTRL,1,S3_CTRL_D1,2026-07-23T20:13:27,13.5,blink_jkg8,BLINK,post,15,pre_note,True,True,they,original,True
ev_rd36kfqhg61,S3,CTRL,1,S3_CTRL_D1,2026-07-23T20:13:42,13.7,army_tw1j,ARMY,post,25,pre_note,True,True,they,original,False
ev_j4px0lrss9r,S3,CTRL,1,S3_CTRL_D1,2026-07-23T20:13:48,13.8,blink_jkg8,BLINK,comment,10,pre_note,True,False,,original,True
ev_fxqgiwmu1f4,S3,CTRL,1,S3_CTRL_D1,2026-07-23T20:16:09,16.2,blink_jkg8,BLINK,comment,10,pre_note,True,True,they,original,True
ev_w4hfcht8dad,S3,CTRL,1,S3_CTRL_D1,2026-07-23T20:16:22,16.4,blink_kpbs,BLINK,comment,25,pre_note,True,True,named,original,False
ev_lqhspwm64dy,S3,CTRL,1,S3_CTRL_D1,2026-07-23T20:16:28,16.5,army_bwxe,ARMY,comment,25,pre_note,True,True,they,original,False
ev_95240vzo5l4,S3,CTRL,1,S3_CTRL_D1,2026-07-23T20:17:04,17.1,army_bwxe,ARMY,comment,40,pre_note,True,True,they,original,False
ev_gngt5ieb7fz,S3,CTRL,1,S3_CTRL_D1,2026-07-23T20:17:07,17.1,blink_jkg8,BLINK,comment,30,pre_note,True,False,,original,True
ev_gf4jzek06tt,S3,CTRL,1,S3_CTRL_D1,2026-07-23T20:17:27,17.5,blink_jkg8,BLINK,comment,30,pre_note,True,True,named,original,True
ev_5r4okuoiggp,S3,CTRL,1,S3_CTRL_D1,2026-07-23T20:19:32,19.5,army_megp,ARMY,post,65,pre_note,True,True,they,original,False
ev_q5jj3m83ka6,S3,CTRL,1,S3_CTRL_D1,2026-07-23T20:19:28,19.5,army_tw1j,ARMY,comment,70,pre_note,True,True,named,original,False
ev_qh1hof8e53p,S3,CTRL,1,S3_CTRL_D1,2026-07-23T20:20:42,20.7,blink_jkg8,BLINK,post,20,pre_note,True,True,they,original,True
ev_8t5u8iwejyd,S3,CTRL,1,S3_CTRL_D1,2026-07-23T20:21:53,21.9,blink_jkg8,BLINK,comment,35,pre_note,True,True,they,original,True
ev_4hocloipxkz,S3,CTRL,1,S3_CTRL_D1,2026-07-23T20:23:39,23.7,army_megp,ARMY,comment,45,pre_note,True,True,they,original,False
ev_65n7ij5mlbu,S3,CTRL,1,S3_CTRL_D1,2026-07-23T20:25:36,25.6,blink_jkg8,BLINK,comment,35,pre_note,True,False,,original,True
ev_pqqczmj9euo,S3,CTRL,1,S3_CTRL_D1,2026-07-23T20:25:48,25.8,army_tw1j,ARMY,comment,50,pre_note,True,False,,original,False
ev_3phnrzecjqx,S3,CTRL,1,S3_CTRL_D1,2026-07-23T20:25:49,25.8,army_megp,ARMY,post,55,pre_note,True,True,they,original,False
ev_b8yg7xti2lq,S3,CTRL,1,S3_CTRL_D1,2026-07-23T20:26:36,26.6,blink_kpbs,BLINK,comment,40,pre_note,True,True,they,original,False
ev_x0j92nei7gu,S3,CTRL,1,S3_CTRL_D1,2026-07-23T20:28:05,28.1,army_megp,ARMY,comment,30,pre_note,True,False,,original,False
ev_pwc37fdsnia,S3,CTRL,1,S3_CTRL_D1,2026-07-23T20:28:04,28.1,blink_kpbs,BLINK,comment,65,pre_note,True,True,they,original,False
ev_je3xxi385h1,S3,CTRL,1,S3_CTRL_D1,2026-07-23T20:28:57,29,blink_0leb,BLINK,post,50,pre_note,True,False,,original,False
ev_65owco8fw0i,S3,CTRL,1,S3_CTRL_D1,2026-07-23T20:29:49,29.8,army_tw1j,ARMY,comment,50,pre_note,True,True,they,original,False
ev_nlzdy3s5851,S3,CTRL,1,S3_CTRL_D1,2026-07-23T20:30:07,30.1,blink_jkg8,BLINK,comment,25,pre_note,True,True,they,original,True
ev_osmbgs2c5v0,S3,CTRL,1,S3_CTRL_D1,2026-07-23T20:30:12,30.2,army_megp,ARMY,comment,60,pre_note,True,False,,original,False
ev_e09l1h23n63,S3,CTRL,1,S3_CTRL_D1,2026-07-23T20:30:37,30.6,blink_kpbs,BLINK,comment,65,pre_note,True,True,named,original,False
ev_3cyzzts0f5d,S3,CTRL,1,S3_CTRL_D1,2026-07-23T20:32:07,32.1,blink_jkg8,BLINK,comment,20,pre_note,True,False,,original,True
ev_qhqflt3ab8i,S3,CTRL,1,S3_CTRL_D1,2026-07-23T20:33:01,33,army_tw1j,ARMY,comment,70,pre_note,True,True,they,original,False
ev_ta3lcp9htbj,S3,CTRL,1,S3_CTRL_D1,2026-07-23T20:34:04,34.1,blink_jkg8,BLINK,comment,50,pre_note,True,True,they,original,True
ev_ljewbqf7uyf,S3,CTRL,1,S3_CTRL_D1,2026-07-23T20:34:41,34.7,blink_jkg8,BLINK,comment,65,pre_note,True,True,named,original,True
ev_jg5s32sboxc,S3,CTRL,1,S3_CTRL_D1,2026-07-23T20:35:14,35.2,blink_0leb,BLINK,comment,60,post_note,True,False,,note_task,False
ev_hmbmsdsnc43,S3,CTRL,1,S3_CTRL_D1,2026-07-23T20:35:22,35.4,army_bwxe,ARMY,comment,40,post_note,True,True,they,note_task,False
ev_qifonwuh87m,S3,CTRL,1,S3_CTRL_D1,2026-07-23T20:35:33,35.6,blink_jkg8,BLINK,comment,60,post_note,True,False,,note_task,True
ev_b96gx9w512j,S3,CTRL,1,S3_CTRL_D1,2026-07-23T20:35:54,35.9,blink_jkg8,BLINK,comment,30,post_note,True,False,,note_task,True
ev_o9z9x0brbnd,S3,CTRL,1,S3_CTRL_D1,2026-07-23T20:35:57,36,blink_kpbs,BLINK,comment,50,post_note,True,True,they,note_task,False
ev_kczuy1mv1n7,S3,CTRL,1,S3_CTRL_D1,2026-07-23T20:37:56,37.9,blink_jkg8,BLINK,comment,55,post_note,True,True,named,original,True
ev_yx3g3kyp1vm,S3,CTRL,1,S3_CTRL_D1,2026-07-23T20:37:55,37.9,army_megp,ARMY,comment,55,post_note,True,False,,original,False
ev_ihx44yfjgtm,S3,CTRL,1,S3_CTRL_D1,2026-07-23T20:37:58,38,blink_jkg8,BLINK,comment,35,post_note,True,False,,original,True
ev_6whjr5ndjzf,S3,CTRL,1,S3_CTRL_D1,2026-07-23T20:39:14,39.2,blink_jkg8,BLINK,comment,45,post_note,True,False,,original,True
ev_u1cs15fnjia,S3,CTRL,1,S3_CTRL_D1,2026-07-23T20:39:39,39.7,blink_0leb,BLINK,comment,60,post_note,True,True,they,original,False
ev_51yrtrt9mmt,S3,CTRL,1,S3_CTRL_D1,2026-07-23T20:40:34,40.6,army_tw1j,ARMY,comment,70,post_note,True,False,,original,False
ev_9ree957dyx2,S3,CTRL,1,S3_CTRL_D1,2026-07-23T20:41:07,41.1,blink_jkg8,BLINK,post,75,post_note,True,False,,original,True
ev_fnrn4hw0h9w,S3,CTRL,1,S3_CTRL_D1,2026-07-23T20:41:03,41.1,blink_kpbs,BLINK,comment,80,post_note,True,True,named,original,False
ev_8nmou99g393,S3,CTRL,1,S3_CTRL_D1,2026-07-23T20:41:09,41.2,blink_jkg8,BLINK,comment,45,post_note,True,True,they,original,True
ev_od9l4cgjfo0,S3,CTRL,1,S3_CTRL_D1,2026-07-23T20:41:38,41.6,blink_0leb,BLINK,comment,70,post_note,True,True,they,original,False
ev_w4p5qi8wxb4,S3,CTRL,1,S3_CTRL_D1,2026-07-23T20:41:39,41.7,blink_jkg8,BLINK,comment,50,post_note,True,False,,original,True
ev_fn5k5k99btp,S3,CTRL,1,S3_CTRL_D1,2026-07-23T20:42:43,42.7,army_megp,ARMY,comment,65,post_note,True,False,,original,False
ev_qjqb6evn23o,S3,CTRL,1,S3_CTRL_D1,2026-07-23T20:42:53,42.9,army_bwxe,ARMY,comment,75,post_note,True,True,they,original,False
ev_q11ag58jq17,S3,CTRL,1,S3_CTRL_D1,2026-07-23T20:42:59,43,blink_jkg8,BLINK,comment,55,post_note,True,False,,original,True
ev_rqb8ybumi4f,S3,CTRL,1,S3_CTRL_D1,2026-07-23T20:43:01,43,army_tw1j,ARMY,comment,35,post_note,True,False,,original,False
ev_0zzv9ff6s30,S3,CTRL,1,S3_CTRL_D1,2026-07-23T20:43:09,43.2,blink_jkg8,BLINK,comment,35,post_note,True,True,they,original,True
ev_gsfh39ehnje,S3,CTRL,1,S3_CTRL_D1,2026-07-23T20:45:20,45.3,army_bwxe,ARMY,comment,80,post_note,True,False,,original,False
ev_vst4rj5nyrr,S3,CTRL,1,S3_CTRL_D1,2026-07-23T20:45:54,45.9,blink_jkg8,BLINK,post,40,post_note,True,True,they,original,True
ev_8baqwf17bee,S3,CTRL,1,S3_CTRL_D1,2026-07-23T20:46:00,46,blink_jkg8,BLINK,comment,80,post_note,True,False,,original,True
ev_ok2fp2zw68t,S3,CTRL,1,S3_CTRL_D1,2026-07-23T20:46:18,46.3,blink_jkg8,BLINK,post,80,post_note,True,True,they,original,True
ev_n2fud6u6pco,S3,CTRL,1,S3_CTRL_D1,2026-07-23T20:47:20,47.3,blink_0leb,BLINK,comment,60,post_note,True,True,they,original,False
ev_prue7ogt22r,S3,CTRL,1,S3_CTRL_D1,2026-07-23T20:47:49,47.8,army_bwxe,ARMY,post,70,post_note,True,False,,original,False
ev_d9y6m1wq4cl,S3,CTRL,1,S3_CTRL_D1,2026-07-23T20:48:53,48.9,blink_jkg8,BLINK,comment,60,post_note,True,False,,original,True
ev_p2z2muwh2nq,S3,CTRL,1,S3_CTRL_D1,2026-07-23T20:49:03,49.1,army_bwxe,ARMY,comment,70,post_note,True,True,they,original,False
ev_cqgwtz30tls,S3,CTRL,1,S3_CTRL_D1,2026-07-23T20:49:29,49.5,blink_0leb,BLINK,comment,60,post_note,True,True,they,original,False
ev_rq3fjycyyus,S3,CTRL,1,S3_CTRL_D1,2026-07-23T20:49:59,50,blink_jkg8,BLINK,comment,40,post_note,True,True,named,original,True
ev_1kfde47vzkk,S3,CTRL,1,S3_CTRL_D1,2026-07-23T20:50:28,50.5,army_bwxe,ARMY,comment,65,post_note,True,False,,original,False
ev_6ryebjtpcaj,S3,CTRL,1,S3_CTRL_D1,2026-07-23T20:51:04,51.1,blink_jkg8,BLINK,comment,45,post_note,True,True,they,original,True
ev_8ny6q3dwh4c,S3,CTRL,1,S3_CTRL_D1,2026-07-23T20:53:26,53.4,army_bwxe,ARMY,comment,45,post_note,True,False,,original,False
ev_ulqf0xb38py,S3,CTRL,1,S3_CTRL_D1,2026-07-23T20:53:57,54,blink_kpbs,BLINK,comment,80,post_note,True,True,they,original,False
ev_jaqm3em8xr1,S3,CTRL,1,S3_CTRL_D1,2026-07-23T20:54:49,54.8,blink_jkg8,BLINK,comment,95,post_note,True,False,,original,True
ev_2blggzuhcgd,S3,CTRL,1,S3_CTRL_D1,2026-07-23T20:55:17,55.3,army_tw1j,ARMY,comment,90,post_note,True,True,they,original,False
ev_7zb1e8i73nb,S3,CTRL,1,S3_CTRL_D1,2026-07-23T20:55:26,55.4,army_tw1j,ARMY,comment,40,post_note,True,False,,original,False
ev_kon03ccti2z,S3,CTRL,1,S3_CTRL_D1,2026-07-23T20:56:44,56.7,blink_jkg8,BLINK,comment,50,post_note,True,True,they,original,True
ev_hitefgov77r,S3,CTRL,1,S3_CTRL_D1,2026-07-23T20:56:54,56.9,army_tw1j,ARMY,post,80,post_note,True,False,,original,False
ev_6es54aaha0o,S3,CTRL,1,S3_CTRL_D1,2026-07-23T20:59:32,59.5,army_tw1j,ARMY,comment,60,post_note,True,False,,original,False
ev_mfc4xyhn7jt,S3,CTRL,1,S3_CTRL_D1,2026-07-23T20:59:37,59.6,blink_0leb,BLINK,comment,85,post_note,True,True,named,original,False
ev_p48d0p94zel,S3,CTRL,1,S3_CTRL_D1,2026-07-23T20:59:48,59.8,army_bwxe,ARMY,comment,95,post_note,True,False,,original,False
ev_jbbkpi7u5wh,S3,CTRL,2,S3_CTRL_D2,2026-07-24T20:00:01,0,army_megp,ARMY,comment,50,day2_no_note,False,True,they,original,False
ev_fqfb0k8n7es,S3,CTRL,2,S3_CTRL_D2,2026-07-24T20:00:05,0.1,blink_kpbs,BLINK,comment,60,day2_no_note,False,False,,original,False
ev_wpi9hotr4ec,S3,CTRL,2,S3_CTRL_D2,2026-07-24T20:00:15,0.3,blink_jkg8,BLINK,comment,50,day2_no_note,False,True,they,original,True
ev_2gx1dkcus00,S3,CTRL,2,S3_CTRL_D2,2026-07-24T20:00:27,0.5,blink_jkg8,BLINK,comment,50,day2_no_note,False,False,,original,True
ev_jli83d9dhdg,S3,CTRL,2,S3_CTRL_D2,2026-07-24T20:01:18,1.3,blink_0leb,BLINK,comment,45,day2_no_note,False,False,,original,False
ev_iw1d20wgjq3,S3,CTRL,2,S3_CTRL_D2,2026-07-24T20:02:07,2.1,army_megp,ARMY,comment,60,day2_no_note,False,True,they,original,False
ev_1j0pimd40i4,S3,CTRL,2,S3_CTRL_D2,2026-07-24T20:02:44,2.7,army_megp,ARMY,post,70,day2_no_note,False,False,,original,False
ev_5fg65vf59i5,S3,CTRL,2,S3_CTRL_D2,2026-07-24T20:03:30,3.5,blink_kpbs,BLINK,comment,45,day2_no_note,False,True,they,original,False
ev_yje32iwt7xy,S3,CTRL,2,S3_CTRL_D2,2026-07-24T20:03:28,3.5,army_tw1j,ARMY,comment,70,day2_no_note,False,False,,original,False
ev_9cfsriwbx95,S3,CTRL,2,S3_CTRL_D2,2026-07-24T20:04:04,4.1,army_megp,ARMY,post,60,day2_no_note,False,False,,original,False
ev_u1adj7pzakh,S3,CTRL,2,S3_CTRL_D2,2026-07-24T20:04:26,4.4,blink_0leb,BLINK,comment,65,day2_no_note,False,True,they,original,False
ev_fvflmgp6os9,S3,CTRL,2,S3_CTRL_D2,2026-07-24T20:04:31,4.5,blink_kpbs,BLINK,comment,70,day2_no_note,False,False,,original,False
ev_svt7puu3den,S3,CTRL,2,S3_CTRL_D2,2026-07-24T20:04:43,4.7,blink_jkg8,BLINK,post,35,day2_no_note,False,False,,original,True
ev_vbolc4piuqc,S3,CTRL,2,S3_CTRL_D2,2026-07-24T20:04:49,4.8,blink_jkg8,BLINK,comment,30,day2_no_note,False,True,named,original,True
ev_zktvvq0ma7q,S3,CTRL,2,S3_CTRL_D2,2026-07-24T20:05:04,5.1,army_bwxe,ARMY,comment,85,day2_no_note,False,False,,original,False
ev_70x08jl13of,S3,CTRL,2,S3_CTRL_D2,2026-07-24T20:05:32,5.5,blink_jkg8,BLINK,comment,50,day2_no_note,False,False,,original,True
ev_ctxgp3seuc4,S3,CTRL,2,S3_CTRL_D2,2026-07-24T20:05:56,5.9,army_tw1j,ARMY,comment,60,day2_no_note,False,True,named,original,False
ev_cv97eza8tzy,S3,CTRL,2,S3_CTRL_D2,2026-07-24T20:06:03,6.1,blink_0leb,BLINK,post,75,day2_no_note,False,False,,original,False
ev_mfsw0d9xqzq,S3,CTRL,2,S3_CTRL_D2,2026-07-24T20:06:15,6.3,blink_jkg8,BLINK,comment,50,day2_no_note,False,True,named,original,True
ev_tbkn3rkl95x,S3,CTRL,2,S3_CTRL_D2,2026-07-24T20:06:19,6.3,blink_jkg8,BLINK,comment,65,day2_no_note,False,True,they,original,True
ev_7am52vjt9ps,S3,CTRL,2,S3_CTRL_D2,2026-07-24T20:06:54,6.9,army_tw1j,ARMY,comment,65,day2_no_note,False,True,they,original,False
ev_fpkzq4mcrah,S3,CTRL,2,S3_CTRL_D2,2026-07-24T20:07:37,7.6,blink_jkg8,BLINK,comment,50,day2_no_note,False,True,they,original,True
ev_yjoufz4lb7u,S3,CTRL,2,S3_CTRL_D2,2026-07-24T20:07:53,7.9,army_megp,ARMY,comment,80,day2_no_note,False,True,they,original,False
ev_9s8itiy4puz,S3,CTRL,2,S3_CTRL_D2,2026-07-24T20:08:28,8.5,blink_kpbs,BLINK,comment,65,day2_no_note,False,True,they,original,False
ev_56m0tls9al3,S3,CTRL,2,S3_CTRL_D2,2026-07-24T20:08:51,8.9,army_megp,ARMY,comment,45,day2_no_note,False,True,they,original,False
ev_jbnq3grq97e,S3,CTRL,2,S3_CTRL_D2,2026-07-24T20:11:14,11.2,blink_jkg8,BLINK,comment,40,day2_no_note,False,False,,original,True
ev_qw163zuwup1,S3,CTRL,2,S3_CTRL_D2,2026-07-24T20:11:44,11.7,army_tw1j,ARMY,comment,45,day2_no_note,False,True,they,original,False
ev_5jj8se6voma,S3,CTRL,2,S3_CTRL_D2,2026-07-24T20:12:25,12.4,army_megp,ARMY,post,45,day2_no_note,False,True,they,original,False
ev_2t7muaco6xr,S3,CTRL,2,S3_CTRL_D2,2026-07-24T20:14:24,14.4,blink_jkg8,BLINK,comment,20,day2_no_note,False,False,,original,True
ev_vpg5vx8s3ie,S3,CTRL,2,S3_CTRL_D2,2026-07-24T20:15:08,15.1,blink_jkg8,BLINK,comment,65,day2_no_note,False,True,they,original,True
ev_gd6ghjyor5e,S3,CTRL,2,S3_CTRL_D2,2026-07-24T20:16:37,16.6,blink_kpbs,BLINK,post,80,day2_no_note,False,False,,original,False
ev_icm72543ak8,S3,CTRL,2,S3_CTRL_D2,2026-07-24T20:16:42,16.7,blink_jkg8,BLINK,comment,60,day2_no_note,False,False,,original,True
ev_tf8h5l2ux7z,S3,CTRL,2,S3_CTRL_D2,2026-07-24T20:16:57,17,blink_kpbs,BLINK,post,55,day2_no_note,False,True,they,original,False
ev_iirj6yxkede,S3,CTRL,2,S3_CTRL_D2,2026-07-24T20:17:01,17,blink_jkg8,BLINK,comment,40,day2_no_note,False,True,they,original,True
ev_2gqgwz43rmq,S3,CTRL,2,S3_CTRL_D2,2026-07-24T20:17:32,17.5,blink_0leb,BLINK,comment,85,day2_no_note,False,True,they,original,False
ev_sfcqr2xv09n,S3,CTRL,2,S3_CTRL_D2,2026-07-24T20:17:35,17.6,blink_0leb,BLINK,comment,70,day2_no_note,False,False,,original,False
ev_f0o59byv24l,S3,CTRL,2,S3_CTRL_D2,2026-07-24T20:17:44,17.7,blink_kpbs,BLINK,comment,80,day2_no_note,False,True,they,original,False
ev_juoy53bf0w7,S3,CTRL,2,S3_CTRL_D2,2026-07-24T20:18:18,18.3,army_bwxe,ARMY,post,80,day2_no_note,False,False,,original,False
ev_oehvxqeor1r,S3,CTRL,2,S3_CTRL_D2,2026-07-24T20:18:28,18.5,blink_0leb,BLINK,post,65,day2_no_note,False,True,they,original,False
ev_wci0h5w1ugo,S3,CTRL,2,S3_CTRL_D2,2026-07-24T20:18:39,18.7,army_bwxe,ARMY,comment,70,day2_no_note,False,False,,original,False
ev_e6dpxmz981c,S3,CTRL,2,S3_CTRL_D2,2026-07-24T20:19:11,19.2,blink_jkg8,BLINK,comment,55,day2_no_note,False,True,they,original,True
ev_1sgzyeqi5ic,S3,CTRL,2,S3_CTRL_D2,2026-07-24T20:20:21,20.4,blink_kpbs,BLINK,comment,55,day2_no_note,False,True,named,original,False
ev_32fxass21a1,S3,CTRL,2,S3_CTRL_D2,2026-07-24T20:23:38,23.6,blink_jkg8,BLINK,post,85,day2_no_note,False,True,they,original,True
ev_l6pb8g1vvt4,S3,CTRL,2,S3_CTRL_D2,2026-07-24T20:25:13,25.2,army_tw1j,ARMY,comment,70,day2_no_note,False,True,they,original,False
ev_jyjoeiu5cgj,S3,CTRL,2,S3_CTRL_D2,2026-07-24T20:26:44,26.7,army_megp,ARMY,comment,60,day2_no_note,False,True,they,original,False
ev_o43fhr2pide,S3,CTRL,2,S3_CTRL_D2,2026-07-24T20:26:40,26.7,blink_jkg8,BLINK,comment,70,day2_no_note,False,True,they,original,True
ev_0madq35ay2u,S3,CTRL,2,S3_CTRL_D2,2026-07-24T20:27:28,27.5,blink_jkg8,BLINK,comment,40,day2_no_note,False,True,they,original,True
ev_xgbkp0x8jss,S3,CTRL,2,S3_CTRL_D2,2026-07-24T20:27:51,27.9,army_megp,ARMY,post,45,day2_no_note,False,True,named,original,False
ev_kviclypm3gv,S3,CTRL,2,S3_CTRL_D2,2026-07-24T20:28:13,28.2,blink_jkg8,BLINK,comment,65,day2_no_note,False,True,they,original,True
ev_23zzfyte1nk,S3,CTRL,2,S3_CTRL_D2,2026-07-24T20:29:31,29.5,blink_jkg8,BLINK,comment,55,day2_no_note,False,True,they,original,True
ev_xd6okfyr7u3,S3,CTRL,2,S3_CTRL_D2,2026-07-24T20:29:34,29.6,blink_0leb,BLINK,comment,65,day2_no_note,False,True,named,original,False
ev_h52nsi37yh2,S3,CTRL,2,S3_CTRL_D2,2026-07-24T20:29:58,30,army_tw1j,ARMY,comment,45,day2_no_note,False,True,named,original,False
ev_xo5372onrl5,S3,CTRL,2,S3_CTRL_D2,2026-07-24T20:30:53,30.9,blink_jkg8,BLINK,comment,55,day2_no_note,False,True,named,original,True
ev_i5w09qvoifn,S3,CTRL,2,S3_CTRL_D2,2026-07-24T20:32:00,32,army_megp,ARMY,comment,50,day2_no_note,False,True,they,original,False
ev_9ke1b3odd21,S3,CTRL,2,S3_CTRL_D2,2026-07-24T20:32:56,32.9,blink_jkg8,BLINK,comment,30,day2_no_note,False,True,they,original,True
ev_9gr43t9gki5,S3,CTRL,2,S3_CTRL_D2,2026-07-24T20:33:17,33.3,blink_0leb,BLINK,comment,75,day2_no_note,False,True,they,original,False
ev_fler1gloe6y,S3,CTRL,2,S3_CTRL_D2,2026-07-24T20:33:30,33.5,army_tw1j,ARMY,post,60,day2_no_note,False,True,they,original,False
ev_rmkbsep939a,S3,CTRL,2,S3_CTRL_D2,2026-07-24T20:34:23,34.4,blink_0leb,BLINK,comment,55,day2_no_note,False,False,,original,False
ev_n154zmkrd6s,S3,CTRL,2,S3_CTRL_D2,2026-07-24T20:34:32,34.5,blink_kpbs,BLINK,comment,70,day2_no_note,False,True,they,original,False
ev_dtuab8cphob,S3,CTRL,2,S3_CTRL_D2,2026-07-24T20:34:42,34.7,army_bwxe,ARMY,comment,55,day2_no_note,False,True,they,original,False
ev_br8badfskgb,S3,CTRL,2,S3_CTRL_D2,2026-07-24T20:34:40,34.7,blink_jkg8,BLINK,post,60,day2_no_note,False,True,they,original,True
ev_dm4bshnz4x3,S3,CTRL,2,S3_CTRL_D2,2026-07-24T20:34:43,34.7,blink_0leb,BLINK,comment,55,day2_no_note,False,False,,original,False
ev_3faohjjfczh,S3,CTRL,2,S3_CTRL_D2,2026-07-24T20:35:01,35,army_megp,ARMY,comment,30,day2_no_note,False,True,they,original,False
ev_fpzpfecr0pv,S3,CTRL,2,S3_CTRL_D2,2026-07-24T20:35:56,35.9,army_tw1j,ARMY,post,60,day2_no_note,False,False,,original,False
ev_buy9c3196l6,S3,CTRL,2,S3_CTRL_D2,2026-07-24T20:36:23,36.4,blink_kpbs,BLINK,comment,40,day2_no_note,False,False,,original,False
ev_2tc3ivycxi5,S3,CTRL,2,S3_CTRL_D2,2026-07-24T20:36:33,36.6,blink_jkg8,BLINK,comment,75,day2_no_note,False,False,,original,True
ev_1qlhk3oenm2,S3,CTRL,2,S3_CTRL_D2,2026-07-24T20:37:21,37.4,blink_jkg8,BLINK,post,85,day2_no_note,False,True,they,original,True
ev_htrn9z5bi8r,S3,CTRL,2,S3_CTRL_D2,2026-07-24T20:38:35,38.6,blink_jkg8,BLINK,comment,55,day2_no_note,False,False,,original,True
ev_ppfuzwfbk06,S3,CTRL,2,S3_CTRL_D2,2026-07-24T20:39:45,39.8,army_tw1j,ARMY,post,85,day2_no_note,False,False,,original,False
ev_nwc8lnki49h,S3,CTRL,2,S3_CTRL_D2,2026-07-24T20:40:04,40.1,blink_jkg8,BLINK,comment,55,day2_no_note,False,False,,original,True
ev_trasg43455t,S3,CTRL,2,S3_CTRL_D2,2026-07-24T20:40:46,40.8,army_tw1j,ARMY,comment,70,day2_no_note,False,True,they,original,False
ev_q8ualmldj9d,S3,CTRL,2,S3_CTRL_D2,2026-07-24T20:42:08,42.1,army_tw1j,ARMY,comment,95,day2_no_note,False,False,,original,False
ev_mnxzcrlkhhf,S3,CTRL,2,S3_CTRL_D2,2026-07-24T20:42:22,42.4,blink_jkg8,BLINK,comment,70,day2_no_note,False,True,they,original,True
ev_fu87lx1lqic,S3,CTRL,2,S3_CTRL_D2,2026-07-24T20:42:32,42.5,blink_0leb,BLINK,comment,75,day2_no_note,False,True,named,original,False
ev_lppxotbphac,S3,CTRL,2,S3_CTRL_D2,2026-07-24T20:43:35,43.6,blink_jkg8,BLINK,comment,65,day2_no_note,False,False,,original,True
ev_huu4ts6aqy2,S3,CTRL,2,S3_CTRL_D2,2026-07-24T20:45:29,45.5,blink_jkg8,BLINK,comment,70,day2_no_note,False,False,,original,True
ev_8m17wn08xo4,S3,CTRL,2,S3_CTRL_D2,2026-07-24T20:45:30,45.5,army_bwxe,ARMY,comment,75,day2_no_note,False,True,named,original,False
ev_qeg5cdm9snk,S3,CTRL,2,S3_CTRL_D2,2026-07-24T20:47:03,47.1,army_megp,ARMY,post,70,day2_no_note,False,True,they,original,False
ev_kgdmq4d4u4b,S3,CTRL,2,S3_CTRL_D2,2026-07-24T20:48:02,48,blink_kpbs,BLINK,comment,70,day2_no_note,False,False,,original,False
ev_cf0tgw6dx2b,S3,CTRL,2,S3_CTRL_D2,2026-07-24T20:48:06,48.1,army_megp,ARMY,comment,50,day2_no_note,False,False,,original,False
ev_p2lx80suxy8,S3,CTRL,2,S3_CTRL_D2,2026-07-24T20:49:23,49.4,army_tw1j,ARMY,comment,50,day2_no_note,False,True,they,original,False
ev_lhernrguuyg,S3,CTRL,2,S3_CTRL_D2,2026-07-24T20:49:26,49.4,army_bwxe,ARMY,post,95,day2_no_note,False,True,they,original,False
ev_prhdhb51pth,S3,CTRL,2,S3_CTRL_D2,2026-07-24T20:49:54,49.9,army_bwxe,ARMY,post,95,day2_no_note,False,False,,original,False
ev_fzyo1uwopbl,S3,CTRL,2,S3_CTRL_D2,2026-07-24T20:50:35,50.6,blink_jkg8,BLINK,post,85,day2_no_note,False,True,they,original,True
ev_eorqigdrz9z,S3,CTRL,2,S3_CTRL_D2,2026-07-24T20:51:54,51.9,blink_jkg8,BLINK,post,55,day2_no_note,False,True,they,original,True
ev_rm9tlwyblc3,S3,CTRL,2,S3_CTRL_D2,2026-07-24T20:52:11,52.2,blink_0leb,BLINK,comment,60,day2_no_note,False,True,they,original,False
ev_lkpbr1ab5e3,S3,CTRL,2,S3_CTRL_D2,2026-07-24T20:53:19,53.3,army_megp,ARMY,post,75,day2_no_note,False,False,,original,False
ev_ivzw36wa4ms,S3,CTRL,2,S3_CTRL_D2,2026-07-24T20:54:04,54.1,blink_jkg8,BLINK,comment,65,day2_no_note,False,True,they,original,True
ev_t3ucvqdebjx,S3,CTRL,2,S3_CTRL_D2,2026-07-24T20:55:01,55,army_megp,ARMY,comment,80,day2_no_note,False,False,,original,False
ev_namhe6ejc95,S3,CTRL,2,S3_CTRL_D2,2026-07-24T20:56:55,56.9,army_bwxe,ARMY,comment,70,day2_no_note,False,False,,original,False
ev_8es5yui9dlr,S3,CTRL,2,S3_CTRL_D2,2026-07-24T20:57:38,57.6,blink_jkg8,BLINK,comment,45,day2_no_note,False,True,they,original,True
ev_teyjr5bqzwr,S3,CTRL,2,S3_CTRL_D2,2026-07-24T20:58:12,58.2,army_megp,ARMY,post,70,day2_no_note,False,True,they,original,False
ev_2nzlw75851z,S3,CTRL,2,S3_CTRL_D2,2026-07-24T20:58:39,58.7,blink_0leb,BLINK,comment,90,day2_no_note,False,False,,original,False
ev_rph9p6u9hp8,S3,CTRL,2,S3_CTRL_D2,2026-07-24T20:59:41,59.7,army_tw1j,ARMY,comment,65,day2_no_note,False,True,they,original,False
ev_9u55lsobycu,S3,CTRL,2,S3_CTRL_D2,2026-07-24T20:59:53,59.9,blink_jkg8,BLINK,post,70,day2_no_note,False,True,named,original,True
ev_0lzjxmo5gwz,S4,CTRL,1,S4_CTRL_D1,2026-07-23T20:00:13,0.2,army_jtfg,ARMY,comment,5,pre_note,True,True,they,original,False
ev_26r71cxnq6q,S4,CTRL,1,S4_CTRL_D1,2026-07-23T20:01:50,1.8,army_hp3b,ARMY,comment,65,pre_note,True,False,,original,False
ev_9u1d1grmyja,S4,CTRL,1,S4_CTRL_D1,2026-07-23T20:03:03,3.1,army_zz1p,ARMY,comment,55,pre_note,True,False,,original,False
ev_3ban287v2wa,S4,CTRL,1,S4_CTRL_D1,2026-07-23T20:04:09,4.2,blink_2dwx,BLINK,comment,20,pre_note,True,False,,original,True
ev_yyn0sx14jk6,S4,CTRL,1,S4_CTRL_D1,2026-07-23T20:05:19,5.3,army_hp3b,ARMY,comment,25,pre_note,True,False,,original,False
ev_c7qxcbkf4jz,S4,CTRL,1,S4_CTRL_D1,2026-07-23T20:05:55,5.9,army_hp3b,ARMY,post,50,pre_note,True,True,they,original,False
ev_qtzii3qvumy,S4,CTRL,1,S4_CTRL_D1,2026-07-23T20:07:18,7.3,army_zz1p,ARMY,comment,30,pre_note,True,True,named,original,False
ev_eex4wt2goi6,S4,CTRL,1,S4_CTRL_D1,2026-07-23T20:07:17,7.3,blink_2dwx,BLINK,comment,20,pre_note,True,True,they,original,True
ev_hrawxmc63u7,S4,CTRL,1,S4_CTRL_D1,2026-07-23T20:07:45,7.8,army_zz1p,ARMY,comment,35,pre_note,True,False,,original,False
ev_9h06ks5q5i7,S4,CTRL,1,S4_CTRL_D1,2026-07-23T20:07:59,8,blink_2brw,BLINK,comment,40,pre_note,True,True,they,original,False
ev_6uffo1dmfeu,S4,CTRL,1,S4_CTRL_D1,2026-07-23T20:08:59,9,blink_3i5r,BLINK,comment,55,pre_note,True,True,they,original,False
ev_8tokj48oa79,S4,CTRL,1,S4_CTRL_D1,2026-07-23T20:09:12,9.2,blink_2dwx,BLINK,post,50,pre_note,True,True,they,original,True
ev_x184oogcmcw,S4,CTRL,1,S4_CTRL_D1,2026-07-23T20:09:38,9.6,army_jtfg,ARMY,post,20,pre_note,True,True,they,original,False
ev_hp0h0vokfrp,S4,CTRL,1,S4_CTRL_D1,2026-07-23T20:09:36,9.6,blink_2dwx,BLINK,comment,55,pre_note,True,True,they,original,True
ev_7ml40seu6ci,S4,CTRL,1,S4_CTRL_D1,2026-07-23T20:11:13,11.2,blink_2dwx,BLINK,comment,40,pre_note,True,True,they,original,True
ev_uesd3uemexc,S4,CTRL,1,S4_CTRL_D1,2026-07-23T20:11:34,11.6,blink_2dwx,BLINK,comment,35,pre_note,True,False,,original,True
ev_z7yj7w3j5lw,S4,CTRL,1,S4_CTRL_D1,2026-07-23T20:11:56,11.9,blink_2dwx,BLINK,post,40,pre_note,True,False,,original,True
ev_seyfc58ibqx,S4,CTRL,1,S4_CTRL_D1,2026-07-23T20:13:08,13.1,blink_2dwx,BLINK,comment,30,pre_note,True,False,,original,True
ev_kp6lrw1j7xz,S4,CTRL,1,S4_CTRL_D1,2026-07-23T20:13:04,13.1,blink_2brw,BLINK,comment,35,pre_note,True,True,they,original,False
ev_goi3rx5odaa,S4,CTRL,1,S4_CTRL_D1,2026-07-23T20:13:48,13.8,blink_2dwx,BLINK,comment,35,pre_note,True,True,they,original,True
ev_pjmgd7and90,S4,CTRL,1,S4_CTRL_D1,2026-07-23T20:14:09,14.2,blink_2brw,BLINK,comment,35,pre_note,True,False,,original,False
ev_n91j5tmlnqp,S4,CTRL,1,S4_CTRL_D1,2026-07-23T20:15:39,15.7,blink_3i5r,BLINK,comment,40,pre_note,True,True,they,original,False
ev_92ctufu1mlo,S4,CTRL,1,S4_CTRL_D1,2026-07-23T20:15:47,15.8,army_jtfg,ARMY,comment,30,pre_note,True,False,,original,False
ev_i3yiu8mcx2i,S4,CTRL,1,S4_CTRL_D1,2026-07-23T20:15:55,15.9,blink_2dwx,BLINK,post,20,pre_note,True,True,they,original,True
ev_9hsh5mtivjt,S4,CTRL,1,S4_CTRL_D1,2026-07-23T20:16:32,16.5,blink_2dwx,BLINK,comment,45,pre_note,True,True,they,original,True
ev_ktov93ebj9u,S4,CTRL,1,S4_CTRL_D1,2026-07-23T20:17:40,17.7,army_hp3b,ARMY,comment,60,pre_note,True,True,they,original,False
ev_ftd5orlkrzy,S4,CTRL,1,S4_CTRL_D1,2026-07-23T20:18:21,18.4,army_jtfg,ARMY,comment,50,pre_note,True,True,they,original,False
ev_d1cedmsqdfg,S4,CTRL,1,S4_CTRL_D1,2026-07-23T20:18:38,18.6,blink_2dwx,BLINK,comment,45,pre_note,True,False,,original,True
ev_v0zbi9zbgao,S4,CTRL,1,S4_CTRL_D1,2026-07-23T20:19:20,19.3,blink_2dwx,BLINK,comment,35,pre_note,True,True,they,original,True
ev_y6ps2x4ulm4,S4,CTRL,1,S4_CTRL_D1,2026-07-23T20:19:30,19.5,blink_2dwx,BLINK,post,15,pre_note,True,True,they,original,True
ev_17sr0t7sfho,S4,CTRL,1,S4_CTRL_D1,2026-07-23T20:21:07,21.1,blink_2dwx,BLINK,comment,25,pre_note,True,False,,original,True
ev_lnxygs2wt06,S4,CTRL,1,S4_CTRL_D1,2026-07-23T20:21:36,21.6,army_jtfg,ARMY,comment,55,pre_note,True,True,they,original,False
ev_br6rnoiafym,S4,CTRL,1,S4_CTRL_D1,2026-07-23T20:22:35,22.6,army_jtfg,ARMY,comment,15,pre_note,True,True,they,original,False
ev_0jpckrskzuc,S4,CTRL,1,S4_CTRL_D1,2026-07-23T20:22:43,22.7,army_jtfg,ARMY,comment,20,pre_note,True,False,,original,False
ev_jsfhrayctm5,S4,CTRL,1,S4_CTRL_D1,2026-07-23T20:22:40,22.7,blink_3i5r,BLINK,post,35,pre_note,True,False,,original,False
ev_baja5cswstr,S4,CTRL,1,S4_CTRL_D1,2026-07-23T20:22:57,23,blink_2dwx,BLINK,comment,50,pre_note,True,True,they,original,True
ev_6p5node9ei4,S4,CTRL,1,S4_CTRL_D1,2026-07-23T20:23:15,23.3,blink_2dwx,BLINK,comment,70,pre_note,True,False,,original,True
ev_33kazfccofh,S4,CTRL,1,S4_CTRL_D1,2026-07-23T20:23:45,23.8,blink_2brw,BLINK,comment,55,pre_note,True,True,named,original,False
ev_0z5yd72louk,S4,CTRL,1,S4_CTRL_D1,2026-07-23T20:24:12,24.2,army_jtfg,ARMY,post,50,pre_note,True,True,they,original,False
ev_atojbk51bsm,S4,CTRL,1,S4_CTRL_D1,2026-07-23T20:25:37,25.6,army_zz1p,ARMY,comment,15,pre_note,True,False,,original,False
ev_jnthiz780xz,S4,CTRL,1,S4_CTRL_D1,2026-07-23T20:25:49,25.8,blink_2brw,BLINK,comment,65,pre_note,True,True,they,original,False
ev_e2zkv4ienvg,S4,CTRL,1,S4_CTRL_D1,2026-07-23T20:27:30,27.5,army_hp3b,ARMY,comment,60,pre_note,True,True,they,original,False
ev_og6wmdyazyt,S4,CTRL,1,S4_CTRL_D1,2026-07-23T20:30:45,30.8,blink_2dwx,BLINK,comment,60,pre_note,True,False,,original,True
ev_hqotyuqc7ni,S4,CTRL,1,S4_CTRL_D1,2026-07-23T20:30:47,30.8,army_hp3b,ARMY,comment,40,pre_note,True,False,,original,False
ev_4od895uprye,S4,CTRL,1,S4_CTRL_D1,2026-07-23T20:31:52,31.9,blink_2dwx,BLINK,comment,60,pre_note,True,True,named,original,True
ev_96aww99hzpk,S4,CTRL,1,S4_CTRL_D1,2026-07-23T20:31:58,32,blink_2dwx,BLINK,comment,60,pre_note,True,False,,original,True
ev_exx0hfss2il,S4,CTRL,1,S4_CTRL_D1,2026-07-23T20:32:41,32.7,blink_2dwx,BLINK,comment,55,pre_note,True,True,they,original,True
ev_4ob1y0c0mpb,S4,CTRL,1,S4_CTRL_D1,2026-07-23T20:34:02,34,blink_2dwx,BLINK,comment,60,pre_note,True,False,,original,True
ev_d4lglnj2g0m,S4,CTRL,1,S4_CTRL_D1,2026-07-23T20:34:56,34.9,blink_2dwx,BLINK,comment,30,pre_note,True,False,,original,True
ev_al1etov146u,S4,CTRL,1,S4_CTRL_D1,2026-07-23T20:36:13,36.2,army_zz1p,ARMY,comment,60,post_note,True,False,,note_task,False
ev_wv9dzw0qkgx,S4,CTRL,1,S4_CTRL_D1,2026-07-23T20:36:28,36.5,blink_2brw,BLINK,comment,60,post_note,True,True,they,note_task,False
ev_of2t1yf1hcw,S4,CTRL,1,S4_CTRL_D1,2026-07-23T20:36:28,36.5,blink_2dwx,BLINK,comment,40,post_note,True,True,named,note_task,True
ev_h3bsu8gwyxq,S4,CTRL,1,S4_CTRL_D1,2026-07-23T20:36:38,36.6,army_jtfg,ARMY,comment,30,post_note,True,True,they,note_task,False
ev_l6z229mxt5l,S4,CTRL,1,S4_CTRL_D1,2026-07-23T20:38:08,38.1,blink_2brw,BLINK,comment,65,post_note,True,True,named,original,False
ev_3t9mw2h40dy,S4,CTRL,1,S4_CTRL_D1,2026-07-23T20:38:37,38.6,blink_2dwx,BLINK,comment,40,post_note,True,False,,original,True
ev_6u12k3zl4cw,S4,CTRL,1,S4_CTRL_D1,2026-07-23T20:39:56,39.9,blink_2dwx,BLINK,comment,20,post_note,True,True,they,original,True
ev_04h4kcxy9q9,S4,CTRL,1,S4_CTRL_D1,2026-07-23T20:40:05,40.1,army_zz1p,ARMY,comment,55,post_note,True,True,named,original,False
ev_h9ixz4olnyy,S4,CTRL,1,S4_CTRL_D1,2026-07-23T20:42:06,42.1,blink_2dwx,BLINK,comment,65,post_note,True,False,,original,True
ev_us8x9o0zqom,S4,CTRL,1,S4_CTRL_D1,2026-07-23T20:42:39,42.7,army_zz1p,ARMY,post,60,post_note,True,False,,original,False
ev_l9zgy5p0nsr,S4,CTRL,1,S4_CTRL_D1,2026-07-23T20:42:52,42.9,blink_2brw,BLINK,comment,75,post_note,True,True,they,original,False
ev_q96sa88lfb8,S4,CTRL,1,S4_CTRL_D1,2026-07-23T20:43:01,43,army_zz1p,ARMY,comment,65,post_note,True,False,,original,False
ev_rkbxpwvgp0n,S4,CTRL,1,S4_CTRL_D1,2026-07-23T20:44:13,44.2,blink_2dwx,BLINK,comment,70,post_note,True,False,,original,True
ev_u1rwea5s268,S4,CTRL,1,S4_CTRL_D1,2026-07-23T20:44:49,44.8,blink_2dwx,BLINK,comment,75,post_note,True,False,,original,True
ev_zv4204i8ah4,S4,CTRL,1,S4_CTRL_D1,2026-07-23T20:45:29,45.5,army_zz1p,ARMY,post,60,post_note,True,False,,original,False
ev_hrpl3ak4hmo,S4,CTRL,1,S4_CTRL_D1,2026-07-23T20:45:59,46,blink_2dwx,BLINK,post,45,post_note,True,True,named,original,True
ev_ifshu4xpbba,S4,CTRL,1,S4_CTRL_D1,2026-07-23T20:46:09,46.2,army_jtfg,ARMY,comment,30,post_note,True,False,,original,False
ev_ax7gzx225qr,S4,CTRL,1,S4_CTRL_D1,2026-07-23T20:47:05,47.1,blink_2brw,BLINK,post,55,post_note,True,False,,original,False
ev_md1sihvi412,S4,CTRL,1,S4_CTRL_D1,2026-07-23T20:48:08,48.1,army_hp3b,ARMY,comment,65,post_note,True,True,they,original,False
ev_7xb11u7xjr4,S4,CTRL,1,S4_CTRL_D1,2026-07-23T20:50:44,50.7,blink_2dwx,BLINK,comment,60,post_note,True,True,they,original,True
ev_5pjr84zg0md,S4,CTRL,1,S4_CTRL_D1,2026-07-23T20:51:12,51.2,army_zz1p,ARMY,comment,45,post_note,True,True,they,original,False
ev_o51g2ysmbu5,S4,CTRL,1,S4_CTRL_D1,2026-07-23T20:51:20,51.3,army_hp3b,ARMY,comment,60,post_note,True,True,named,original,False
ev_t6lytr9hr0o,S4,CTRL,1,S4_CTRL_D1,2026-07-23T20:53:33,53.6,blink_2dwx,BLINK,post,70,post_note,True,True,they,original,True
ev_axztlnci767,S4,CTRL,1,S4_CTRL_D1,2026-07-23T20:55:00,55,blink_3i5r,BLINK,post,65,post_note,True,True,they,original,False
ev_n32ijquduib,S4,CTRL,1,S4_CTRL_D1,2026-07-23T20:55:44,55.7,army_hp3b,ARMY,post,60,post_note,True,True,they,original,False
ev_n4de9kngh5m,S4,CTRL,1,S4_CTRL_D1,2026-07-23T20:56:28,56.5,army_hp3b,ARMY,comment,90,post_note,True,True,they,original,False
ev_b2q2mwdobke,S4,CTRL,1,S4_CTRL_D1,2026-07-23T20:57:18,57.3,army_zz1p,ARMY,comment,30,post_note,True,False,,original,False
ev_1z9w8ctl43c,S4,CTRL,1,S4_CTRL_D1,2026-07-23T20:58:57,59,blink_2brw,BLINK,comment,40,post_note,True,False,,original,False
ev_1c0jw9dwif9,S4,CTRL,1,S4_CTRL_D1,2026-07-23T20:59:07,59.1,blink_2dwx,BLINK,comment,60,post_note,True,False,,original,True
ev_dp4nhfmjf1s,S4,CTRL,2,S4_CTRL_D2,2026-07-24T20:00:34,0.6,blink_3i5r,BLINK,comment,70,day2_no_note,False,False,,original,False
ev_opua2eycxca,S4,CTRL,2,S4_CTRL_D2,2026-07-24T20:02:17,2.3,blink_2brw,BLINK,comment,55,day2_no_note,False,True,they,original,False
ev_sxic94naez2,S4,CTRL,2,S4_CTRL_D2,2026-07-24T20:02:18,2.3,blink_2dwx,BLINK,comment,65,day2_no_note,False,False,,original,True
ev_x4mviajzm13,S4,CTRL,2,S4_CTRL_D2,2026-07-24T20:02:17,2.3,blink_2dwx,BLINK,post,75,day2_no_note,False,True,they,original,True
ev_nu62ctcfxjo,S4,CTRL,2,S4_CTRL_D2,2026-07-24T20:02:29,2.5,army_zz1p,ARMY,comment,55,day2_no_note,False,False,,original,False
ev_q1s4nw90ekw,S4,CTRL,2,S4_CTRL_D2,2026-07-24T20:03:08,3.1,blink_2dwx,BLINK,comment,75,day2_no_note,False,False,,original,True
ev_060yt5dvkvt,S4,CTRL,2,S4_CTRL_D2,2026-07-24T20:03:29,3.5,blink_2dwx,BLINK,comment,80,day2_no_note,False,True,they,original,True
ev_k9b1htsdmer,S4,CTRL,2,S4_CTRL_D2,2026-07-24T20:04:50,4.8,blink_2dwx,BLINK,comment,80,day2_no_note,False,False,,original,True
ev_5bm5tfa40vt,S4,CTRL,2,S4_CTRL_D2,2026-07-24T20:05:33,5.6,army_jtfg,ARMY,comment,40,day2_no_note,False,False,,original,False
ev_msisafb457f,S4,CTRL,2,S4_CTRL_D2,2026-07-24T20:06:14,6.2,army_jtfg,ARMY,comment,55,day2_no_note,False,False,,original,False
ev_1x9kyjermln,S4,CTRL,2,S4_CTRL_D2,2026-07-24T20:06:28,6.5,blink_3i5r,BLINK,post,70,day2_no_note,False,False,,original,False
ev_ck762gdydbc,S4,CTRL,2,S4_CTRL_D2,2026-07-24T20:07:20,7.3,blink_2brw,BLINK,post,80,day2_no_note,False,True,they,original,False
ev_88jym4pt9jh,S4,CTRL,2,S4_CTRL_D2,2026-07-24T20:08:27,8.5,army_hp3b,ARMY,post,90,day2_no_note,False,False,,original,False
ev_v5h7h0w4my8,S4,CTRL,2,S4_CTRL_D2,2026-07-24T20:09:17,9.3,army_hp3b,ARMY,comment,95,day2_no_note,False,False,,original,False
ev_znnousk603k,S4,CTRL,2,S4_CTRL_D2,2026-07-24T20:10:26,10.4,blink_2dwx,BLINK,comment,70,day2_no_note,False,False,,original,True
ev_wxyvkxmfwic,S4,CTRL,2,S4_CTRL_D2,2026-07-24T20:10:24,10.4,army_zz1p,ARMY,post,85,day2_no_note,False,False,,original,False
ev_pz7jybr4jri,S4,CTRL,2,S4_CTRL_D2,2026-07-24T20:11:17,11.3,blink_2dwx,BLINK,post,75,day2_no_note,False,False,,original,True
ev_jlu60ajd9wy,S4,CTRL,2,S4_CTRL_D2,2026-07-24T20:12:06,12.1,blink_2dwx,BLINK,comment,65,day2_no_note,False,True,they,original,True
ev_o9fswjd2xfu,S4,CTRL,2,S4_CTRL_D2,2026-07-24T20:12:19,12.3,blink_2dwx,BLINK,comment,70,day2_no_note,False,False,,original,True
ev_9ag3761fkvb,S4,CTRL,2,S4_CTRL_D2,2026-07-24T20:12:33,12.6,army_hp3b,ARMY,comment,85,day2_no_note,False,True,they,original,False
ev_doqn0d4dio7,S4,CTRL,2,S4_CTRL_D2,2026-07-24T20:13:16,13.3,blink_2brw,BLINK,comment,70,day2_no_note,False,False,,original,False
ev_nc42s55x7wk,S4,CTRL,2,S4_CTRL_D2,2026-07-24T20:13:47,13.8,army_hp3b,ARMY,post,45,day2_no_note,False,False,,original,False
ev_17u0eml0k2o,S4,CTRL,2,S4_CTRL_D2,2026-07-24T20:14:34,14.6,army_hp3b,ARMY,comment,75,day2_no_note,False,True,they,original,False
ev_2frmo6i11bl,S4,CTRL,2,S4_CTRL_D2,2026-07-24T20:14:57,15,army_hp3b,ARMY,comment,65,day2_no_note,False,False,,original,False
ev_vmras9xn1bv,S4,CTRL,2,S4_CTRL_D2,2026-07-24T20:15:08,15.1,army_jtfg,ARMY,comment,60,day2_no_note,False,True,they,original,False
ev_0z9njvh7uuo,S4,CTRL,2,S4_CTRL_D2,2026-07-24T20:17:41,17.7,blink_2dwx,BLINK,comment,55,day2_no_note,False,False,,original,True
ev_duxtzhwhyfr,S4,CTRL,2,S4_CTRL_D2,2026-07-24T20:18:36,18.6,army_hp3b,ARMY,comment,75,day2_no_note,False,True,they,original,False
ev_7e7d9lmbry1,S4,CTRL,2,S4_CTRL_D2,2026-07-24T20:18:45,18.8,army_jtfg,ARMY,comment,75,day2_no_note,False,True,they,original,False
ev_thpgbrrrawo,S4,CTRL,2,S4_CTRL_D2,2026-07-24T20:19:29,19.5,blink_2dwx,BLINK,comment,55,day2_no_note,False,False,,original,True
ev_nvvsccrpbsm,S4,CTRL,2,S4_CTRL_D2,2026-07-24T20:20:29,20.5,blink_2dwx,BLINK,comment,75,day2_no_note,False,False,,original,True
ev_5mswfvhx2bx,S4,CTRL,2,S4_CTRL_D2,2026-07-24T20:21:46,21.8,blink_2dwx,BLINK,comment,45,day2_no_note,False,True,they,original,True
ev_hqssbqyyngw,S4,CTRL,2,S4_CTRL_D2,2026-07-24T20:23:10,23.2,army_hp3b,ARMY,comment,75,day2_no_note,False,True,named,original,False
ev_oxd02qc33u7,S4,CTRL,2,S4_CTRL_D2,2026-07-24T20:23:42,23.7,blink_2brw,BLINK,comment,50,day2_no_note,False,False,,original,False
ev_z9sy49svb8a,S4,CTRL,2,S4_CTRL_D2,2026-07-24T20:24:59,25,army_zz1p,ARMY,comment,60,day2_no_note,False,False,,original,False
ev_6oaz64h6vk9,S4,CTRL,2,S4_CTRL_D2,2026-07-24T20:26:33,26.6,blink_2brw,BLINK,post,70,day2_no_note,False,True,they,original,False
ev_99d71sww18o,S4,CTRL,2,S4_CTRL_D2,2026-07-24T20:26:38,26.6,blink_2dwx,BLINK,comment,75,day2_no_note,False,False,,original,True
ev_ny8zrwwq7ev,S4,CTRL,2,S4_CTRL_D2,2026-07-24T20:26:49,26.8,blink_3i5r,BLINK,post,45,day2_no_note,False,False,,original,False
ev_lehpjhkq87h,S4,CTRL,2,S4_CTRL_D2,2026-07-24T20:27:09,27.2,blink_2brw,BLINK,post,75,day2_no_note,False,True,they,original,False
ev_plro1cbvncl,S4,CTRL,2,S4_CTRL_D2,2026-07-24T20:27:34,27.6,army_zz1p,ARMY,comment,30,day2_no_note,False,True,named,original,False
ev_ui1ic5iftb4,S4,CTRL,2,S4_CTRL_D2,2026-07-24T20:29:30,29.5,blink_2brw,BLINK,comment,75,day2_no_note,False,False,,original,False
ev_fz2t1tvpldh,S4,CTRL,2,S4_CTRL_D2,2026-07-24T20:30:19,30.3,blink_2dwx,BLINK,comment,40,day2_no_note,False,True,named,original,True
ev_g46l54tu7z0,S4,CTRL,2,S4_CTRL_D2,2026-07-24T20:32:44,32.7,blink_2dwx,BLINK,comment,60,day2_no_note,False,False,,original,True
ev_epw3prb5cfa,S4,CTRL,2,S4_CTRL_D2,2026-07-24T20:32:45,32.8,blink_2dwx,BLINK,post,75,day2_no_note,False,True,they,original,True
ev_mi4hx90l1dj,S4,CTRL,2,S4_CTRL_D2,2026-07-24T20:32:52,32.9,army_zz1p,ARMY,comment,60,day2_no_note,False,True,they,original,False
ev_qwghvkzvx1c,S4,CTRL,2,S4_CTRL_D2,2026-07-24T20:33:10,33.2,army_jtfg,ARMY,comment,40,day2_no_note,False,False,,original,False
ev_k0rnkm7t2eq,S4,CTRL,2,S4_CTRL_D2,2026-07-24T20:33:47,33.8,blink_2dwx,BLINK,comment,75,day2_no_note,False,True,they,original,True
ev_j9fm14wkodd,S4,CTRL,2,S4_CTRL_D2,2026-07-24T20:34:29,34.5,blink_2dwx,BLINK,comment,60,day2_no_note,False,False,,original,True
ev_bo2odhit6uk,S4,CTRL,2,S4_CTRL_D2,2026-07-24T20:35:50,35.8,blink_3i5r,BLINK,post,95,day2_no_note,False,False,,original,False
ev_ht4j7gpo15j,S4,CTRL,2,S4_CTRL_D2,2026-07-24T20:36:26,36.4,army_jtfg,ARMY,comment,55,day2_no_note,False,False,,original,False
ev_4o7emhd5pgp,S4,CTRL,2,S4_CTRL_D2,2026-07-24T20:36:28,36.5,blink_2dwx,BLINK,comment,75,day2_no_note,False,False,,original,True
ev_1wdd0gsky0u,S4,CTRL,2,S4_CTRL_D2,2026-07-24T20:36:36,36.6,blink_2dwx,BLINK,comment,50,day2_no_note,False,True,they,original,True
ev_1lqvw0icu00,S4,CTRL,2,S4_CTRL_D2,2026-07-24T20:37:00,37,blink_2dwx,BLINK,comment,70,day2_no_note,False,True,they,original,True
ev_6xeg9co4mmx,S4,CTRL,2,S4_CTRL_D2,2026-07-24T20:37:48,37.8,army_hp3b,ARMY,comment,85,day2_no_note,False,True,they,original,False
ev_940p39htl2d,S4,CTRL,2,S4_CTRL_D2,2026-07-24T20:38:43,38.7,blink_2dwx,BLINK,comment,75,day2_no_note,False,False,,original,True
ev_2apcvanms7c,S4,CTRL,2,S4_CTRL_D2,2026-07-24T20:39:10,39.2,blink_2dwx,BLINK,comment,70,day2_no_note,False,False,,original,True
ev_xpkehrrc7gw,S4,CTRL,2,S4_CTRL_D2,2026-07-24T20:40:06,40.1,blink_2dwx,BLINK,comment,55,day2_no_note,False,True,they,original,True
ev_8jlozplmyll,S4,CTRL,2,S4_CTRL_D2,2026-07-24T20:40:05,40.1,army_jtfg,ARMY,comment,75,day2_no_note,False,True,named,original,False
ev_ru4byl8gfk9,S4,CTRL,2,S4_CTRL_D2,2026-07-24T20:40:25,40.4,blink_3i5r,BLINK,post,55,day2_no_note,False,True,they,original,False
ev_8qyw1suy04z,S4,CTRL,2,S4_CTRL_D2,2026-07-24T20:40:25,40.4,army_jtfg,ARMY,comment,35,day2_no_note,False,True,they,original,False
ev_anne7lr7mxe,S4,CTRL,2,S4_CTRL_D2,2026-07-24T20:41:30,41.5,army_zz1p,ARMY,comment,65,day2_no_note,False,False,,original,False
ev_pvmk0jy1ijj,S4,CTRL,2,S4_CTRL_D2,2026-07-24T20:42:07,42.1,blink_2dwx,BLINK,comment,50,day2_no_note,False,False,,original,True
ev_w2hwew97ivn,S4,CTRL,2,S4_CTRL_D2,2026-07-24T20:42:32,42.5,blink_2dwx,BLINK,comment,55,day2_no_note,False,False,,original,True
ev_kaf0hgnz2ml,S4,CTRL,2,S4_CTRL_D2,2026-07-24T20:43:09,43.2,blink_2dwx,BLINK,comment,100,day2_no_note,False,False,,original,True
ev_3p8fc7yw498,S4,CTRL,2,S4_CTRL_D2,2026-07-24T20:43:48,43.8,blink_2dwx,BLINK,comment,55,day2_no_note,False,True,they,original,True
ev_a978ie047oq,S4,CTRL,2,S4_CTRL_D2,2026-07-24T20:44:05,44.1,army_zz1p,ARMY,post,65,day2_no_note,False,True,named,original,False
ev_ex21bmonogt,S4,CTRL,2,S4_CTRL_D2,2026-07-24T20:45:10,45.2,army_jtfg,ARMY,comment,55,day2_no_note,False,True,they,original,False
ev_4effb4vuq69,S4,CTRL,2,S4_CTRL_D2,2026-07-24T20:45:35,45.6,blink_3i5r,BLINK,comment,80,day2_no_note,False,True,they,original,False
ev_kjlf8d1yvqb,S4,CTRL,2,S4_CTRL_D2,2026-07-24T20:46:05,46.1,blink_2dwx,BLINK,post,55,day2_no_note,False,False,,original,True
ev_ggoun601uq6,S4,CTRL,2,S4_CTRL_D2,2026-07-24T20:47:22,47.4,blink_2brw,BLINK,comment,65,day2_no_note,False,True,they,original,False
ev_q178wopqb65,S4,CTRL,2,S4_CTRL_D2,2026-07-24T20:47:35,47.6,army_jtfg,ARMY,post,75,day2_no_note,False,True,they,original,False
ev_upfohdx97bm,S4,CTRL,2,S4_CTRL_D2,2026-07-24T20:47:52,47.9,blink_2dwx,BLINK,comment,40,day2_no_note,False,True,they,original,True
ev_89r7zeagpjb,S4,CTRL,2,S4_CTRL_D2,2026-07-24T20:48:32,48.5,blink_3i5r,BLINK,comment,75,day2_no_note,False,False,,original,False
ev_aey00z3re32,S4,CTRL,2,S4_CTRL_D2,2026-07-24T20:49:13,49.2,blink_3i5r,BLINK,post,50,day2_no_note,False,False,,original,False
ev_dvztkw9v2l4,S4,CTRL,2,S4_CTRL_D2,2026-07-24T20:49:52,49.9,blink_2dwx,BLINK,post,55,day2_no_note,False,True,named,original,True
ev_yp1ru8kr8m4,S4,CTRL,2,S4_CTRL_D2,2026-07-24T20:50:31,50.5,blink_2brw,BLINK,comment,60,day2_no_note,False,False,,original,False
ev_afun5yqnthq,S4,CTRL,2,S4_CTRL_D2,2026-07-24T20:51:40,51.7,blink_3i5r,BLINK,comment,55,day2_no_note,False,True,named,original,False
ev_x6yof4qsc6i,S4,CTRL,2,S4_CTRL_D2,2026-07-24T20:52:40,52.7,army_zz1p,ARMY,post,80,day2_no_note,False,True,they,original,False
ev_ecoy7c3coc8,S4,CTRL,2,S4_CTRL_D2,2026-07-24T20:52:46,52.8,blink_2dwx,BLINK,comment,65,day2_no_note,False,True,they,original,True
ev_mg9qfff0wjw,S4,CTRL,2,S4_CTRL_D2,2026-07-24T20:53:24,53.4,blink_2dwx,BLINK,comment,65,day2_no_note,False,False,,original,True
ev_8e6kpbom261,S4,CTRL,2,S4_CTRL_D2,2026-07-24T20:53:45,53.8,army_hp3b,ARMY,comment,95,day2_no_note,False,True,they,original,False
ev_u1kwvnb4sn4,S4,CTRL,2,S4_CTRL_D2,2026-07-24T20:54:09,54.2,blink_2dwx,BLINK,comment,80,day2_no_note,False,True,they,original,True
ev_0nc7h5poct8,S4,CTRL,2,S4_CTRL_D2,2026-07-24T20:54:28,54.5,army_jtfg,ARMY,comment,50,day2_no_note,False,True,they,original,False
ev_9i76zj3roy6,S4,CTRL,2,S4_CTRL_D2,2026-07-24T20:56:16,56.3,blink_2dwx,BLINK,comment,45,day2_no_note,False,False,,original,True
ev_rkttqsehs4c,S4,CTRL,2,S4_CTRL_D2,2026-07-24T20:56:33,56.6,blink_2brw,BLINK,post,55,day2_no_note,False,False,,original,False
ev_zvttal5e961,S4,CTRL,2,S4_CTRL_D2,2026-07-24T20:57:10,57.2,blink_2brw,BLINK,comment,55,day2_no_note,False,True,named,original,False
ev_ia9onk4o409,S4,CTRL,2,S4_CTRL_D2,2026-07-24T20:57:12,57.2,blink_2dwx,BLINK,comment,75,day2_no_note,False,False,,original,True
ev_kgs6c6npjts,S4,CTRL,2,S4_CTRL_D2,2026-07-24T20:57:37,57.6,blink_2dwx,BLINK,comment,85,day2_no_note,False,True,they,original,True
ev_pezcspuh7af,S4,CTRL,2,S4_CTRL_D2,2026-07-24T20:58:57,59,army_zz1p,ARMY,comment,45,day2_no_note,False,True,they,original,False
ev_gdakpgikis4,S4,CTRL,2,S4_CTRL_D2,2026-07-24T20:59:31,59.5,blink_2dwx,BLINK,comment,45,day2_no_note,False,True,they,original,True
ev_5ph9xhl3dlo,S5,CTRL,1,S5_CTRL_D1,2026-07-23T20:03:12,3.2,army_8fmu,ARMY,comment,50,pre_note,True,False,,original,False
ev_zc89hrnrmie,S5,CTRL,1,S5_CTRL_D1,2026-07-23T20:04:03,4.1,blink_mx3r,BLINK,comment,30,pre_note,True,False,,original,True
ev_nj1pqs1euk1,S5,CTRL,1,S5_CTRL_D1,2026-07-23T20:05:07,5.1,blink_mx3r,BLINK,comment,15,pre_note,True,True,they,original,True
ev_7a2q5d6h4jy,S5,CTRL,1,S5_CTRL_D1,2026-07-23T20:05:20,5.3,blink_1uob,BLINK,comment,65,pre_note,True,True,named,original,False
ev_ewg4hzb27mo,S5,CTRL,1,S5_CTRL_D1,2026-07-23T20:07:19,7.3,blink_mx3r,BLINK,comment,40,pre_note,True,False,,original,True
ev_f32ktwahz6e,S5,CTRL,1,S5_CTRL_D1,2026-07-23T20:07:42,7.7,blink_mx3r,BLINK,comment,60,pre_note,True,False,,original,True
ev_lotsymwkoq0,S5,CTRL,1,S5_CTRL_D1,2026-07-23T20:08:55,8.9,army_0nvi,ARMY,comment,40,pre_note,True,False,,original,False
ev_py6taqoc7vm,S5,CTRL,1,S5_CTRL_D1,2026-07-23T20:09:06,9.1,blink_mx3r,BLINK,comment,35,pre_note,True,True,they,original,True
ev_hjgff0jb32y,S5,CTRL,1,S5_CTRL_D1,2026-07-23T20:09:58,10,blink_mx3r,BLINK,comment,45,pre_note,True,True,they,original,True
ev_mkhw8tghq9x,S5,CTRL,1,S5_CTRL_D1,2026-07-23T20:10:21,10.4,army_8fmu,ARMY,comment,60,pre_note,True,False,,original,False
ev_96lolth5quj,S5,CTRL,1,S5_CTRL_D1,2026-07-23T20:10:40,10.7,army_kiat,ARMY,comment,45,pre_note,True,False,,original,False
ev_jf6acx0inqe,S5,CTRL,1,S5_CTRL_D1,2026-07-23T20:10:50,10.8,blink_mx3r,BLINK,comment,50,pre_note,True,False,,original,True
ev_94zru8d3bef,S5,CTRL,1,S5_CTRL_D1,2026-07-23T20:11:58,12,blink_1uob,BLINK,comment,50,pre_note,True,True,they,original,False
ev_k5is8suzte5,S5,CTRL,1,S5_CTRL_D1,2026-07-23T20:12:50,12.8,blink_mx3r,BLINK,comment,50,pre_note,True,False,,original,True
ev_yseoljevazh,S5,CTRL,1,S5_CTRL_D1,2026-07-23T20:13:00,13,blink_1uob,BLINK,comment,45,pre_note,True,True,they,original,False
ev_8iz0bh1x4y7,S5,CTRL,1,S5_CTRL_D1,2026-07-23T20:13:36,13.6,army_kiat,ARMY,comment,45,pre_note,True,False,,original,False
ev_0kzutt03ege,S5,CTRL,1,S5_CTRL_D1,2026-07-23T20:14:12,14.2,blink_9q3l,BLINK,post,35,pre_note,True,True,they,original,False
ev_e0pdr1pq2cn,S5,CTRL,1,S5_CTRL_D1,2026-07-23T20:14:55,14.9,army_8fmu,ARMY,comment,20,pre_note,True,False,,original,False
ev_l3c0whylmwz,S5,CTRL,1,S5_CTRL_D1,2026-07-23T20:15:38,15.6,blink_1uob,BLINK,comment,55,pre_note,True,True,they,original,False
ev_irxykcnn8gw,S5,CTRL,1,S5_CTRL_D1,2026-07-23T20:16:33,16.6,army_0nvi,ARMY,comment,35,pre_note,True,True,they,original,False
ev_zwql5za4we9,S5,CTRL,1,S5_CTRL_D1,2026-07-23T20:17:10,17.2,army_kiat,ARMY,comment,60,pre_note,True,True,they,original,False
ev_9ftatjy1kas,S5,CTRL,1,S5_CTRL_D1,2026-07-23T20:17:19,17.3,blink_mx3r,BLINK,comment,40,pre_note,True,True,they,original,True
ev_c5l117h3kb8,S5,CTRL,1,S5_CTRL_D1,2026-07-23T20:17:21,17.4,army_kiat,ARMY,post,95,pre_note,True,True,they,original,False
ev_49x2fjqvrvv,S5,CTRL,1,S5_CTRL_D1,2026-07-23T20:17:28,17.5,blink_mx3r,BLINK,comment,55,pre_note,True,True,they,original,True
ev_b3a1iy4anuf,S5,CTRL,1,S5_CTRL_D1,2026-07-23T20:18:18,18.3,army_8fmu,ARMY,comment,50,pre_note,True,True,they,original,False
ev_kdp4wy0dp28,S5,CTRL,1,S5_CTRL_D1,2026-07-23T20:18:34,18.6,blink_mx3r,BLINK,comment,55,pre_note,True,False,,original,True
ev_flw47tag1i6,S5,CTRL,1,S5_CTRL_D1,2026-07-23T20:18:43,18.7,blink_mx3r,BLINK,comment,75,pre_note,True,True,they,original,True
ev_e0kn7o2jbjf,S5,CTRL,1,S5_CTRL_D1,2026-07-23T20:18:44,18.7,blink_mx3r,BLINK,comment,60,pre_note,True,False,,original,True
ev_1s5xrjj8tcs,S5,CTRL,1,S5_CTRL_D1,2026-07-23T20:20:52,20.9,army_0nvi,ARMY,post,45,pre_note,True,False,,original,False
ev_57e15es7lcp,S5,CTRL,1,S5_CTRL_D1,2026-07-23T20:21:31,21.5,blink_mx3r,BLINK,comment,70,pre_note,True,True,they,original,True
ev_lkbvhpxknqt,S5,CTRL,1,S5_CTRL_D1,2026-07-23T20:22:23,22.4,blink_mx3r,BLINK,post,30,pre_note,True,False,,original,True
ev_v73r538v4nm,S5,CTRL,1,S5_CTRL_D1,2026-07-23T20:22:24,22.4,blink_mx3r,BLINK,comment,60,pre_note,True,False,,original,True
ev_ogqrrcrorel,S5,CTRL,1,S5_CTRL_D1,2026-07-23T20:22:37,22.6,blink_9q3l,BLINK,comment,55,pre_note,True,False,,original,False
ev_hvl0uigj3bj,S5,CTRL,1,S5_CTRL_D1,2026-07-23T20:23:49,23.8,blink_mx3r,BLINK,comment,85,pre_note,True,True,they,original,True
ev_iaj031ww9su,S5,CTRL,1,S5_CTRL_D1,2026-07-23T20:23:56,23.9,army_0nvi,ARMY,post,60,pre_note,True,True,they,original,False
ev_mbeieoziykv,S5,CTRL,1,S5_CTRL_D1,2026-07-23T20:24:19,24.3,blink_1uob,BLINK,comment,65,pre_note,True,True,they,original,False
ev_d0bku5z0pzp,S5,CTRL,1,S5_CTRL_D1,2026-07-23T20:24:21,24.4,blink_9q3l,BLINK,comment,30,pre_note,True,True,named,original,False
ev_pfw1ognay5s,S5,CTRL,1,S5_CTRL_D1,2026-07-23T20:24:28,24.5,blink_mx3r,BLINK,comment,65,pre_note,True,False,,original,True
ev_w9z4h1t1cvb,S5,CTRL,1,S5_CTRL_D1,2026-07-23T20:24:33,24.6,blink_9q3l,BLINK,comment,45,pre_note,True,True,named,original,False
ev_dg4ia1t7mia,S5,CTRL,1,S5_CTRL_D1,2026-07-23T20:25:31,25.5,army_kiat,ARMY,comment,75,pre_note,True,False,,original,False
ev_3e3fijpwzsl,S5,CTRL,1,S5_CTRL_D1,2026-07-23T20:26:16,26.3,blink_mx3r,BLINK,comment,70,pre_note,True,False,,original,True
ev_ejrzbd4rixs,S5,CTRL,1,S5_CTRL_D1,2026-07-23T20:27:27,27.5,blink_mx3r,BLINK,comment,70,pre_note,True,True,named,original,True
ev_6uu7oea8q0y,S5,CTRL,1,S5_CTRL_D1,2026-07-23T20:28:51,28.9,army_kiat,ARMY,comment,70,pre_note,True,True,they,original,False
ev_gnnny7m3jzq,S5,CTRL,1,S5_CTRL_D1,2026-07-23T20:29:05,29.1,army_kiat,ARMY,comment,70,pre_note,True,False,,original,False
ev_y30idxeo0l8,S5,CTRL,1,S5_CTRL_D1,2026-07-23T20:29:20,29.3,blink_9q3l,BLINK,comment,5,pre_note,True,True,they,original,False
ev_fpwefyjynkr,S5,CTRL,1,S5_CTRL_D1,2026-07-23T20:29:50,29.8,army_0nvi,ARMY,comment,50,pre_note,True,False,,original,False
ev_w8ajir48t04,S5,CTRL,1,S5_CTRL_D1,2026-07-23T20:30:24,30.4,army_8fmu,ARMY,post,75,pre_note,True,True,they,original,False
ev_1l6rbur5d66,S5,CTRL,1,S5_CTRL_D1,2026-07-23T20:30:23,30.4,blink_9q3l,BLINK,comment,50,pre_note,True,True,they,original,False
ev_r22lny8bb6y,S5,CTRL,1,S5_CTRL_D1,2026-07-23T20:30:42,30.7,army_kiat,ARMY,comment,100,pre_note,True,True,they,original,False
ev_v37rw1pvafl,S5,CTRL,1,S5_CTRL_D1,2026-07-23T20:31:53,31.9,army_kiat,ARMY,post,80,pre_note,True,True,they,original,False
ev_ztyrugduvxw,S5,CTRL,1,S5_CTRL_D1,2026-07-23T20:32:24,32.4,blink_9q3l,BLINK,comment,45,pre_note,True,True,named,original,False
ev_cdtnal6fckd,S5,CTRL,1,S5_CTRL_D1,2026-07-23T20:32:48,32.8,blink_1uob,BLINK,comment,75,pre_note,True,True,they,original,False
ev_q3aqg2byo7u,S5,CTRL,1,S5_CTRL_D1,2026-07-23T20:34:00,34,army_8fmu,ARMY,comment,75,pre_note,True,True,named,original,False
ev_jcqt8q2emnm,S5,CTRL,1,S5_CTRL_D1,2026-07-23T20:34:06,34.1,blink_9q3l,BLINK,comment,80,pre_note,True,True,they,original,False
ev_zyrt7vsxiba,S5,CTRL,1,S5_CTRL_D1,2026-07-23T20:34:19,34.3,blink_mx3r,BLINK,comment,75,pre_note,True,False,,original,True
ev_rf7gz3d908r,S5,CTRL,1,S5_CTRL_D1,2026-07-23T20:34:23,34.4,blink_mx3r,BLINK,comment,100,pre_note,True,False,,original,True
ev_isiq0cfmiw8,S5,CTRL,1,S5_CTRL_D1,2026-07-23T20:35:17,35.3,blink_mx3r,BLINK,comment,100,post_note,True,False,,note_task,True
ev_bh26amhe6i9,S5,CTRL,1,S5_CTRL_D1,2026-07-23T20:35:34,35.6,blink_9q3l,BLINK,post,30,post_note,True,False,,note_task,False
ev_50irym1sexm,S5,CTRL,1,S5_CTRL_D1,2026-07-23T20:35:40,35.7,blink_1uob,BLINK,comment,75,post_note,True,False,,note_task,False
ev_kw79lclzkap,S5,CTRL,1,S5_CTRL_D1,2026-07-23T20:35:46,35.8,army_kiat,ARMY,comment,90,post_note,True,True,they,note_task,False
ev_zdq9267u45i,S5,CTRL,1,S5_CTRL_D1,2026-07-23T20:37:22,37.4,blink_mx3r,BLINK,comment,65,post_note,True,False,,original,True
ev_31c7syyj3u5,S5,CTRL,1,S5_CTRL_D1,2026-07-23T20:38:21,38.4,army_8fmu,ARMY,comment,95,post_note,True,False,,original,False
ev_xlemq2ncjs0,S5,CTRL,1,S5_CTRL_D1,2026-07-23T20:38:42,38.7,blink_9q3l,BLINK,comment,50,post_note,True,True,they,original,False
ev_avvsarjgi9v,S5,CTRL,1,S5_CTRL_D1,2026-07-23T20:38:57,39,army_kiat,ARMY,comment,85,post_note,True,False,,original,False
ev_l46elargzii,S5,CTRL,1,S5_CTRL_D1,2026-07-23T20:39:34,39.6,blink_mx3r,BLINK,comment,80,post_note,True,False,,original,True
ev_ld55sgd7uml,S5,CTRL,1,S5_CTRL_D1,2026-07-23T20:40:38,40.6,blink_mx3r,BLINK,comment,70,post_note,True,True,they,original,True
ev_26es2fo5uar,S5,CTRL,1,S5_CTRL_D1,2026-07-23T20:41:08,41.1,blink_mx3r,BLINK,comment,60,post_note,True,False,,original,True
ev_3bhtirq0d5x,S5,CTRL,1,S5_CTRL_D1,2026-07-23T20:41:24,41.4,army_kiat,ARMY,comment,100,post_note,True,True,they,original,False
ev_2lgeke2k39v,S5,CTRL,1,S5_CTRL_D1,2026-07-23T20:41:42,41.7,army_kiat,ARMY,comment,100,post_note,True,True,they,original,False
ev_20z6ejwg6sq,S5,CTRL,1,S5_CTRL_D1,2026-07-23T20:41:40,41.7,army_kiat,ARMY,comment,85,post_note,True,True,they,original,False
ev_c2z3jj0ae0t,S5,CTRL,1,S5_CTRL_D1,2026-07-23T20:42:20,42.3,army_0nvi,ARMY,post,100,post_note,True,False,,original,False
ev_xmtiqn62g8x,S5,CTRL,1,S5_CTRL_D1,2026-07-23T20:42:18,42.3,army_8fmu,ARMY,comment,50,post_note,True,True,they,original,False
ev_vadbybsvghr,S5,CTRL,1,S5_CTRL_D1,2026-07-23T20:42:43,42.7,blink_mx3r,BLINK,comment,80,post_note,True,False,,original,True
ev_pkw3r3vb7ea,S5,CTRL,1,S5_CTRL_D1,2026-07-23T20:43:22,43.4,blink_mx3r,BLINK,comment,95,post_note,True,True,they,original,True
ev_6vdkp7q3nuf,S5,CTRL,1,S5_CTRL_D1,2026-07-23T20:43:59,44,army_kiat,ARMY,comment,80,post_note,True,True,they,original,False
ev_vi5ciqidy8p,S5,CTRL,1,S5_CTRL_D1,2026-07-23T20:44:02,44,blink_1uob,BLINK,post,65,post_note,True,True,they,original,False
ev_q1whvogpwbs,S5,CTRL,1,S5_CTRL_D1,2026-07-23T20:44:29,44.5,army_kiat,ARMY,comment,100,post_note,True,True,named,original,False
ev_629q73zf9ja,S5,CTRL,1,S5_CTRL_D1,2026-07-23T20:48:29,48.5,army_8fmu,ARMY,comment,55,post_note,True,True,they,original,False
ev_bdbdi3n53gu,S5,CTRL,1,S5_CTRL_D1,2026-07-23T20:48:55,48.9,army_8fmu,ARMY,comment,100,post_note,True,False,,original,False
ev_b79qppibcn7,S5,CTRL,1,S5_CTRL_D1,2026-07-23T20:51:31,51.5,blink_1uob,BLINK,comment,55,post_note,True,True,they,original,False
ev_bfizjaq69z4,S5,CTRL,1,S5_CTRL_D1,2026-07-23T20:51:38,51.6,blink_1uob,BLINK,post,85,post_note,True,False,,original,False
ev_vhp3kdduc6h,S5,CTRL,1,S5_CTRL_D1,2026-07-23T20:52:08,52.1,blink_1uob,BLINK,comment,75,post_note,True,True,they,original,False
ev_m8tvcazt8zh,S5,CTRL,1,S5_CTRL_D1,2026-07-23T20:52:43,52.7,army_kiat,ARMY,post,80,post_note,True,True,named,original,False
ev_mkzuppjul73,S5,CTRL,1,S5_CTRL_D1,2026-07-23T20:52:50,52.8,army_8fmu,ARMY,comment,70,post_note,True,False,,original,False
ev_pptsykqogwo,S5,CTRL,1,S5_CTRL_D1,2026-07-23T20:53:56,53.9,blink_mx3r,BLINK,comment,75,post_note,True,True,they,original,True
ev_hqt9la59e81,S5,CTRL,1,S5_CTRL_D1,2026-07-23T20:54:30,54.5,army_0nvi,ARMY,post,65,post_note,True,True,they,original,False
ev_rjuhyava37i,S5,CTRL,1,S5_CTRL_D1,2026-07-23T20:56:22,56.4,blink_mx3r,BLINK,post,75,post_note,True,True,they,original,True
ev_oavrx60xget,S5,CTRL,1,S5_CTRL_D1,2026-07-23T20:57:00,57,army_8fmu,ARMY,comment,80,post_note,True,True,they,original,False
ev_p1mip9ucp10,S5,CTRL,1,S5_CTRL_D1,2026-07-23T20:57:29,57.5,blink_mx3r,BLINK,comment,100,post_note,True,True,they,original,True
ev_f6wlk9m6y6e,S5,CTRL,1,S5_CTRL_D1,2026-07-23T20:57:33,57.6,army_kiat,ARMY,comment,90,post_note,True,False,,original,False
ev_68zhn83d6x6,S5,CTRL,1,S5_CTRL_D1,2026-07-23T20:58:42,58.7,army_8fmu,ARMY,comment,90,post_note,True,False,,original,False
ev_bl2e0hrg9rv,S5,CTRL,2,S5_CTRL_D2,2026-07-24T20:00:24,0.4,blink_1uob,BLINK,post,85,day2_no_note,False,True,they,original,False
ev_qhbb2gphyn6,S5,CTRL,2,S5_CTRL_D2,2026-07-24T20:00:31,0.5,blink_mx3r,BLINK,comment,65,day2_no_note,False,False,,original,True
ev_jua4n00v0ka,S5,CTRL,2,S5_CTRL_D2,2026-07-24T20:00:43,0.7,blink_mx3r,BLINK,post,55,day2_no_note,False,True,they,original,True
ev_4q0yawohiaw,S5,CTRL,2,S5_CTRL_D2,2026-07-24T20:01:27,1.5,blink_9q3l,BLINK,comment,70,day2_no_note,False,False,,original,False
ev_xsevqrri3pu,S5,CTRL,2,S5_CTRL_D2,2026-07-24T20:01:48,1.8,army_0nvi,ARMY,post,70,day2_no_note,False,True,they,original,False
ev_2bqzmya4hk5,S5,CTRL,2,S5_CTRL_D2,2026-07-24T20:02:14,2.2,army_kiat,ARMY,comment,70,day2_no_note,False,False,,original,False
ev_gkn9lbzlkos,S5,CTRL,2,S5_CTRL_D2,2026-07-24T20:02:55,2.9,army_0nvi,ARMY,comment,60,day2_no_note,False,True,named,original,False
ev_9xek21vtfbc,S5,CTRL,2,S5_CTRL_D2,2026-07-24T20:03:04,3.1,blink_mx3r,BLINK,post,90,day2_no_note,False,True,they,original,True
ev_ba22zwqh1b2,S5,CTRL,2,S5_CTRL_D2,2026-07-24T20:03:27,3.5,blink_1uob,BLINK,comment,100,day2_no_note,False,True,they,original,False
ev_08x3zfopmez,S5,CTRL,2,S5_CTRL_D2,2026-07-24T20:03:27,3.5,blink_mx3r,BLINK,comment,80,day2_no_note,False,False,,original,True
ev_j0tdn4bap74,S5,CTRL,2,S5_CTRL_D2,2026-07-24T20:03:37,3.6,blink_9q3l,BLINK,comment,95,day2_no_note,False,True,they,original,False
ev_mykgcdkz5bl,S5,CTRL,2,S5_CTRL_D2,2026-07-24T20:03:37,3.6,army_8fmu,ARMY,comment,50,day2_no_note,False,True,they,original,False
ev_f3mz4p4zbzw,S5,CTRL,2,S5_CTRL_D2,2026-07-24T20:05:29,5.5,blink_1uob,BLINK,comment,75,day2_no_note,False,True,they,original,False
ev_512mp3qgvki,S5,CTRL,2,S5_CTRL_D2,2026-07-24T20:05:51,5.9,army_0nvi,ARMY,comment,40,day2_no_note,False,True,they,original,False
ev_8e9e0glff0j,S5,CTRL,2,S5_CTRL_D2,2026-07-24T20:06:24,6.4,blink_9q3l,BLINK,comment,70,day2_no_note,False,True,they,original,False
ev_n4hqeo20qgf,S5,CTRL,2,S5_CTRL_D2,2026-07-24T20:07:16,7.3,blink_9q3l,BLINK,comment,50,day2_no_note,False,False,,original,False
ev_na2b31ueo3h,S5,CTRL,2,S5_CTRL_D2,2026-07-24T20:08:28,8.5,blink_mx3r,BLINK,comment,75,day2_no_note,False,True,named,original,True
ev_lwb0kdohjxc,S5,CTRL,2,S5_CTRL_D2,2026-07-24T20:09:03,9.1,army_kiat,ARMY,comment,75,day2_no_note,False,True,they,original,False
ev_1xmgkosa8rv,S5,CTRL,2,S5_CTRL_D2,2026-07-24T20:10:01,10,blink_9q3l,BLINK,comment,70,day2_no_note,False,True,they,original,False
ev_e7qq7nr19vo,S5,CTRL,2,S5_CTRL_D2,2026-07-24T20:11:13,11.2,blink_1uob,BLINK,comment,100,day2_no_note,False,True,they,original,False
ev_rc7yc0op0jm,S5,CTRL,2,S5_CTRL_D2,2026-07-24T20:12:44,12.7,blink_1uob,BLINK,comment,100,day2_no_note,False,True,they,original,False
ev_vestvmd7z5c,S5,CTRL,2,S5_CTRL_D2,2026-07-24T20:12:44,12.7,blink_mx3r,BLINK,comment,75,day2_no_note,False,False,,original,True
ev_elxwrtdjzx4,S5,CTRL,2,S5_CTRL_D2,2026-07-24T20:12:47,12.8,army_kiat,ARMY,post,80,day2_no_note,False,False,,original,False
ev_fud6q0wr078,S5,CTRL,2,S5_CTRL_D2,2026-07-24T20:13:12,13.2,blink_mx3r,BLINK,comment,65,day2_no_note,False,False,,original,True
ev_ete98yff0g9,S5,CTRL,2,S5_CTRL_D2,2026-07-24T20:13:35,13.6,army_8fmu,ARMY,comment,65,day2_no_note,False,False,,original,False
ev_2lod5696w63,S5,CTRL,2,S5_CTRL_D2,2026-07-24T20:13:44,13.7,blink_1uob,BLINK,post,65,day2_no_note,False,False,,original,False
ev_yposo4pp8m0,S5,CTRL,2,S5_CTRL_D2,2026-07-24T20:14:55,14.9,blink_mx3r,BLINK,comment,80,day2_no_note,False,True,named,original,True
ev_0bsn4nqsuii,S5,CTRL,2,S5_CTRL_D2,2026-07-24T20:15:12,15.2,army_8fmu,ARMY,comment,65,day2_no_note,False,True,named,original,False
ev_dsbt6ozjkzv,S5,CTRL,2,S5_CTRL_D2,2026-07-24T20:15:32,15.5,blink_9q3l,BLINK,post,70,day2_no_note,False,True,they,original,False
ev_g79n4y7c9f0,S5,CTRL,2,S5_CTRL_D2,2026-07-24T20:16:26,16.4,army_kiat,ARMY,comment,75,day2_no_note,False,True,they,original,False
ev_ga7mx4xkn6v,S5,CTRL,2,S5_CTRL_D2,2026-07-24T20:17:01,17,blink_mx3r,BLINK,comment,55,day2_no_note,False,True,they,original,True
ev_uxpqypi5kyg,S5,CTRL,2,S5_CTRL_D2,2026-07-24T20:17:10,17.2,army_0nvi,ARMY,post,85,day2_no_note,False,False,,original,False
ev_vte0rq4h9fd,S5,CTRL,2,S5_CTRL_D2,2026-07-24T20:17:50,17.8,army_kiat,ARMY,comment,65,day2_no_note,False,True,they,original,False
ev_u0w8a5xrmlc,S5,CTRL,2,S5_CTRL_D2,2026-07-24T20:18:39,18.7,blink_1uob,BLINK,comment,85,day2_no_note,False,False,,original,False
ev_wo4kszanrex,S5,CTRL,2,S5_CTRL_D2,2026-07-24T20:19:04,19.1,blink_mx3r,BLINK,comment,65,day2_no_note,False,True,they,original,True
ev_gpawigra4fd,S5,CTRL,2,S5_CTRL_D2,2026-07-24T20:19:32,19.5,blink_9q3l,BLINK,comment,65,day2_no_note,False,False,,original,False
ev_4csq1tzpmv3,S5,CTRL,2,S5_CTRL_D2,2026-07-24T20:19:38,19.6,blink_mx3r,BLINK,post,80,day2_no_note,False,False,,original,True
ev_g6aaho5j9t8,S5,CTRL,2,S5_CTRL_D2,2026-07-24T20:20:04,20.1,blink_1uob,BLINK,comment,65,day2_no_note,False,False,,original,False
ev_t05ka2bk6c0,S5,CTRL,2,S5_CTRL_D2,2026-07-24T20:20:38,20.6,blink_mx3r,BLINK,comment,100,day2_no_note,False,False,,original,True
ev_3q8m21l7s5j,S5,CTRL,2,S5_CTRL_D2,2026-07-24T20:21:01,21,blink_1uob,BLINK,comment,100,day2_no_note,False,True,they,original,False
ev_7kioizt1a0b,S5,CTRL,2,S5_CTRL_D2,2026-07-24T20:21:50,21.8,blink_9q3l,BLINK,comment,70,day2_no_note,False,False,,original,False
ev_qh68gg3oy16,S5,CTRL,2,S5_CTRL_D2,2026-07-24T20:22:29,22.5,blink_mx3r,BLINK,post,90,day2_no_note,False,True,they,original,True
ev_vscx34s2aj9,S5,CTRL,2,S5_CTRL_D2,2026-07-24T20:23:04,23.1,blink_mx3r,BLINK,comment,100,day2_no_note,False,True,they,original,True
ev_pahgkjxbijt,S5,CTRL,2,S5_CTRL_D2,2026-07-24T20:23:04,23.1,blink_1uob,BLINK,comment,95,day2_no_note,False,False,,original,False
ev_feifawkv9pm,S5,CTRL,2,S5_CTRL_D2,2026-07-24T20:24:46,24.8,blink_mx3r,BLINK,comment,95,day2_no_note,False,False,,original,True
ev_5kk6h6goes2,S5,CTRL,2,S5_CTRL_D2,2026-07-24T20:25:10,25.2,blink_1uob,BLINK,post,100,day2_no_note,False,True,they,original,False
ev_vhllu4h4czn,S5,CTRL,2,S5_CTRL_D2,2026-07-24T20:25:44,25.7,blink_1uob,BLINK,post,80,day2_no_note,False,False,,original,False
ev_l9yna15xgf9,S5,CTRL,2,S5_CTRL_D2,2026-07-24T20:25:41,25.7,army_kiat,ARMY,comment,90,day2_no_note,False,True,named,original,False
ev_08op8xvl3r5,S5,CTRL,2,S5_CTRL_D2,2026-07-24T20:25:41,25.7,blink_mx3r,BLINK,post,95,day2_no_note,False,False,,original,True
ev_1r2uu0v75c2,S5,CTRL,2,S5_CTRL_D2,2026-07-24T20:25:44,25.7,blink_mx3r,BLINK,comment,95,day2_no_note,False,False,,original,True
ev_mknkivg1v62,S5,CTRL,2,S5_CTRL_D2,2026-07-24T20:25:40,25.7,blink_mx3r,BLINK,comment,100,day2_no_note,False,False,,original,True
ev_4lnuraroo1f,S5,CTRL,2,S5_CTRL_D2,2026-07-24T20:26:34,26.6,blink_mx3r,BLINK,post,100,day2_no_note,False,True,they,original,True
ev_3rgrvsip1xm,S5,CTRL,2,S5_CTRL_D2,2026-07-24T20:27:27,27.5,army_8fmu,ARMY,post,65,day2_no_note,False,True,they,original,False
ev_zy8sv1bgzsy,S5,CTRL,2,S5_CTRL_D2,2026-07-24T20:27:59,28,blink_mx3r,BLINK,post,100,day2_no_note,False,True,they,original,True
ev_02afq9cqd69,S5,CTRL,2,S5_CTRL_D2,2026-07-24T20:28:13,28.2,army_0nvi,ARMY,comment,70,day2_no_note,False,True,they,original,False
ev_3s099j1pkh0,S5,CTRL,2,S5_CTRL_D2,2026-07-24T20:28:13,28.2,army_0nvi,ARMY,comment,75,day2_no_note,False,True,named,original,False
ev_x7y9sfvi9y8,S5,CTRL,2,S5_CTRL_D2,2026-07-24T20:28:17,28.3,blink_mx3r,BLINK,comment,100,day2_no_note,False,True,they,original,True
ev_6xe1lk96076,S5,CTRL,2,S5_CTRL_D2,2026-07-24T20:28:24,28.4,blink_mx3r,BLINK,comment,75,day2_no_note,False,True,they,original,True
ev_84xvqata5l5,S5,CTRL,2,S5_CTRL_D2,2026-07-24T20:29:09,29.2,army_kiat,ARMY,comment,75,day2_no_note,False,False,,original,False
ev_ith0218ilqi,S5,CTRL,2,S5_CTRL_D2,2026-07-24T20:29:25,29.4,blink_mx3r,BLINK,comment,85,day2_no_note,False,False,,original,True
ev_6d5rl60dtjj,S5,CTRL,2,S5_CTRL_D2,2026-07-24T20:29:49,29.8,blink_1uob,BLINK,comment,80,day2_no_note,False,False,,original,False
ev_lq0g8d31z39,S5,CTRL,2,S5_CTRL_D2,2026-07-24T20:31:03,31.1,army_kiat,ARMY,comment,75,day2_no_note,False,False,,original,False
ev_x3juw7vq247,S5,CTRL,2,S5_CTRL_D2,2026-07-24T20:32:03,32.1,army_kiat,ARMY,comment,90,day2_no_note,False,False,,original,False
ev_iq9dcldbrnl,S5,CTRL,2,S5_CTRL_D2,2026-07-24T20:32:22,32.4,army_0nvi,ARMY,comment,100,day2_no_note,False,True,they,original,False
ev_o54airvzboc,S5,CTRL,2,S5_CTRL_D2,2026-07-24T20:32:30,32.5,blink_1uob,BLINK,post,75,day2_no_note,False,True,named,original,False
ev_w4gqrfwefvs,S5,CTRL,2,S5_CTRL_D2,2026-07-24T20:33:08,33.1,blink_mx3r,BLINK,comment,90,day2_no_note,False,False,,original,True
ev_0i1rhgh2m6j,S5,CTRL,2,S5_CTRL_D2,2026-07-24T20:34:02,34,blink_mx3r,BLINK,comment,80,day2_no_note,False,True,they,original,True
ev_gl1nclibncv,S5,CTRL,2,S5_CTRL_D2,2026-07-24T20:35:06,35.1,blink_mx3r,BLINK,comment,100,day2_no_note,False,False,,original,True
ev_6ziry73j5f5,S5,CTRL,2,S5_CTRL_D2,2026-07-24T20:35:10,35.2,blink_mx3r,BLINK,post,85,day2_no_note,False,True,they,original,True
ev_zdb5fabpekb,S5,CTRL,2,S5_CTRL_D2,2026-07-24T20:35:18,35.3,army_kiat,ARMY,post,90,day2_no_note,False,True,named,original,False
ev_lj01b62gfvs,S5,CTRL,2,S5_CTRL_D2,2026-07-24T20:35:53,35.9,blink_9q3l,BLINK,post,40,day2_no_note,False,True,they,original,False
ev_nb9ms99vuh2,S5,CTRL,2,S5_CTRL_D2,2026-07-24T20:36:26,36.4,blink_mx3r,BLINK,post,85,day2_no_note,False,False,,original,True
ev_gazhe5lgfpl,S5,CTRL,2,S5_CTRL_D2,2026-07-24T20:38:46,38.8,blink_1uob,BLINK,comment,100,day2_no_note,False,True,they,original,False
ev_wgaw8g5n02w,S5,CTRL,2,S5_CTRL_D2,2026-07-24T20:38:46,38.8,blink_mx3r,BLINK,comment,65,day2_no_note,False,True,they,original,True
ev_aa00zlzvag4,S5,CTRL,2,S5_CTRL_D2,2026-07-24T20:40:31,40.5,blink_9q3l,BLINK,comment,70,day2_no_note,False,True,they,original,False
ev_b397oikfzfu,S5,CTRL,2,S5_CTRL_D2,2026-07-24T20:42:19,42.3,blink_mx3r,BLINK,comment,65,day2_no_note,False,False,,original,True
ev_0717a36qwro,S5,CTRL,2,S5_CTRL_D2,2026-07-24T20:42:28,42.5,army_0nvi,ARMY,comment,85,day2_no_note,False,True,they,original,False
ev_9qxb0c9ghi6,S5,CTRL,2,S5_CTRL_D2,2026-07-24T20:42:39,42.7,army_0nvi,ARMY,comment,85,day2_no_note,False,True,they,original,False
ev_tclz8xc51xn,S5,CTRL,2,S5_CTRL_D2,2026-07-24T20:43:13,43.2,army_kiat,ARMY,post,100,day2_no_note,False,True,named,original,False
ev_ukcwp2uqal8,S5,CTRL,2,S5_CTRL_D2,2026-07-24T20:43:11,43.2,blink_mx3r,BLINK,comment,80,day2_no_note,False,True,they,original,True
ev_b867b9xr00w,S5,CTRL,2,S5_CTRL_D2,2026-07-24T20:44:05,44.1,blink_mx3r,BLINK,comment,100,day2_no_note,False,False,,original,True
ev_zrhi3q6gh7z,S5,CTRL,2,S5_CTRL_D2,2026-07-24T20:46:06,46.1,army_kiat,ARMY,post,70,day2_no_note,False,True,they,original,False
ev_tvhhmiul42w,S5,CTRL,2,S5_CTRL_D2,2026-07-24T20:46:22,46.4,blink_9q3l,BLINK,comment,60,day2_no_note,False,True,named,original,False
ev_ziiu0gr48v0,S5,CTRL,2,S5_CTRL_D2,2026-07-24T20:46:48,46.8,blink_mx3r,BLINK,post,90,day2_no_note,False,False,,original,True
ev_cdzx4806psc,S5,CTRL,2,S5_CTRL_D2,2026-07-24T20:46:56,46.9,blink_mx3r,BLINK,comment,85,day2_no_note,False,True,they,original,True
ev_6oxahvwxmfd,S5,CTRL,2,S5_CTRL_D2,2026-07-24T20:47:09,47.2,blink_mx3r,BLINK,comment,65,day2_no_note,False,False,,original,True
ev_13pxo2ij9hj,S5,CTRL,2,S5_CTRL_D2,2026-07-24T20:47:27,47.5,army_8fmu,ARMY,comment,100,day2_no_note,False,True,they,original,False
ev_q0p9ueot8zv,S5,CTRL,2,S5_CTRL_D2,2026-07-24T20:48:23,48.4,blink_1uob,BLINK,post,85,day2_no_note,False,False,,original,False
ev_8i4qw3y380h,S5,CTRL,2,S5_CTRL_D2,2026-07-24T20:48:59,49,blink_mx3r,BLINK,comment,100,day2_no_note,False,True,named,original,True
ev_t4f9ll1ezc4,S5,CTRL,2,S5_CTRL_D2,2026-07-24T20:49:23,49.4,blink_mx3r,BLINK,comment,85,day2_no_note,False,True,named,original,True
ev_vcwegpdianm,S5,CTRL,2,S5_CTRL_D2,2026-07-24T20:50:03,50.1,blink_mx3r,BLINK,post,95,day2_no_note,False,True,they,original,True
ev_fri8wdd49hc,S5,CTRL,2,S5_CTRL_D2,2026-07-24T20:50:34,50.6,blink_9q3l,BLINK,comment,50,day2_no_note,False,False,,original,False
ev_83o9cacvj10,S5,CTRL,2,S5_CTRL_D2,2026-07-24T20:51:00,51,blink_mx3r,BLINK,comment,75,day2_no_note,False,False,,original,True
ev_zw2168w81vv,S5,CTRL,2,S5_CTRL_D2,2026-07-24T20:51:38,51.6,blink_mx3r,BLINK,comment,100,day2_no_note,False,True,they,original,True
ev_rp0mpmrvo1f,S5,CTRL,2,S5_CTRL_D2,2026-07-24T20:54:41,54.7,blink_mx3r,BLINK,comment,100,day2_no_note,False,False,,original,True
ev_4zkgl8lt8i5,S5,CTRL,2,S5_CTRL_D2,2026-07-24T20:54:56,54.9,blink_1uob,BLINK,post,100,day2_no_note,False,True,named,original,False
ev_arms4j6mcjj,S5,CTRL,2,S5_CTRL_D2,2026-07-24T20:55:46,55.8,blink_mx3r,BLINK,post,95,day2_no_note,False,True,named,original,True
ev_b9lhnpr55lu,S5,CTRL,2,S5_CTRL_D2,2026-07-24T20:55:53,55.9,blink_mx3r,BLINK,comment,100,day2_no_note,False,True,they,original,True
ev_oz4h148sv2r,S5,CTRL,2,S5_CTRL_D2,2026-07-24T20:56:46,56.8,blink_9q3l,BLINK,comment,40,day2_no_note,False,True,they,original,False
ev_7bugl4scmxo,S5,CTRL,2,S5_CTRL_D2,2026-07-24T20:59:32,59.5,blink_mx3r,BLINK,post,85,day2_no_note,False,True,they,original,True
ev_x31fz95h165,S1,EXPT,1,S1_EXPT_D1,2026-07-23T20:00:52,0.9,blink_qwwy,BLINK,comment,35,pre_note,True,False,,original,True
ev_mq536519csu,S1,EXPT,1,S1_EXPT_D1,2026-07-23T20:01:35,1.6,blink_5unz,BLINK,comment,50,pre_note,True,True,they,original,False
ev_d7g14j4oh34,S1,EXPT,1,S1_EXPT_D1,2026-07-23T20:01:48,1.8,blink_qwwy,BLINK,comment,40,pre_note,True,False,,original,True
ev_l14er5xgm0j,S1,EXPT,1,S1_EXPT_D1,2026-07-23T20:01:48,1.8,blink_5unz,BLINK,comment,25,pre_note,True,True,named,original,False
ev_964z1msracj,S1,EXPT,1,S1_EXPT_D1,2026-07-23T20:01:57,2,blink_evf9,BLINK,comment,30,pre_note,True,False,,original,False
ev_8rwjau5i8o4,S1,EXPT,1,S1_EXPT_D1,2026-07-23T20:04:47,4.8,army_fhsg,ARMY,comment,0,pre_note,True,False,,original,False
ev_it60yj7myag,S1,EXPT,1,S1_EXPT_D1,2026-07-23T20:04:57,5,blink_qwwy,BLINK,comment,35,pre_note,True,False,,original,True
ev_d2m4bi7n7ik,S1,EXPT,1,S1_EXPT_D1,2026-07-23T20:06:02,6,blink_qwwy,BLINK,comment,50,pre_note,True,False,,original,True
ev_ytlwlq350s3,S1,EXPT,1,S1_EXPT_D1,2026-07-23T20:06:11,6.2,army_fhsg,ARMY,post,35,pre_note,True,True,named,original,False
ev_53kj7n1v3oe,S1,EXPT,1,S1_EXPT_D1,2026-07-23T20:06:28,6.5,blink_qwwy,BLINK,comment,40,pre_note,True,True,named,original,True
ev_noaf3v08lbw,S1,EXPT,1,S1_EXPT_D1,2026-07-23T20:06:31,6.5,blink_5unz,BLINK,comment,20,pre_note,True,True,they,original,False
ev_nsr9igqg1kg,S1,EXPT,1,S1_EXPT_D1,2026-07-23T20:07:12,7.2,blink_qwwy,BLINK,comment,40,pre_note,True,True,they,original,True
ev_esukqqea0q0,S1,EXPT,1,S1_EXPT_D1,2026-07-23T20:07:45,7.8,blink_qwwy,BLINK,comment,50,pre_note,True,True,they,original,True
ev_wu3czun31hx,S1,EXPT,1,S1_EXPT_D1,2026-07-23T20:09:05,9.1,blink_qwwy,BLINK,comment,65,pre_note,True,False,,original,True
ev_tb1iw0yyp0o,S1,EXPT,1,S1_EXPT_D1,2026-07-23T20:10:07,10.1,army_o909,ARMY,comment,45,pre_note,True,True,they,original,False
ev_qjobbr840qu,S1,EXPT,1,S1_EXPT_D1,2026-07-23T20:10:11,10.2,army_o909,ARMY,post,40,pre_note,True,False,,original,False
ev_6qv7udap4do,S1,EXPT,1,S1_EXPT_D1,2026-07-23T20:10:37,10.6,army_o909,ARMY,comment,25,pre_note,True,True,they,original,False
ev_ht0ub8vm9dh,S1,EXPT,1,S1_EXPT_D1,2026-07-23T20:10:44,10.7,blink_5unz,BLINK,post,65,pre_note,True,True,named,original,False
ev_xextn8jpigu,S1,EXPT,1,S1_EXPT_D1,2026-07-23T20:11:01,11,army_o909,ARMY,comment,35,pre_note,True,False,,original,False
ev_v9qtcmkss8s,S1,EXPT,1,S1_EXPT_D1,2026-07-23T20:11:30,11.5,blink_qwwy,BLINK,comment,55,pre_note,True,True,they,original,True
ev_94tmk0j5aw7,S1,EXPT,1,S1_EXPT_D1,2026-07-23T20:11:49,11.8,army_fhsg,ARMY,comment,30,pre_note,True,False,,original,False
ev_qigb8ntczy8,S1,EXPT,1,S1_EXPT_D1,2026-07-23T20:11:47,11.8,blink_qwwy,BLINK,comment,60,pre_note,True,True,they,original,True
ev_hw45h97pw3w,S1,EXPT,1,S1_EXPT_D1,2026-07-23T20:11:52,11.9,blink_qwwy,BLINK,post,30,pre_note,True,True,they,original,True
ev_a41w8k7blu8,S1,EXPT,1,S1_EXPT_D1,2026-07-23T20:11:58,12,army_52pa,ARMY,post,40,pre_note,True,False,,original,False
ev_vu5zulm3oww,S1,EXPT,1,S1_EXPT_D1,2026-07-23T20:12:29,12.5,army_fhsg,ARMY,comment,25,pre_note,True,True,they,original,False
ev_0vg587n1wvd,S1,EXPT,1,S1_EXPT_D1,2026-07-23T20:13:07,13.1,army_fhsg,ARMY,comment,10,pre_note,True,True,they,original,False
ev_hur2qj8rovj,S1,EXPT,1,S1_EXPT_D1,2026-07-23T20:13:44,13.7,blink_qwwy,BLINK,comment,40,pre_note,True,True,they,original,True
ev_044vacohrub,S1,EXPT,1,S1_EXPT_D1,2026-07-23T20:14:33,14.6,army_fhsg,ARMY,comment,30,pre_note,True,True,they,original,False
ev_o4vvwu4q5uq,S1,EXPT,1,S1_EXPT_D1,2026-07-23T20:15:25,15.4,army_52pa,ARMY,post,0,pre_note,True,False,,original,False
ev_mxr6ztnd0e6,S1,EXPT,1,S1_EXPT_D1,2026-07-23T20:15:29,15.5,army_o909,ARMY,comment,55,pre_note,True,False,,original,False
ev_3nktf079igb,S1,EXPT,1,S1_EXPT_D1,2026-07-23T20:15:33,15.6,army_52pa,ARMY,comment,35,pre_note,True,True,named,original,False
ev_uvxle9lq77y,S1,EXPT,1,S1_EXPT_D1,2026-07-23T20:16:05,16.1,blink_qwwy,BLINK,comment,40,pre_note,True,True,they,original,True
ev_i6nr5i9uxz8,S1,EXPT,1,S1_EXPT_D1,2026-07-23T20:16:55,16.9,blink_evf9,BLINK,comment,55,pre_note,True,True,named,original,False
ev_idcrtlir8wi,S1,EXPT,1,S1_EXPT_D1,2026-07-23T20:17:33,17.6,blink_evf9,BLINK,comment,45,pre_note,True,False,,original,False
ev_juj6c4adgwq,S1,EXPT,1,S1_EXPT_D1,2026-07-23T20:22:01,22,army_52pa,ARMY,comment,25,pre_note,True,True,they,original,False
ev_f11mkpo5nxk,S1,EXPT,1,S1_EXPT_D1,2026-07-23T20:22:01,22,blink_qwwy,BLINK,comment,75,pre_note,True,False,,original,True
ev_4fnmhfwkhln,S1,EXPT,1,S1_EXPT_D1,2026-07-23T20:23:12,23.2,army_fhsg,ARMY,comment,35,pre_note,True,False,,original,False
ev_b9jrsxza473,S1,EXPT,1,S1_EXPT_D1,2026-07-23T20:23:11,23.2,blink_evf9,BLINK,comment,20,pre_note,True,False,,original,False
ev_w3yd9uqf33w,S1,EXPT,1,S1_EXPT_D1,2026-07-23T20:23:50,23.8,blink_qwwy,BLINK,comment,80,pre_note,True,False,,original,True
ev_1bw7k7hxne9,S1,EXPT,1,S1_EXPT_D1,2026-07-23T20:24:02,24,blink_5unz,BLINK,post,65,pre_note,True,True,they,original,False
ev_gy348bjuibg,S1,EXPT,1,S1_EXPT_D1,2026-07-23T20:24:04,24.1,army_o909,ARMY,comment,80,pre_note,True,True,they,original,False
ev_7hvjt4pu3pz,S1,EXPT,1,S1_EXPT_D1,2026-07-23T20:24:10,24.2,blink_qwwy,BLINK,comment,65,pre_note,True,False,,original,True
ev_l2mh4y47b5n,S1,EXPT,1,S1_EXPT_D1,2026-07-23T20:24:51,24.9,army_fhsg,ARMY,comment,40,pre_note,True,True,they,original,False
ev_mdqk7rxfqkc,S1,EXPT,1,S1_EXPT_D1,2026-07-23T20:25:06,25.1,blink_evf9,BLINK,comment,60,pre_note,True,True,they,original,False
ev_6cm4dsfkern,S1,EXPT,1,S1_EXPT_D1,2026-07-23T20:26:02,26,blink_evf9,BLINK,post,75,pre_note,True,False,,original,False
ev_2lkpk9m6vzr,S1,EXPT,1,S1_EXPT_D1,2026-07-23T20:26:23,26.4,army_o909,ARMY,comment,75,pre_note,True,False,,original,False
ev_e8k978p5d8w,S1,EXPT,1,S1_EXPT_D1,2026-07-23T20:26:37,26.6,army_o909,ARMY,comment,60,pre_note,True,False,,original,False
ev_i7p4jul59hi,S1,EXPT,1,S1_EXPT_D1,2026-07-23T20:26:39,26.7,blink_5unz,BLINK,post,65,pre_note,True,True,they,original,False
ev_gp4k64heia7,S1,EXPT,1,S1_EXPT_D1,2026-07-23T20:27:20,27.3,blink_qwwy,BLINK,comment,65,pre_note,True,False,,original,True
ev_bqphyptlt8a,S1,EXPT,1,S1_EXPT_D1,2026-07-23T20:27:25,27.4,blink_qwwy,BLINK,comment,55,pre_note,True,False,,original,True
ev_gou2eyr22tq,S1,EXPT,1,S1_EXPT_D1,2026-07-23T20:28:26,28.4,army_fhsg,ARMY,comment,55,pre_note,True,True,they,original,False
ev_dtc6v9t0o86,S1,EXPT,1,S1_EXPT_D1,2026-07-23T20:29:07,29.1,blink_evf9,BLINK,comment,50,pre_note,True,False,,original,False
ev_szoukgoyiv8,S1,EXPT,1,S1_EXPT_D1,2026-07-23T20:29:32,29.5,army_52pa,ARMY,comment,65,pre_note,True,False,,original,False
ev_w2pl6tcmtk1,S1,EXPT,1,S1_EXPT_D1,2026-07-23T20:29:36,29.6,army_fhsg,ARMY,comment,10,pre_note,True,False,,original,False
ev_oa071yxp9yw,S1,EXPT,1,S1_EXPT_D1,2026-07-23T20:29:39,29.7,blink_evf9,BLINK,comment,35,pre_note,True,True,they,original,False
ev_4k16mxb8fgh,S1,EXPT,1,S1_EXPT_D1,2026-07-23T20:30:14,30.2,army_52pa,ARMY,comment,50,pre_note,True,False,,original,False
ev_0ggm95vlhfw,S1,EXPT,1,S1_EXPT_D1,2026-07-23T20:32:19,32.3,blink_evf9,BLINK,comment,65,pre_note,True,True,they,original,False
ev_91ifb31e25d,S1,EXPT,1,S1_EXPT_D1,2026-07-23T20:32:26,32.4,blink_evf9,BLINK,comment,65,pre_note,True,False,,original,False
ev_q87p1gwkajt,S1,EXPT,1,S1_EXPT_D1,2026-07-23T20:32:21,32.4,army_o909,ARMY,comment,80,pre_note,True,False,,original,False
ev_xe0fqu1to7l,S1,EXPT,1,S1_EXPT_D1,2026-07-23T20:32:48,32.8,blink_qwwy,BLINK,comment,75,pre_note,True,False,,original,True
ev_2kw7tqthpam,S1,EXPT,1,S1_EXPT_D1,2026-07-23T20:33:15,33.3,blink_5unz,BLINK,comment,45,pre_note,True,True,they,original,False
ev_z13ygx12uyw,S1,EXPT,1,S1_EXPT_D1,2026-07-23T20:34:55,34.9,blink_qwwy,BLINK,post,90,pre_note,True,False,,original,True
ev_8dhv1qytqan,S1,EXPT,1,S1_EXPT_D1,2026-07-23T20:35:00,35,blink_5unz,BLINK,comment,70,post_note,True,False,,note_task,False
ev_83g87dsig0o,S1,EXPT,1,S1_EXPT_D1,2026-07-23T20:35:04,35.1,army_52pa,ARMY,post,50,post_note,True,False,,original,False
ev_yci29bs0x92,S1,EXPT,1,S1_EXPT_D1,2026-07-23T20:35:59,36,blink_evf9,BLINK,post,40,post_note,True,False,,original,False
ev_e3042jasgi1,S1,EXPT,1,S1_EXPT_D1,2026-07-23T20:37:55,37.9,blink_qwwy,BLINK,post,65,post_note,True,False,,original,True
ev_eaxfr9omvqf,S1,EXPT,1,S1_EXPT_D1,2026-07-23T20:38:09,38.2,blink_qwwy,BLINK,comment,60,post_note,True,True,named,note_task,True
ev_ikjm9qhyq4x,S1,EXPT,1,S1_EXPT_D1,2026-07-23T20:38:33,38.6,blink_qwwy,BLINK,post,100,post_note,True,True,they,note_task,True
ev_s8d9wor4ctj,S1,EXPT,1,S1_EXPT_D1,2026-07-23T20:38:45,38.8,blink_evf9,BLINK,comment,0,post_note,True,False,,note_task,False
ev_q97wz8fb13d,S1,EXPT,1,S1_EXPT_D1,2026-07-23T20:39:03,39.1,blink_qwwy,BLINK,comment,70,post_note,True,False,,note_task,True
ev_4ustides1fm,S1,EXPT,1,S1_EXPT_D1,2026-07-23T20:39:18,39.3,army_fhsg,ARMY,comment,5,post_note,True,False,,note_task,False
ev_q570v8ocw55,S1,EXPT,1,S1_EXPT_D1,2026-07-23T20:39:56,39.9,army_o909,ARMY,comment,30,post_note,True,False,,note_task,False
ev_n3ahc74wlzi,S1,EXPT,1,S1_EXPT_D1,2026-07-23T20:42:38,42.6,blink_5unz,BLINK,comment,25,post_note,True,True,named,note_task,False
ev_191mfzyxn85,S1,EXPT,1,S1_EXPT_D1,2026-07-23T20:42:42,42.7,army_fhsg,ARMY,comment,5,post_note,True,True,named,note_task,False
ev_y761u0fhrhd,S1,EXPT,1,S1_EXPT_D1,2026-07-23T20:43:16,43.3,blink_evf9,BLINK,comment,20,post_note,True,True,named,note_task,False
ev_loot033crsf,S1,EXPT,1,S1_EXPT_D1,2026-07-23T20:43:48,43.8,blink_qwwy,BLINK,comment,65,post_note,True,True,they,note_task,True
ev_5mocx2cmct7,S1,EXPT,1,S1_EXPT_D1,2026-07-23T20:45:01,45,blink_evf9,BLINK,comment,10,post_note,True,False,,note_task,False
ev_9aedbcuibb5,S1,EXPT,1,S1_EXPT_D1,2026-07-23T20:45:05,45.1,blink_5unz,BLINK,post,30,post_note,True,False,,note_task,False
ev_0zegtzpwffa,S1,EXPT,1,S1_EXPT_D1,2026-07-23T20:45:28,45.5,blink_qwwy,BLINK,post,70,post_note,True,False,,note_task,True
ev_r37e9irrzal,S1,EXPT,1,S1_EXPT_D1,2026-07-23T20:45:40,45.7,army_o909,ARMY,comment,20,post_note,True,False,,original,False
ev_ym2f15gvwlp,S1,EXPT,1,S1_EXPT_D1,2026-07-23T20:46:02,46,blink_qwwy,BLINK,comment,80,post_note,True,False,,note_task,True
ev_9higs5bz4vu,S1,EXPT,1,S1_EXPT_D1,2026-07-23T20:48:03,48.1,army_52pa,ARMY,comment,0,post_note,True,True,they,original,False
ev_24bv5lkn6em,S1,EXPT,1,S1_EXPT_D1,2026-07-23T20:48:42,48.7,blink_qwwy,BLINK,post,70,post_note,True,False,,original,True
ev_gz507ju3mq9,S1,EXPT,1,S1_EXPT_D1,2026-07-23T20:49:23,49.4,blink_evf9,BLINK,comment,25,post_note,True,False,,original,False
ev_zglgm7wzd3c,S1,EXPT,1,S1_EXPT_D1,2026-07-23T20:52:01,52,blink_qwwy,BLINK,post,65,post_note,True,True,named,original,True
ev_nqoi5szuuce,S1,EXPT,1,S1_EXPT_D1,2026-07-23T20:52:07,52.1,blink_qwwy,BLINK,comment,90,post_note,True,True,named,original,True
ev_jvlyx1m47i3,S1,EXPT,1,S1_EXPT_D1,2026-07-23T20:52:18,52.3,blink_5unz,BLINK,comment,10,post_note,True,True,named,original,False
ev_bxcydh8792a,S1,EXPT,1,S1_EXPT_D1,2026-07-23T20:52:31,52.5,blink_evf9,BLINK,comment,35,post_note,True,False,,original,False
ev_bla7itjjbsi,S1,EXPT,1,S1_EXPT_D1,2026-07-23T20:52:59,53,blink_evf9,BLINK,comment,25,post_note,True,False,,original,False
ev_bguqngyecmb,S1,EXPT,1,S1_EXPT_D1,2026-07-23T20:53:33,53.6,army_o909,ARMY,post,55,post_note,True,False,,original,False
ev_5e4ehkropxe,S1,EXPT,1,S1_EXPT_D1,2026-07-23T20:53:42,53.7,blink_qwwy,BLINK,comment,70,post_note,True,True,named,original,True
ev_fr8iqh6nshb,S1,EXPT,1,S1_EXPT_D1,2026-07-23T20:54:21,54.4,army_52pa,ARMY,comment,10,post_note,True,True,named,original,False
ev_illn7yn5835,S1,EXPT,1,S1_EXPT_D1,2026-07-23T20:56:44,56.7,army_o909,ARMY,comment,50,post_note,True,False,,original,False
ev_7usjqi21rek,S1,EXPT,1,S1_EXPT_D1,2026-07-23T20:57:18,57.3,army_52pa,ARMY,comment,55,post_note,True,False,,original,False
ev_oon63ky843g,S1,EXPT,1,S1_EXPT_D1,2026-07-23T20:58:27,58.5,blink_qwwy,BLINK,post,75,post_note,True,True,named,original,True
ev_3foozdxvbsz,S1,EXPT,1,S1_EXPT_D1,2026-07-23T20:58:37,58.6,blink_5unz,BLINK,comment,75,post_note,True,False,,original,False
ev_tcp3lbu08pi,S1,EXPT,1,S1_EXPT_D1,2026-07-23T20:58:45,58.8,blink_qwwy,BLINK,comment,65,post_note,True,False,,original,True
ev_wf0t8d597lc,S1,EXPT,1,S1_EXPT_D1,2026-07-23T20:59:20,59.3,blink_qwwy,BLINK,comment,80,post_note,True,False,,original,True
ev_820vp5fhab7,S1,EXPT,1,S1_EXPT_D1,2026-07-23T20:59:53,59.9,blink_qwwy,BLINK,comment,75,post_note,True,False,,original,True
ev_32r1yrnknh1,S1,EXPT,2,S1_EXPT_D2,2026-07-24T20:00:42,0.7,blink_qwwy,BLINK,comment,75,day2_no_note,False,True,they,original,True
ev_5bf1j7qtl57,S1,EXPT,2,S1_EXPT_D2,2026-07-24T20:00:45,0.8,blink_qwwy,BLINK,post,75,day2_no_note,False,True,they,original,True
ev_nst2z2iwle8,S1,EXPT,2,S1_EXPT_D2,2026-07-24T20:01:17,1.3,blink_qwwy,BLINK,comment,60,day2_no_note,False,False,,original,True
ev_z60kk3fo7mh,S1,EXPT,2,S1_EXPT_D2,2026-07-24T20:01:34,1.6,blink_qwwy,BLINK,post,70,day2_no_note,False,False,,original,True
ev_xjld5skvyu5,S1,EXPT,2,S1_EXPT_D2,2026-07-24T20:02:01,2,blink_evf9,BLINK,comment,25,day2_no_note,False,True,named,original,False
ev_c1quaeesxs0,S1,EXPT,2,S1_EXPT_D2,2026-07-24T20:02:11,2.2,army_o909,ARMY,post,25,day2_no_note,False,True,they,original,False
ev_svcb3r7uhs8,S1,EXPT,2,S1_EXPT_D2,2026-07-24T20:02:54,2.9,blink_5unz,BLINK,post,15,day2_no_note,False,True,named,original,False
ev_m36ev0eaedh,S1,EXPT,2,S1_EXPT_D2,2026-07-24T20:04:47,4.8,blink_5unz,BLINK,comment,50,day2_no_note,False,True,named,original,False
ev_piedkwscke9,S1,EXPT,2,S1_EXPT_D2,2026-07-24T20:05:03,5.1,army_o909,ARMY,comment,35,day2_no_note,False,True,they,original,False
ev_tlo5ony2ug0,S1,EXPT,2,S1_EXPT_D2,2026-07-24T20:05:37,5.6,blink_evf9,BLINK,comment,40,day2_no_note,False,True,named,original,False
ev_1e70nqbwzfn,S1,EXPT,2,S1_EXPT_D2,2026-07-24T20:05:44,5.7,blink_qwwy,BLINK,comment,70,day2_no_note,False,True,named,original,True
ev_sk0y8htnpe3,S1,EXPT,2,S1_EXPT_D2,2026-07-24T20:05:47,5.8,army_o909,ARMY,comment,20,day2_no_note,False,False,,original,False
ev_6avr6cyxx7w,S1,EXPT,2,S1_EXPT_D2,2026-07-24T20:05:53,5.9,army_fhsg,ARMY,comment,15,day2_no_note,False,True,they,original,False
ev_97ze8atre71,S1,EXPT,2,S1_EXPT_D2,2026-07-24T20:06:01,6,army_fhsg,ARMY,comment,0,day2_no_note,False,False,,original,False
ev_qc1u1ogrmxr,S1,EXPT,2,S1_EXPT_D2,2026-07-24T20:06:54,6.9,army_52pa,ARMY,comment,15,day2_no_note,False,False,,original,False
ev_jryzsekjal6,S1,EXPT,2,S1_EXPT_D2,2026-07-24T20:07:03,7.1,blink_5unz,BLINK,comment,30,day2_no_note,False,True,named,original,False
ev_x328e5y7656,S1,EXPT,2,S1_EXPT_D2,2026-07-24T20:08:59,9,blink_qwwy,BLINK,comment,55,day2_no_note,False,True,they,original,True
ev_dnu3vcu7c45,S1,EXPT,2,S1_EXPT_D2,2026-07-24T20:09:11,9.2,army_o909,ARMY,comment,15,day2_no_note,False,False,,original,False
ev_t73e52q7m0r,S1,EXPT,2,S1_EXPT_D2,2026-07-24T20:09:30,9.5,army_52pa,ARMY,post,5,day2_no_note,False,True,they,original,False
ev_axxs7m05d88,S1,EXPT,2,S1_EXPT_D2,2026-07-24T20:09:35,9.6,blink_qwwy,BLINK,comment,80,day2_no_note,False,True,they,original,True
ev_xi954hol2rq,S1,EXPT,2,S1_EXPT_D2,2026-07-24T20:10:13,10.2,army_52pa,ARMY,comment,20,day2_no_note,False,False,,original,False
ev_yln7mi2f4ru,S1,EXPT,2,S1_EXPT_D2,2026-07-24T20:10:35,10.6,army_o909,ARMY,comment,25,day2_no_note,False,False,,original,False
ev_62mzz4t4et3,S1,EXPT,2,S1_EXPT_D2,2026-07-24T20:10:59,11,army_fhsg,ARMY,post,5,day2_no_note,False,True,they,original,False
ev_nhtnmvf6n6g,S1,EXPT,2,S1_EXPT_D2,2026-07-24T20:11:34,11.6,blink_5unz,BLINK,comment,30,day2_no_note,False,False,,original,False
ev_sseu8yzk4ei,S1,EXPT,2,S1_EXPT_D2,2026-07-24T20:11:41,11.7,blink_evf9,BLINK,comment,30,day2_no_note,False,False,,original,False
ev_ylzv8pwdl4e,S1,EXPT,2,S1_EXPT_D2,2026-07-24T20:12:43,12.7,army_fhsg,ARMY,post,20,day2_no_note,False,True,named,original,False
ev_t1buwf6odbc,S1,EXPT,2,S1_EXPT_D2,2026-07-24T20:13:50,13.8,blink_5unz,BLINK,comment,40,day2_no_note,False,False,,original,False
ev_787odkjzvqc,S1,EXPT,2,S1_EXPT_D2,2026-07-24T20:14:52,14.9,blink_evf9,BLINK,comment,15,day2_no_note,False,True,named,original,False
ev_a1hij2xuovt,S1,EXPT,2,S1_EXPT_D2,2026-07-24T20:15:30,15.5,army_fhsg,ARMY,comment,15,day2_no_note,False,True,named,original,False
ev_uxmk8f3cm0f,S1,EXPT,2,S1_EXPT_D2,2026-07-24T20:16:29,16.5,army_fhsg,ARMY,comment,0,day2_no_note,False,False,,original,False
ev_06au570duh9,S1,EXPT,2,S1_EXPT_D2,2026-07-24T20:17:14,17.2,blink_5unz,BLINK,comment,45,day2_no_note,False,False,,original,False
ev_lv4up3c4mb6,S1,EXPT,2,S1_EXPT_D2,2026-07-24T20:17:44,17.7,blink_qwwy,BLINK,post,65,day2_no_note,False,True,named,original,True
ev_k5so09arnhc,S1,EXPT,2,S1_EXPT_D2,2026-07-24T20:19:28,19.5,army_52pa,ARMY,comment,15,day2_no_note,False,True,they,original,False
ev_ezv4z2wj0bx,S1,EXPT,2,S1_EXPT_D2,2026-07-24T20:20:16,20.3,blink_qwwy,BLINK,comment,85,day2_no_note,False,True,they,original,True
ev_w8m7okb24cg,S1,EXPT,2,S1_EXPT_D2,2026-07-24T20:20:54,20.9,army_o909,ARMY,comment,60,day2_no_note,False,False,,original,False
ev_ytr226p516h,S1,EXPT,2,S1_EXPT_D2,2026-07-24T20:22:58,23,blink_5unz,BLINK,comment,45,day2_no_note,False,False,,original,False
ev_myu0ycl19p2,S1,EXPT,2,S1_EXPT_D2,2026-07-24T20:23:03,23.1,blink_evf9,BLINK,comment,40,day2_no_note,False,False,,original,False
ev_o1ymatqzg9f,S1,EXPT,2,S1_EXPT_D2,2026-07-24T20:24:16,24.3,blink_qwwy,BLINK,post,75,day2_no_note,False,True,named,original,True
ev_ldutathxnlg,S1,EXPT,2,S1_EXPT_D2,2026-07-24T20:24:30,24.5,blink_qwwy,BLINK,comment,90,day2_no_note,False,True,they,original,True
ev_f3o04wfl5kx,S1,EXPT,2,S1_EXPT_D2,2026-07-24T20:25:30,25.5,blink_qwwy,BLINK,comment,65,day2_no_note,False,True,named,original,True
ev_cdfidlyyl23,S1,EXPT,2,S1_EXPT_D2,2026-07-24T20:26:06,26.1,army_fhsg,ARMY,comment,45,day2_no_note,False,True,named,original,False
ev_4me1r8g6rbn,S1,EXPT,2,S1_EXPT_D2,2026-07-24T20:26:26,26.4,blink_5unz,BLINK,comment,45,day2_no_note,False,True,they,original,False
ev_cs4d720fp4v,S1,EXPT,2,S1_EXPT_D2,2026-07-24T20:27:14,27.2,blink_evf9,BLINK,post,15,day2_no_note,False,True,they,original,False
ev_acq2h9t9b59,S1,EXPT,2,S1_EXPT_D2,2026-07-24T20:27:36,27.6,blink_evf9,BLINK,post,15,day2_no_note,False,True,they,original,False
ev_5qtajwkg1c4,S1,EXPT,2,S1_EXPT_D2,2026-07-24T20:27:47,27.8,blink_qwwy,BLINK,comment,100,day2_no_note,False,True,named,original,True
ev_zkiylslh2b2,S1,EXPT,2,S1_EXPT_D2,2026-07-24T20:27:57,28,blink_qwwy,BLINK,comment,50,day2_no_note,False,False,,original,True
ev_quiikvbqouf,S1,EXPT,2,S1_EXPT_D2,2026-07-24T20:28:15,28.3,blink_qwwy,BLINK,comment,60,day2_no_note,False,True,named,original,True
ev_2jfz8mvy6g1,S1,EXPT,2,S1_EXPT_D2,2026-07-24T20:28:34,28.6,blink_5unz,BLINK,comment,40,day2_no_note,False,True,they,original,False
ev_xmccwcl53x2,S1,EXPT,2,S1_EXPT_D2,2026-07-24T20:31:54,31.9,blink_qwwy,BLINK,comment,70,day2_no_note,False,True,named,original,True
ev_nd1xr55fip5,S1,EXPT,2,S1_EXPT_D2,2026-07-24T20:32:04,32.1,blink_qwwy,BLINK,comment,100,day2_no_note,False,True,named,original,True
ev_lcrwpmezh79,S1,EXPT,2,S1_EXPT_D2,2026-07-24T20:32:09,32.2,blink_qwwy,BLINK,post,80,day2_no_note,False,True,they,original,True
ev_fldyy1hjauv,S1,EXPT,2,S1_EXPT_D2,2026-07-24T20:33:26,33.4,blink_qwwy,BLINK,comment,100,day2_no_note,False,False,,original,True
ev_9ivb5dfq0x2,S1,EXPT,2,S1_EXPT_D2,2026-07-24T20:33:37,33.6,blink_qwwy,BLINK,comment,75,day2_no_note,False,False,,original,True
ev_ylcnkv68pi4,S1,EXPT,2,S1_EXPT_D2,2026-07-24T20:35:34,35.6,army_52pa,ARMY,post,10,day2_no_note,False,True,named,original,False
ev_i8vgcdkslst,S1,EXPT,2,S1_EXPT_D2,2026-07-24T20:35:59,36,blink_qwwy,BLINK,post,65,day2_no_note,False,True,named,original,True
ev_pv2zhumdvxj,S1,EXPT,2,S1_EXPT_D2,2026-07-24T20:37:13,37.2,blink_evf9,BLINK,comment,25,day2_no_note,False,True,named,original,False
ev_9uqcgu03lg1,S1,EXPT,2,S1_EXPT_D2,2026-07-24T20:38:04,38.1,army_o909,ARMY,comment,25,day2_no_note,False,True,named,original,False
ev_ddhgb92uoc5,S1,EXPT,2,S1_EXPT_D2,2026-07-24T20:40:01,40,army_52pa,ARMY,comment,5,day2_no_note,False,False,,original,False
ev_mtc3ysgxit4,S1,EXPT,2,S1_EXPT_D2,2026-07-24T20:40:14,40.2,army_fhsg,ARMY,comment,5,day2_no_note,False,True,they,original,False
ev_v5d7mrb8oto,S1,EXPT,2,S1_EXPT_D2,2026-07-24T20:40:17,40.3,army_fhsg,ARMY,comment,0,day2_no_note,False,True,they,original,False
ev_7bwovcegyuj,S1,EXPT,2,S1_EXPT_D2,2026-07-24T20:40:17,40.3,army_o909,ARMY,post,55,day2_no_note,False,False,,original,False
ev_ga5beq48qic,S1,EXPT,2,S1_EXPT_D2,2026-07-24T20:40:35,40.6,blink_evf9,BLINK,comment,15,day2_no_note,False,True,named,original,False
ev_hwn5gag2i4h,S1,EXPT,2,S1_EXPT_D2,2026-07-24T20:40:45,40.8,blink_qwwy,BLINK,comment,80,day2_no_note,False,False,,original,True
ev_pfmfmbaj1rr,S1,EXPT,2,S1_EXPT_D2,2026-07-24T20:42:34,42.6,blink_qwwy,BLINK,post,50,day2_no_note,False,True,they,original,True
ev_iu5uxcdc9pc,S1,EXPT,2,S1_EXPT_D2,2026-07-24T20:43:16,43.3,army_fhsg,ARMY,comment,20,day2_no_note,False,True,named,original,False
ev_zhnlryw05xg,S1,EXPT,2,S1_EXPT_D2,2026-07-24T20:43:37,43.6,blink_5unz,BLINK,comment,25,day2_no_note,False,False,,original,False
ev_2vc532mrrbx,S1,EXPT,2,S1_EXPT_D2,2026-07-24T20:44:13,44.2,army_52pa,ARMY,post,15,day2_no_note,False,False,,original,False
ev_c4vgkj9b7v1,S1,EXPT,2,S1_EXPT_D2,2026-07-24T20:45:24,45.4,blink_evf9,BLINK,comment,30,day2_no_note,False,False,,original,False
ev_psxs1j06v3i,S1,EXPT,2,S1_EXPT_D2,2026-07-24T20:45:37,45.6,army_o909,ARMY,post,35,day2_no_note,False,False,,original,False
ev_nsi5vxzcnq0,S1,EXPT,2,S1_EXPT_D2,2026-07-24T20:48:11,48.2,blink_evf9,BLINK,comment,30,day2_no_note,False,True,named,original,False
ev_2dop1zwm7zt,S1,EXPT,2,S1_EXPT_D2,2026-07-24T20:48:27,48.5,blink_qwwy,BLINK,comment,90,day2_no_note,False,True,named,original,True
ev_ki7vmv6mliy,S1,EXPT,2,S1_EXPT_D2,2026-07-24T20:49:07,49.1,blink_qwwy,BLINK,comment,65,day2_no_note,False,True,they,original,True
ev_epg48u5ecqk,S1,EXPT,2,S1_EXPT_D2,2026-07-24T20:49:29,49.5,army_52pa,ARMY,comment,35,day2_no_note,False,False,,original,False
ev_5wjf0kfrq0g,S1,EXPT,2,S1_EXPT_D2,2026-07-24T20:50:20,50.3,blink_qwwy,BLINK,comment,35,day2_no_note,False,True,they,original,True
ev_uyvq0jcxur9,S1,EXPT,2,S1_EXPT_D2,2026-07-24T20:51:48,51.8,blink_qwwy,BLINK,comment,85,day2_no_note,False,False,,original,True
ev_v7yytua3enx,S1,EXPT,2,S1_EXPT_D2,2026-07-24T20:52:08,52.1,army_52pa,ARMY,comment,15,day2_no_note,False,True,named,original,False
ev_zoz38dd1th3,S1,EXPT,2,S1_EXPT_D2,2026-07-24T20:52:59,53,blink_qwwy,BLINK,comment,55,day2_no_note,False,True,named,original,True
ev_ib1re4fgbau,S1,EXPT,2,S1_EXPT_D2,2026-07-24T20:53:21,53.4,blink_5unz,BLINK,comment,35,day2_no_note,False,True,named,original,False
ev_hqjpblsfa9a,S1,EXPT,2,S1_EXPT_D2,2026-07-24T20:53:54,53.9,army_fhsg,ARMY,comment,10,day2_no_note,False,True,they,original,False
ev_jvttflfg4sa,S1,EXPT,2,S1_EXPT_D2,2026-07-24T20:54:43,54.7,army_o909,ARMY,comment,50,day2_no_note,False,True,named,original,False
ev_yrz36og7rxp,S1,EXPT,2,S1_EXPT_D2,2026-07-24T20:54:55,54.9,blink_evf9,BLINK,comment,20,day2_no_note,False,False,,original,False
ev_aehiugv483q,S1,EXPT,2,S1_EXPT_D2,2026-07-24T20:55:09,55.2,army_o909,ARMY,comment,40,day2_no_note,False,True,they,original,False
ev_09qf17x1boc,S1,EXPT,2,S1_EXPT_D2,2026-07-24T20:56:48,56.8,blink_qwwy,BLINK,comment,75,day2_no_note,False,False,,original,True
ev_r0u9zv8tzfw,S1,EXPT,2,S1_EXPT_D2,2026-07-24T20:57:05,57.1,blink_qwwy,BLINK,comment,65,day2_no_note,False,False,,original,True
ev_kzpr3z8ybrd,S1,EXPT,2,S1_EXPT_D2,2026-07-24T20:58:27,58.5,blink_evf9,BLINK,comment,35,day2_no_note,False,True,they,original,False
ev_60flrex3rp7,S1,EXPT,2,S1_EXPT_D2,2026-07-24T20:58:56,58.9,army_o909,ARMY,comment,50,day2_no_note,False,False,,original,False
ev_rhcpl5fj4kq,S1,EXPT,2,S1_EXPT_D2,2026-07-24T20:59:49,59.8,blink_qwwy,BLINK,comment,65,day2_no_note,False,True,named,original,True
ev_704cpyqi4cx,S1,EXPT,2,S1_EXPT_D2,2026-07-24T20:59:50,59.8,army_52pa,ARMY,comment,40,day2_no_note,False,True,named,original,False
ev_s0nfkej24l1,S2,EXPT,1,S2_EXPT_D1,2026-07-23T20:02:27,2.5,blink_5q5g,BLINK,post,30,pre_note,True,True,they,original,False
ev_d7f3oylf6qg,S2,EXPT,1,S2_EXPT_D1,2026-07-23T20:05:25,5.4,army_ljoh,ARMY,comment,50,pre_note,True,True,they,original,True
ev_qtjupglahtg,S2,EXPT,1,S2_EXPT_D1,2026-07-23T20:05:41,5.7,army_ljoh,ARMY,post,5,pre_note,True,True,they,original,True
ev_uq61b8bjlkm,S2,EXPT,1,S2_EXPT_D1,2026-07-23T20:05:57,6,blink_9wan,BLINK,post,40,pre_note,True,False,,original,False
ev_mm7jnk6o54t,S2,EXPT,1,S2_EXPT_D1,2026-07-23T20:06:05,6.1,army_ljoh,ARMY,comment,65,pre_note,True,True,they,original,True
ev_d3nbq1ukocm,S2,EXPT,1,S2_EXPT_D1,2026-07-23T20:07:04,7.1,army_ljoh,ARMY,comment,50,pre_note,True,True,they,original,True
ev_twqpn8pb6tg,S2,EXPT,1,S2_EXPT_D1,2026-07-23T20:09:16,9.3,army_5cdw,ARMY,comment,55,pre_note,True,False,,original,False
ev_ds770f49qcr,S2,EXPT,1,S2_EXPT_D1,2026-07-23T20:10:12,10.2,army_ljoh,ARMY,comment,35,pre_note,True,True,they,original,True
ev_ri06f5mwpgy,S2,EXPT,1,S2_EXPT_D1,2026-07-23T20:10:37,10.6,army_ljoh,ARMY,comment,55,pre_note,True,True,they,original,True
ev_vd1bkfongeg,S2,EXPT,1,S2_EXPT_D1,2026-07-23T20:10:45,10.8,blink_9wan,BLINK,comment,30,pre_note,True,False,,original,False
ev_5g8e1s2noa9,S2,EXPT,1,S2_EXPT_D1,2026-07-23T20:11:19,11.3,army_5cdw,ARMY,comment,45,pre_note,True,False,,original,False
ev_p5avaayjagn,S2,EXPT,1,S2_EXPT_D1,2026-07-23T20:11:52,11.9,army_ljoh,ARMY,comment,35,pre_note,True,True,they,original,True
ev_e47pjypmz93,S2,EXPT,1,S2_EXPT_D1,2026-07-23T20:12:14,12.2,army_5cdw,ARMY,comment,40,pre_note,True,False,,original,False
ev_eptkb52qhyw,S2,EXPT,1,S2_EXPT_D1,2026-07-23T20:12:23,12.4,army_ljoh,ARMY,comment,25,pre_note,True,True,they,original,True
ev_2yorq69hbkn,S2,EXPT,1,S2_EXPT_D1,2026-07-23T20:14:23,14.4,blink_5q5g,BLINK,comment,25,pre_note,True,False,,original,False
ev_ts1qrmmlsob,S2,EXPT,1,S2_EXPT_D1,2026-07-23T20:15:43,15.7,blink_5q5g,BLINK,comment,20,pre_note,True,False,,original,False
ev_5ka4hbenyk5,S2,EXPT,1,S2_EXPT_D1,2026-07-23T20:16:07,16.1,blink_9mhr,BLINK,post,25,pre_note,True,True,named,original,False
ev_e710tfuwm0m,S2,EXPT,1,S2_EXPT_D1,2026-07-23T20:16:12,16.2,army_va5o,ARMY,comment,55,pre_note,True,False,,original,False
ev_887wfb78i9p,S2,EXPT,1,S2_EXPT_D1,2026-07-23T20:17:02,17,blink_9wan,BLINK,post,45,pre_note,True,False,,original,False
ev_ut44gi5tzjj,S2,EXPT,1,S2_EXPT_D1,2026-07-23T20:17:31,17.5,army_ljoh,ARMY,comment,50,pre_note,True,False,,original,True
ev_usht0xjv6ml,S2,EXPT,1,S2_EXPT_D1,2026-07-23T20:18:15,18.3,blink_9mhr,BLINK,comment,15,pre_note,True,True,they,original,False
ev_8qkrev77f9e,S2,EXPT,1,S2_EXPT_D1,2026-07-23T20:19:04,19.1,blink_5q5g,BLINK,comment,30,pre_note,True,False,,original,False
ev_tjxyqomxqwx,S2,EXPT,1,S2_EXPT_D1,2026-07-23T20:20:05,20.1,army_ljoh,ARMY,comment,80,pre_note,True,False,,original,True
ev_m2qui1diokv,S2,EXPT,1,S2_EXPT_D1,2026-07-23T20:20:24,20.4,army_va5o,ARMY,comment,45,pre_note,True,True,named,original,False
ev_unq8i61rytk,S2,EXPT,1,S2_EXPT_D1,2026-07-23T20:20:32,20.5,army_ljoh,ARMY,comment,45,pre_note,True,False,,original,True
ev_4op9m11kakj,S2,EXPT,1,S2_EXPT_D1,2026-07-23T20:20:33,20.6,blink_9wan,BLINK,comment,60,pre_note,True,True,named,original,False
ev_49fut47xdsk,S2,EXPT,1,S2_EXPT_D1,2026-07-23T20:20:58,21,army_va5o,ARMY,post,75,pre_note,True,False,,original,False
ev_ebch2hv8s07,S2,EXPT,1,S2_EXPT_D1,2026-07-23T20:22:35,22.6,army_ljoh,ARMY,comment,55,pre_note,True,False,,original,True
ev_ta0e73jwiqb,S2,EXPT,1,S2_EXPT_D1,2026-07-23T20:22:54,22.9,blink_5q5g,BLINK,comment,35,pre_note,True,False,,original,False
ev_x6fmse5cpen,S2,EXPT,1,S2_EXPT_D1,2026-07-23T20:23:00,23,army_ljoh,ARMY,comment,60,pre_note,True,True,they,original,True
ev_d9w2zom3xx5,S2,EXPT,1,S2_EXPT_D1,2026-07-23T20:24:13,24.2,army_ljoh,ARMY,comment,55,pre_note,True,True,they,original,True
ev_njr6ntd37ms,S2,EXPT,1,S2_EXPT_D1,2026-07-23T20:24:34,24.6,army_va5o,ARMY,comment,30,pre_note,True,True,they,original,False
ev_cfqqtkvwj0q,S2,EXPT,1,S2_EXPT_D1,2026-07-23T20:27:24,27.4,blink_9wan,BLINK,post,60,pre_note,True,False,,original,False
ev_2n4qbaitcss,S2,EXPT,1,S2_EXPT_D1,2026-07-23T20:27:41,27.7,army_ljoh,ARMY,comment,60,pre_note,True,True,they,original,True
ev_seubuah5etg,S2,EXPT,1,S2_EXPT_D1,2026-07-23T20:27:42,27.7,army_5cdw,ARMY,comment,65,pre_note,True,False,,original,False
ev_1t98j8u2lw7,S2,EXPT,1,S2_EXPT_D1,2026-07-23T20:28:27,28.5,blink_9mhr,BLINK,comment,35,pre_note,True,False,,original,False
ev_iqvgxx5ydry,S2,EXPT,1,S2_EXPT_D1,2026-07-23T20:29:09,29.2,blink_9mhr,BLINK,comment,50,pre_note,True,True,they,original,False
ev_whwe4r4l437,S2,EXPT,1,S2_EXPT_D1,2026-07-23T20:29:54,29.9,blink_5q5g,BLINK,comment,85,pre_note,True,False,,original,False
ev_xxs3kkw13if,S2,EXPT,1,S2_EXPT_D1,2026-07-23T20:30:26,30.4,army_ljoh,ARMY,comment,50,pre_note,True,True,named,original,True
ev_nhiwvclii55,S2,EXPT,1,S2_EXPT_D1,2026-07-23T20:30:39,30.7,blink_9mhr,BLINK,comment,70,pre_note,True,True,they,original,False
ev_h8owb7t4ko6,S2,EXPT,1,S2_EXPT_D1,2026-07-23T20:30:50,30.8,army_ljoh,ARMY,comment,55,pre_note,True,False,,original,True
ev_mmug24y82sx,S2,EXPT,1,S2_EXPT_D1,2026-07-23T20:31:07,31.1,army_ljoh,ARMY,comment,80,pre_note,True,False,,original,True
ev_pghncx3g480,S2,EXPT,1,S2_EXPT_D1,2026-07-23T20:31:03,31.1,army_ljoh,ARMY,comment,65,pre_note,True,False,,original,True
ev_df7wm4y9fhf,S2,EXPT,1,S2_EXPT_D1,2026-07-23T20:31:23,31.4,blink_9mhr,BLINK,comment,55,pre_note,True,False,,original,False
ev_2sb4qb294l6,S2,EXPT,1,S2_EXPT_D1,2026-07-23T20:32:07,32.1,army_ljoh,ARMY,post,75,pre_note,True,False,,original,True
ev_mpsuvfl2kcm,S2,EXPT,1,S2_EXPT_D1,2026-07-23T20:32:58,33,army_ljoh,ARMY,post,70,pre_note,True,False,,original,True
ev_jezbemrasw5,S2,EXPT,1,S2_EXPT_D1,2026-07-23T20:33:27,33.5,army_ljoh,ARMY,comment,70,pre_note,True,True,they,original,True
ev_ub3u2lhyjsm,S2,EXPT,1,S2_EXPT_D1,2026-07-23T20:34:35,34.6,army_va5o,ARMY,comment,75,pre_note,True,True,they,original,False
ev_qh8cdmt31ix,S2,EXPT,1,S2_EXPT_D1,2026-07-23T20:34:44,34.7,army_va5o,ARMY,comment,50,pre_note,True,True,they,original,False
ev_5k7e250an5j,S2,EXPT,1,S2_EXPT_D1,2026-07-23T20:35:12,35.2,army_va5o,ARMY,comment,40,post_note,True,False,,note_task,False
ev_p27unbqk44j,S2,EXPT,1,S2_EXPT_D1,2026-07-23T20:35:58,36,army_ljoh,ARMY,post,65,post_note,True,False,,original,True
ev_mwwy6p6ib8a,S2,EXPT,1,S2_EXPT_D1,2026-07-23T20:36:25,36.4,army_ljoh,ARMY,post,75,post_note,True,True,named,note_task,True
ev_ca1wpb9i8a6,S2,EXPT,1,S2_EXPT_D1,2026-07-23T20:36:49,36.8,blink_5q5g,BLINK,comment,0,post_note,True,False,,note_task,False
ev_kpg9dz8rd4o,S2,EXPT,1,S2_EXPT_D1,2026-07-23T20:37:58,38,army_ljoh,ARMY,comment,65,post_note,True,False,,original,True
ev_c1g5zrefu45,S2,EXPT,1,S2_EXPT_D1,2026-07-23T20:39:25,39.4,blink_5q5g,BLINK,comment,10,post_note,True,True,named,note_task,False
ev_q0voo85wiia,S2,EXPT,1,S2_EXPT_D1,2026-07-23T20:40:06,40.1,army_ljoh,ARMY,comment,65,post_note,True,False,,note_task,True
ev_jdzkcvpqvr3,S2,EXPT,1,S2_EXPT_D1,2026-07-23T20:40:28,40.5,army_ljoh,ARMY,post,65,post_note,True,True,they,note_task,True
ev_lfja7c9nnpi,S2,EXPT,1,S2_EXPT_D1,2026-07-23T20:42:44,42.7,army_ljoh,ARMY,comment,60,post_note,True,True,named,original,True
ev_63131osd1be,S2,EXPT,1,S2_EXPT_D1,2026-07-23T20:43:17,43.3,blink_9mhr,BLINK,comment,0,post_note,True,True,named,original,False
ev_g848u5bkrdb,S2,EXPT,1,S2_EXPT_D1,2026-07-23T20:43:28,43.5,army_ljoh,ARMY,comment,80,post_note,True,False,,original,True
ev_ju1v2b6xjvt,S2,EXPT,1,S2_EXPT_D1,2026-07-23T20:44:07,44.1,blink_9wan,BLINK,comment,5,post_note,True,False,,note_task,False
ev_9p4fclpplb5,S2,EXPT,1,S2_EXPT_D1,2026-07-23T20:44:07,44.1,blink_9wan,BLINK,post,20,post_note,True,False,,note_task,False
ev_gb6u657hgv7,S2,EXPT,1,S2_EXPT_D1,2026-07-23T20:46:12,46.2,blink_5q5g,BLINK,comment,0,post_note,True,False,,note_task,False
ev_b8aqeoiu7i5,S2,EXPT,1,S2_EXPT_D1,2026-07-23T20:46:25,46.4,army_va5o,ARMY,comment,5,post_note,True,True,they,note_task,False
ev_sjwy32yxnvc,S2,EXPT,1,S2_EXPT_D1,2026-07-23T20:46:45,46.8,army_va5o,ARMY,comment,15,post_note,True,False,,note_task,False
ev_cj0qqvthtwa,S2,EXPT,1,S2_EXPT_D1,2026-07-23T20:47:54,47.9,army_ljoh,ARMY,comment,65,post_note,True,False,,original,True
ev_mk6nl1z2x35,S2,EXPT,1,S2_EXPT_D1,2026-07-23T20:48:12,48.2,army_ljoh,ARMY,comment,70,post_note,True,True,named,original,True
ev_1wyqtqgv6ze,S2,EXPT,1,S2_EXPT_D1,2026-07-23T20:49:12,49.2,army_ljoh,ARMY,comment,75,post_note,True,False,,original,True
ev_39lir4rb4g6,S2,EXPT,1,S2_EXPT_D1,2026-07-23T20:49:33,49.6,blink_9mhr,BLINK,post,20,post_note,True,True,named,original,False
ev_61dqzk3kg7s,S2,EXPT,1,S2_EXPT_D1,2026-07-23T20:52:27,52.5,army_ljoh,ARMY,comment,65,post_note,True,True,they,original,True
ev_0g2ihs1xsd3,S2,EXPT,1,S2_EXPT_D1,2026-07-23T20:52:37,52.6,army_ljoh,ARMY,comment,60,post_note,True,False,,original,True
ev_1hztt3fvnlp,S2,EXPT,1,S2_EXPT_D1,2026-07-23T20:52:40,52.7,army_va5o,ARMY,comment,25,post_note,True,False,,original,False
ev_eo9dcfkv8pt,S2,EXPT,1,S2_EXPT_D1,2026-07-23T20:53:48,53.8,army_va5o,ARMY,comment,35,post_note,True,True,named,original,False
ev_lvur60ixjsw,S2,EXPT,1,S2_EXPT_D1,2026-07-23T20:54:33,54.6,blink_9mhr,BLINK,comment,40,post_note,True,True,they,original,False
ev_blhe5r1ouwx,S2,EXPT,1,S2_EXPT_D1,2026-07-23T20:54:48,54.8,blink_9mhr,BLINK,comment,35,post_note,True,False,,original,False
ev_61fjffnh1hx,S2,EXPT,1,S2_EXPT_D1,2026-07-23T20:56:20,56.3,blink_9wan,BLINK,comment,35,post_note,True,True,named,original,False
ev_4gdqjfbwl5h,S2,EXPT,1,S2_EXPT_D1,2026-07-23T20:57:19,57.3,army_ljoh,ARMY,comment,75,post_note,True,True,named,original,True
ev_npww89nuhcw,S2,EXPT,1,S2_EXPT_D1,2026-07-23T20:57:27,57.5,army_ljoh,ARMY,comment,90,post_note,True,False,,original,True
ev_rhmscf0saxd,S2,EXPT,1,S2_EXPT_D1,2026-07-23T20:57:44,57.7,army_ljoh,ARMY,post,80,post_note,True,True,named,original,True
ev_xajuiuzurcu,S2,EXPT,1,S2_EXPT_D1,2026-07-23T20:57:58,58,army_ljoh,ARMY,comment,55,post_note,True,True,they,original,True
ev_tsfnqvrc3qn,S2,EXPT,1,S2_EXPT_D1,2026-07-23T20:58:20,58.3,army_5cdw,ARMY,comment,60,post_note,True,True,they,original,False
ev_7bw2pyw2ban,S2,EXPT,1,S2_EXPT_D1,2026-07-23T20:58:38,58.6,army_5cdw,ARMY,comment,30,post_note,True,False,,original,False
ev_c4ocih1wi07,S2,EXPT,1,S2_EXPT_D1,2026-07-23T20:58:50,58.8,army_ljoh,ARMY,comment,60,post_note,True,True,named,original,True
ev_j58uekikgdq,S2,EXPT,1,S2_EXPT_D1,2026-07-23T20:58:51,58.9,army_ljoh,ARMY,comment,75,post_note,True,True,named,original,True
ev_2swudyec8f7,S2,EXPT,1,S2_EXPT_D1,2026-07-23T20:59:03,59.1,army_5cdw,ARMY,comment,60,post_note,True,False,,original,False
ev_rbzh4e91g2b,S2,EXPT,1,S2_EXPT_D1,2026-07-23T20:59:18,59.3,blink_9wan,BLINK,comment,45,post_note,True,False,,original,False
ev_feb0pf2olgn,S2,EXPT,1,S2_EXPT_D1,2026-07-23T20:59:38,59.6,army_ljoh,ARMY,comment,60,post_note,True,True,they,original,True
ev_pn1wx1tmyx8,S2,EXPT,2,S2_EXPT_D2,2026-07-24T20:00:08,0.1,army_ljoh,ARMY,comment,75,day2_no_note,False,False,,original,True
ev_w70d2ars8gt,S2,EXPT,2,S2_EXPT_D2,2026-07-24T20:00:35,0.6,army_va5o,ARMY,comment,40,day2_no_note,False,True,named,original,False
ev_maym0k44ach,S2,EXPT,2,S2_EXPT_D2,2026-07-24T20:00:44,0.7,army_ljoh,ARMY,comment,80,day2_no_note,False,True,named,original,True
ev_yxn1wqdh2ea,S2,EXPT,2,S2_EXPT_D2,2026-07-24T20:01:10,1.2,blink_9wan,BLINK,comment,25,day2_no_note,False,True,named,original,False
ev_qjvedw38drm,S2,EXPT,2,S2_EXPT_D2,2026-07-24T20:01:21,1.4,army_ljoh,ARMY,comment,60,day2_no_note,False,False,,original,True
ev_8pt4klamzj5,S2,EXPT,2,S2_EXPT_D2,2026-07-24T20:01:27,1.5,army_ljoh,ARMY,comment,95,day2_no_note,False,True,named,original,True
ev_zpr1ksbg77z,S2,EXPT,2,S2_EXPT_D2,2026-07-24T20:02:52,2.9,blink_5q5g,BLINK,comment,25,day2_no_note,False,False,,original,False
ev_dipsjrj0odf,S2,EXPT,2,S2_EXPT_D2,2026-07-24T20:05:01,5,army_va5o,ARMY,post,5,day2_no_note,False,True,they,original,False
ev_q8xbesrss9b,S2,EXPT,2,S2_EXPT_D2,2026-07-24T20:05:30,5.5,blink_9wan,BLINK,comment,40,day2_no_note,False,True,named,original,False
ev_klhoy50xhh8,S2,EXPT,2,S2_EXPT_D2,2026-07-24T20:05:43,5.7,army_ljoh,ARMY,comment,50,day2_no_note,False,True,they,original,True
ev_4f52ifeawna,S2,EXPT,2,S2_EXPT_D2,2026-07-24T20:06:37,6.6,blink_9mhr,BLINK,comment,10,day2_no_note,False,True,they,original,False
ev_x43np9yyh46,S2,EXPT,2,S2_EXPT_D2,2026-07-24T20:06:41,6.7,blink_9wan,BLINK,comment,35,day2_no_note,False,False,,original,False
ev_octb3on1dfn,S2,EXPT,2,S2_EXPT_D2,2026-07-24T20:06:46,6.8,blink_9mhr,BLINK,comment,45,day2_no_note,False,True,named,original,False
ev_hk0i6ymxe8z,S2,EXPT,2,S2_EXPT_D2,2026-07-24T20:07:04,7.1,blink_9mhr,BLINK,post,15,day2_no_note,False,True,named,original,False
ev_kivdpi5c83m,S2,EXPT,2,S2_EXPT_D2,2026-07-24T20:07:14,7.2,army_5cdw,ARMY,comment,65,day2_no_note,False,True,named,original,False
ev_yuca0i7utm5,S2,EXPT,2,S2_EXPT_D2,2026-07-24T20:07:15,7.3,army_ljoh,ARMY,comment,65,day2_no_note,False,True,they,original,True
ev_1kwlcdn4der,S2,EXPT,2,S2_EXPT_D2,2026-07-24T20:09:44,9.7,blink_5q5g,BLINK,comment,0,day2_no_note,False,True,they,original,False
ev_uxy1x62ra5z,S2,EXPT,2,S2_EXPT_D2,2026-07-24T20:11:01,11,army_ljoh,ARMY,post,70,day2_no_note,False,True,they,original,True
ev_zr83qdkb7tp,S2,EXPT,2,S2_EXPT_D2,2026-07-24T20:12:03,12.1,army_ljoh,ARMY,comment,75,day2_no_note,False,True,they,original,True
ev_um0aih03pbq,S2,EXPT,2,S2_EXPT_D2,2026-07-24T20:14:13,14.2,army_5cdw,ARMY,comment,65,day2_no_note,False,True,they,original,False
ev_16h5uvplduo,S2,EXPT,2,S2_EXPT_D2,2026-07-24T20:14:19,14.3,army_ljoh,ARMY,comment,55,day2_no_note,False,True,named,original,True
ev_hzzp6beluhe,S2,EXPT,2,S2_EXPT_D2,2026-07-24T20:14:17,14.3,blink_9wan,BLINK,comment,40,day2_no_note,False,False,,original,False
ev_wrg6ldej2so,S2,EXPT,2,S2_EXPT_D2,2026-07-24T20:14:39,14.7,army_va5o,ARMY,comment,20,day2_no_note,False,True,they,original,False
ev_0om1vczhold,S2,EXPT,2,S2_EXPT_D2,2026-07-24T20:14:40,14.7,blink_5q5g,BLINK,comment,15,day2_no_note,False,True,they,original,False
ev_i9b3b2ryic0,S2,EXPT,2,S2_EXPT_D2,2026-07-24T20:14:49,14.8,army_va5o,ARMY,comment,40,day2_no_note,False,True,they,original,False
ev_evq0in3sz3z,S2,EXPT,2,S2_EXPT_D2,2026-07-24T20:15:11,15.2,army_ljoh,ARMY,comment,75,day2_no_note,False,False,,original,True
ev_w78lyy0zo1r,S2,EXPT,2,S2_EXPT_D2,2026-07-24T20:16:41,16.7,army_ljoh,ARMY,comment,80,day2_no_note,False,False,,original,True
ev_c4ct84sh7ox,S2,EXPT,2,S2_EXPT_D2,2026-07-24T20:16:48,16.8,army_5cdw,ARMY,post,60,day2_no_note,False,False,,original,False
ev_am7wjv7rvtk,S2,EXPT,2,S2_EXPT_D2,2026-07-24T20:18:24,18.4,army_ljoh,ARMY,comment,75,day2_no_note,False,False,,original,True
ev_k2txct6wwxd,S2,EXPT,2,S2_EXPT_D2,2026-07-24T20:18:52,18.9,army_va5o,ARMY,comment,35,day2_no_note,False,False,,original,False
ev_3xxllkbswnz,S2,EXPT,2,S2_EXPT_D2,2026-07-24T20:19:25,19.4,army_ljoh,ARMY,post,75,day2_no_note,False,True,named,original,True
ev_2mu24hvyzkq,S2,EXPT,2,S2_EXPT_D2,2026-07-24T20:20:17,20.3,army_va5o,ARMY,comment,35,day2_no_note,False,True,they,original,False
ev_3mgyb5qh2u0,S2,EXPT,2,S2_EXPT_D2,2026-07-24T20:21:00,21,army_ljoh,ARMY,post,70,day2_no_note,False,True,named,original,True
ev_tc2f7bd1lcx,S2,EXPT,2,S2_EXPT_D2,2026-07-24T20:21:13,21.2,army_ljoh,ARMY,comment,85,day2_no_note,False,False,,original,True
ev_wegnwi97lyg,S2,EXPT,2,S2_EXPT_D2,2026-07-24T20:21:20,21.3,army_ljoh,ARMY,comment,85,day2_no_note,False,False,,original,True
ev_oee2rkrjuw9,S2,EXPT,2,S2_EXPT_D2,2026-07-24T20:21:21,21.4,army_5cdw,ARMY,comment,35,day2_no_note,False,False,,original,False
ev_ohx2jwwiqg9,S2,EXPT,2,S2_EXPT_D2,2026-07-24T20:21:29,21.5,blink_5q5g,BLINK,comment,10,day2_no_note,False,True,named,original,False
ev_nw0i8ounjxc,S2,EXPT,2,S2_EXPT_D2,2026-07-24T20:21:43,21.7,army_5cdw,ARMY,post,35,day2_no_note,False,False,,original,False
ev_nto682kyxbo,S2,EXPT,2,S2_EXPT_D2,2026-07-24T20:22:14,22.2,blink_9mhr,BLINK,comment,20,day2_no_note,False,False,,original,False
ev_i2axvwx90qy,S2,EXPT,2,S2_EXPT_D2,2026-07-24T20:23:07,23.1,blink_9wan,BLINK,post,5,day2_no_note,False,True,named,original,False
ev_2ree8hemj3j,S2,EXPT,2,S2_EXPT_D2,2026-07-24T20:23:20,23.3,army_ljoh,ARMY,comment,70,day2_no_note,False,False,,original,True
ev_o61rad0phuv,S2,EXPT,2,S2_EXPT_D2,2026-07-24T20:23:39,23.7,army_ljoh,ARMY,comment,60,day2_no_note,False,True,named,original,True
ev_hg63hr6l390,S2,EXPT,2,S2_EXPT_D2,2026-07-24T20:23:57,24,army_ljoh,ARMY,comment,55,day2_no_note,False,True,named,original,True
ev_xo4z2sb47ll,S2,EXPT,2,S2_EXPT_D2,2026-07-24T20:24:12,24.2,army_ljoh,ARMY,comment,65,day2_no_note,False,False,,original,True
ev_fnojirm7loh,S2,EXPT,2,S2_EXPT_D2,2026-07-24T20:26:28,26.5,army_ljoh,ARMY,comment,55,day2_no_note,False,True,they,original,True
ev_di9b1e3mjl1,S2,EXPT,2,S2_EXPT_D2,2026-07-24T20:26:57,27,army_ljoh,ARMY,comment,85,day2_no_note,False,True,they,original,True
ev_b0i9ef65fxg,S2,EXPT,2,S2_EXPT_D2,2026-07-24T20:28:12,28.2,blink_9mhr,BLINK,post,60,day2_no_note,False,False,,original,False
ev_0y0btavz157,S2,EXPT,2,S2_EXPT_D2,2026-07-24T20:28:17,28.3,army_ljoh,ARMY,comment,85,day2_no_note,False,True,named,original,True
ev_o3j2vudzhbq,S2,EXPT,2,S2_EXPT_D2,2026-07-24T20:29:17,29.3,blink_9mhr,BLINK,comment,15,day2_no_note,False,False,,original,False
ev_u2nti4tugf6,S2,EXPT,2,S2_EXPT_D2,2026-07-24T20:29:18,29.3,army_ljoh,ARMY,comment,80,day2_no_note,False,True,named,original,True
ev_qnl1x9xu76s,S2,EXPT,2,S2_EXPT_D2,2026-07-24T20:29:45,29.8,blink_5q5g,BLINK,comment,15,day2_no_note,False,False,,original,False
ev_hlqspwkfi3w,S2,EXPT,2,S2_EXPT_D2,2026-07-24T20:30:09,30.2,army_va5o,ARMY,post,40,day2_no_note,False,True,they,original,False
ev_5efowq198do,S2,EXPT,2,S2_EXPT_D2,2026-07-24T20:31:06,31.1,army_5cdw,ARMY,comment,30,day2_no_note,False,True,named,original,False
ev_0kjwlx0k7vn,S2,EXPT,2,S2_EXPT_D2,2026-07-24T20:31:41,31.7,blink_9wan,BLINK,comment,40,day2_no_note,False,True,named,original,False
ev_6s9ker43eih,S2,EXPT,2,S2_EXPT_D2,2026-07-24T20:31:47,31.8,army_ljoh,ARMY,comment,60,day2_no_note,False,True,named,original,True
ev_1wnvq0ghr5g,S2,EXPT,2,S2_EXPT_D2,2026-07-24T20:31:49,31.8,army_va5o,ARMY,post,35,day2_no_note,False,True,they,original,False
ev_zqpk0241ofj,S2,EXPT,2,S2_EXPT_D2,2026-07-24T20:31:53,31.9,blink_9mhr,BLINK,post,30,day2_no_note,False,True,they,original,False
ev_5518xbn98cw,S2,EXPT,2,S2_EXPT_D2,2026-07-24T20:31:58,32,army_ljoh,ARMY,comment,75,day2_no_note,False,True,they,original,True
ev_dvwhjgl2p1g,S2,EXPT,2,S2_EXPT_D2,2026-07-24T20:32:20,32.3,blink_5q5g,BLINK,comment,15,day2_no_note,False,False,,original,False
ev_64ergv7ggs0,S2,EXPT,2,S2_EXPT_D2,2026-07-24T20:32:54,32.9,army_ljoh,ARMY,post,75,day2_no_note,False,True,named,original,True
ev_8lzw6y1aycw,S2,EXPT,2,S2_EXPT_D2,2026-07-24T20:33:24,33.4,army_5cdw,ARMY,post,55,day2_no_note,False,True,named,original,False
ev_rwgot51pyy8,S2,EXPT,2,S2_EXPT_D2,2026-07-24T20:33:32,33.5,army_ljoh,ARMY,comment,60,day2_no_note,False,True,they,original,True
ev_eqrythfarwo,S2,EXPT,2,S2_EXPT_D2,2026-07-24T20:33:51,33.9,blink_9wan,BLINK,comment,30,day2_no_note,False,False,,original,False
ev_z99hag0yah8,S2,EXPT,2,S2_EXPT_D2,2026-07-24T20:33:53,33.9,army_ljoh,ARMY,post,60,day2_no_note,False,False,,original,True
ev_5ehfu57zk2o,S2,EXPT,2,S2_EXPT_D2,2026-07-24T20:34:38,34.6,army_5cdw,ARMY,post,50,day2_no_note,False,True,they,original,False
ev_5pi2vhtan0f,S2,EXPT,2,S2_EXPT_D2,2026-07-24T20:35:02,35,army_ljoh,ARMY,post,90,day2_no_note,False,True,named,original,True
ev_mlrqncdokyr,S2,EXPT,2,S2_EXPT_D2,2026-07-24T20:35:07,35.1,army_5cdw,ARMY,post,45,day2_no_note,False,True,named,original,False
ev_55p15w0tqe2,S2,EXPT,2,S2_EXPT_D2,2026-07-24T20:35:20,35.3,army_ljoh,ARMY,post,60,day2_no_note,False,False,,original,True
ev_9718fvcbxd9,S2,EXPT,2,S2_EXPT_D2,2026-07-24T20:35:22,35.4,army_ljoh,ARMY,post,100,day2_no_note,False,True,they,original,True
ev_sxwma9wnu3j,S2,EXPT,2,S2_EXPT_D2,2026-07-24T20:35:52,35.9,army_5cdw,ARMY,comment,25,day2_no_note,False,True,named,original,False
ev_yxd50y458fx,S2,EXPT,2,S2_EXPT_D2,2026-07-24T20:37:49,37.8,army_5cdw,ARMY,comment,40,day2_no_note,False,True,named,original,False
ev_tkxjgxyjb5s,S2,EXPT,2,S2_EXPT_D2,2026-07-24T20:38:06,38.1,army_ljoh,ARMY,comment,65,day2_no_note,False,True,they,original,True
ev_yl0uwircefn,S2,EXPT,2,S2_EXPT_D2,2026-07-24T20:38:14,38.2,army_5cdw,ARMY,post,55,day2_no_note,False,True,named,original,False
ev_uxk2xv3miey,S2,EXPT,2,S2_EXPT_D2,2026-07-24T20:38:50,38.8,army_ljoh,ARMY,comment,75,day2_no_note,False,True,they,original,True
ev_lazqj8cpgsb,S2,EXPT,2,S2_EXPT_D2,2026-07-24T20:38:56,38.9,army_ljoh,ARMY,post,75,day2_no_note,False,True,named,original,True
ev_vb83iz0cknh,S2,EXPT,2,S2_EXPT_D2,2026-07-24T20:39:14,39.2,army_ljoh,ARMY,comment,75,day2_no_note,False,False,,original,True
ev_lwi3pwiayfk,S2,EXPT,2,S2_EXPT_D2,2026-07-24T20:40:41,40.7,blink_5q5g,BLINK,comment,35,day2_no_note,False,True,named,original,False
ev_jkpg0z7s7og,S2,EXPT,2,S2_EXPT_D2,2026-07-24T20:41:09,41.2,army_ljoh,ARMY,comment,80,day2_no_note,False,False,,original,True
ev_s16va4xytij,S2,EXPT,2,S2_EXPT_D2,2026-07-24T20:41:12,41.2,blink_5q5g,BLINK,comment,35,day2_no_note,False,False,,original,False
ev_a3g4qccjdd1,S2,EXPT,2,S2_EXPT_D2,2026-07-24T20:41:56,41.9,army_va5o,ARMY,comment,0,day2_no_note,False,True,named,original,False
ev_if08zgnx4xd,S2,EXPT,2,S2_EXPT_D2,2026-07-24T20:41:59,42,blink_5q5g,BLINK,post,15,day2_no_note,False,False,,original,False
ev_vwojzes98sd,S2,EXPT,2,S2_EXPT_D2,2026-07-24T20:42:26,42.4,army_va5o,ARMY,comment,0,day2_no_note,False,True,they,original,False
ev_3p15iw281na,S2,EXPT,2,S2_EXPT_D2,2026-07-24T20:43:05,43.1,army_ljoh,ARMY,comment,55,day2_no_note,False,False,,original,True
ev_ire1ukq7y50,S2,EXPT,2,S2_EXPT_D2,2026-07-24T20:43:24,43.4,blink_9wan,BLINK,comment,35,day2_no_note,False,False,,original,False
ev_r82we4eiaq1,S2,EXPT,2,S2_EXPT_D2,2026-07-24T20:43:30,43.5,blink_9wan,BLINK,comment,15,day2_no_note,False,False,,original,False
ev_3akr4kniyj4,S2,EXPT,2,S2_EXPT_D2,2026-07-24T20:43:42,43.7,blink_9mhr,BLINK,comment,25,day2_no_note,False,True,they,original,False
ev_t8wwsw32laj,S2,EXPT,2,S2_EXPT_D2,2026-07-24T20:44:50,44.8,army_ljoh,ARMY,comment,60,day2_no_note,False,True,named,original,True
ev_qalsaphnys2,S2,EXPT,2,S2_EXPT_D2,2026-07-24T20:45:20,45.3,army_va5o,ARMY,comment,25,day2_no_note,False,True,they,original,False
ev_108nmu2fo3x,S2,EXPT,2,S2_EXPT_D2,2026-07-24T20:45:48,45.8,army_va5o,ARMY,comment,35,day2_no_note,False,True,they,original,False
ev_nsnk4ldtocp,S2,EXPT,2,S2_EXPT_D2,2026-07-24T20:45:48,45.8,army_ljoh,ARMY,comment,75,day2_no_note,False,True,named,original,True
ev_cvuwcckt47j,S2,EXPT,2,S2_EXPT_D2,2026-07-24T20:47:48,47.8,blink_5q5g,BLINK,comment,25,day2_no_note,False,True,named,original,False
ev_j28apbdcgqa,S2,EXPT,2,S2_EXPT_D2,2026-07-24T20:48:22,48.4,army_5cdw,ARMY,comment,40,day2_no_note,False,False,,original,False
ev_mbs80dvdn0q,S2,EXPT,2,S2_EXPT_D2,2026-07-24T20:48:40,48.7,army_ljoh,ARMY,comment,60,day2_no_note,False,True,named,original,True
ev_nbuq6mhbinh,S2,EXPT,2,S2_EXPT_D2,2026-07-24T20:51:27,51.5,blink_9mhr,BLINK,comment,10,day2_no_note,False,False,,original,False
ev_ywzr30cetfd,S2,EXPT,2,S2_EXPT_D2,2026-07-24T20:53:18,53.3,blink_5q5g,BLINK,comment,30,day2_no_note,False,True,named,original,False
ev_qr5eje22jb1,S2,EXPT,2,S2_EXPT_D2,2026-07-24T20:54:50,54.8,blink_9mhr,BLINK,comment,15,day2_no_note,False,True,named,original,False
ev_37dzxw36s5s,S2,EXPT,2,S2_EXPT_D2,2026-07-24T20:57:14,57.2,army_ljoh,ARMY,comment,65,day2_no_note,False,True,named,original,True
ev_mgj5rd1sn87,S2,EXPT,2,S2_EXPT_D2,2026-07-24T20:57:22,57.4,blink_9mhr,BLINK,comment,45,day2_no_note,False,False,,original,False
ev_tt3klben19a,S2,EXPT,2,S2_EXPT_D2,2026-07-24T20:57:59,58,blink_9mhr,BLINK,comment,30,day2_no_note,False,True,named,original,False
ev_e6cmv6sykcz,S2,EXPT,2,S2_EXPT_D2,2026-07-24T20:58:17,58.3,blink_9mhr,BLINK,comment,30,day2_no_note,False,True,named,original,False
ev_tu8c3gyiwp0,S2,EXPT,2,S2_EXPT_D2,2026-07-24T20:59:44,59.7,army_ljoh,ARMY,comment,75,day2_no_note,False,True,named,original,True
ev_mst0he7lkk2,S2,EXPT,2,S2_EXPT_D2,2026-07-24T20:59:57,60,army_va5o,ARMY,comment,35,day2_no_note,False,False,,original,False
ev_14bzbxs9iah,S3,EXPT,1,S3_EXPT_D1,2026-07-23T20:01:01,1,army_7zm0,ARMY,comment,10,pre_note,True,False,,original,False
ev_z679lfq6cs9,S3,EXPT,1,S3_EXPT_D1,2026-07-23T20:01:41,1.7,blink_j9pr,BLINK,comment,35,pre_note,True,False,,original,True
ev_kqaw5vj251c,S3,EXPT,1,S3_EXPT_D1,2026-07-23T20:04:11,4.2,army_7zm0,ARMY,comment,35,pre_note,True,True,they,original,False
ev_nh9wfyx70hg,S3,EXPT,1,S3_EXPT_D1,2026-07-23T20:05:13,5.2,blink_m12f,BLINK,comment,40,pre_note,True,True,they,original,False
ev_hu4anmul55c,S3,EXPT,1,S3_EXPT_D1,2026-07-23T20:05:23,5.4,blink_j9pr,BLINK,comment,40,pre_note,True,True,they,original,True
ev_6cm84lbqech,S3,EXPT,1,S3_EXPT_D1,2026-07-23T20:05:32,5.5,army_rro6,ARMY,comment,40,pre_note,True,False,,original,False
ev_7e9fw8e6e3z,S3,EXPT,1,S3_EXPT_D1,2026-07-23T20:06:12,6.2,blink_j9pr,BLINK,comment,45,pre_note,True,True,they,original,True
ev_53y1ngyan96,S3,EXPT,1,S3_EXPT_D1,2026-07-23T20:06:21,6.4,army_rro6,ARMY,comment,40,pre_note,True,True,they,original,False
ev_jaw5ypoxhxj,S3,EXPT,1,S3_EXPT_D1,2026-07-23T20:06:33,6.6,blink_kw4u,BLINK,comment,25,pre_note,True,True,they,original,False
ev_w1qn5ero5db,S3,EXPT,1,S3_EXPT_D1,2026-07-23T20:06:50,6.8,army_rro6,ARMY,post,10,pre_note,True,False,,original,False
ev_kyactx6n2xo,S3,EXPT,1,S3_EXPT_D1,2026-07-23T20:07:04,7.1,blink_j9pr,BLINK,comment,35,pre_note,True,True,they,original,True
ev_s8qfv796jy3,S3,EXPT,1,S3_EXPT_D1,2026-07-23T20:09:13,9.2,blink_j9pr,BLINK,comment,40,pre_note,True,True,they,original,True
ev_7oygkw3p7wn,S3,EXPT,1,S3_EXPT_D1,2026-07-23T20:12:38,12.6,blink_j9pr,BLINK,comment,40,pre_note,True,True,they,original,True
ev_5gs4qte5fi4,S3,EXPT,1,S3_EXPT_D1,2026-07-23T20:13:31,13.5,blink_kw4u,BLINK,comment,60,pre_note,True,True,they,original,False
ev_pk0cggfvkfm,S3,EXPT,1,S3_EXPT_D1,2026-07-23T20:14:20,14.3,blink_j9pr,BLINK,comment,40,pre_note,True,False,,original,True
ev_cczty3q5ws0,S3,EXPT,1,S3_EXPT_D1,2026-07-23T20:14:36,14.6,blink_j9pr,BLINK,post,35,pre_note,True,True,they,original,True
ev_2veyo2ruyhg,S3,EXPT,1,S3_EXPT_D1,2026-07-23T20:14:44,14.7,blink_j9pr,BLINK,comment,60,pre_note,True,True,named,original,True
ev_ntocl9ys7eu,S3,EXPT,1,S3_EXPT_D1,2026-07-23T20:16:02,16,army_rro6,ARMY,comment,20,pre_note,True,True,they,original,False
ev_ry1pnja44nx,S3,EXPT,1,S3_EXPT_D1,2026-07-23T20:16:18,16.3,army_7zm0,ARMY,comment,15,pre_note,True,True,they,original,False
ev_bvg70di6hxf,S3,EXPT,1,S3_EXPT_D1,2026-07-23T20:16:47,16.8,blink_j9pr,BLINK,comment,90,pre_note,True,False,,original,True
ev_1h8p8553611,S3,EXPT,1,S3_EXPT_D1,2026-07-23T20:17:21,17.4,blink_j9pr,BLINK,post,45,pre_note,True,True,they,original,True
ev_in92ugknee5,S3,EXPT,1,S3_EXPT_D1,2026-07-23T20:17:58,18,blink_m12f,BLINK,comment,45,pre_note,True,False,,original,False
ev_0qajwythtnq,S3,EXPT,1,S3_EXPT_D1,2026-07-23T20:18:28,18.5,blink_m12f,BLINK,comment,55,pre_note,True,True,named,original,False
ev_34ldrdx5gm8,S3,EXPT,1,S3_EXPT_D1,2026-07-23T20:19:24,19.4,army_rro6,ARMY,comment,15,pre_note,True,True,they,original,False
ev_0x9ldgs1i42,S3,EXPT,1,S3_EXPT_D1,2026-07-23T20:19:39,19.7,blink_kw4u,BLINK,comment,65,pre_note,True,False,,original,False
ev_219zqrwzek4,S3,EXPT,1,S3_EXPT_D1,2026-07-23T20:19:46,19.8,blink_j9pr,BLINK,comment,35,pre_note,True,True,they,original,True
ev_yzw648jauc4,S3,EXPT,1,S3_EXPT_D1,2026-07-23T20:19:55,19.9,army_rro6,ARMY,comment,10,pre_note,True,True,they,original,False
ev_yx24c0s4253,S3,EXPT,1,S3_EXPT_D1,2026-07-23T20:20:08,20.1,blink_j9pr,BLINK,comment,70,pre_note,True,True,named,original,True
ev_7u0xjiqw202,S3,EXPT,1,S3_EXPT_D1,2026-07-23T20:21:28,21.5,blink_j9pr,BLINK,comment,65,pre_note,True,False,,original,True
ev_ud8k1bqd7lh,S3,EXPT,1,S3_EXPT_D1,2026-07-23T20:22:12,22.2,blink_kw4u,BLINK,comment,65,pre_note,True,True,they,original,False
ev_12oxmyzjpii,S3,EXPT,1,S3_EXPT_D1,2026-07-23T20:22:49,22.8,blink_j9pr,BLINK,comment,70,pre_note,True,True,they,original,True
ev_k9xzquec1t2,S3,EXPT,1,S3_EXPT_D1,2026-07-23T20:23:44,23.7,blink_j9pr,BLINK,comment,65,pre_note,True,True,they,original,True
ev_he3n05fmx17,S3,EXPT,1,S3_EXPT_D1,2026-07-23T20:24:14,24.2,blink_j9pr,BLINK,comment,65,pre_note,True,False,,original,True
ev_mpqjdslg4bi,S3,EXPT,1,S3_EXPT_D1,2026-07-23T20:24:45,24.8,blink_j9pr,BLINK,comment,55,pre_note,True,True,they,original,True
ev_wrnjpg2srhj,S3,EXPT,1,S3_EXPT_D1,2026-07-23T20:25:16,25.3,army_7zm0,ARMY,comment,70,pre_note,True,False,,original,False
ev_cp4soqxbf2y,S3,EXPT,1,S3_EXPT_D1,2026-07-23T20:25:41,25.7,blink_j9pr,BLINK,comment,50,pre_note,True,False,,original,True
ev_uyf60hm8dk1,S3,EXPT,1,S3_EXPT_D1,2026-07-23T20:25:54,25.9,army_7zm0,ARMY,comment,55,pre_note,True,True,named,original,False
ev_mc3r0y7drwp,S3,EXPT,1,S3_EXPT_D1,2026-07-23T20:26:47,26.8,blink_kw4u,BLINK,comment,75,pre_note,True,True,named,original,False
ev_3n8ru5ozdsr,S3,EXPT,1,S3_EXPT_D1,2026-07-23T20:26:58,27,blink_kw4u,BLINK,comment,50,pre_note,True,True,they,original,False
ev_2ph2g0jf865,S3,EXPT,1,S3_EXPT_D1,2026-07-23T20:27:29,27.5,blink_kw4u,BLINK,comment,80,pre_note,True,False,,original,False
ev_2rxfvvhbiiz,S3,EXPT,1,S3_EXPT_D1,2026-07-23T20:29:12,29.2,blink_j9pr,BLINK,post,85,pre_note,True,True,they,original,True
ev_kh3clerripw,S3,EXPT,1,S3_EXPT_D1,2026-07-23T20:30:37,30.6,blink_m12f,BLINK,comment,75,pre_note,True,True,they,original,False
ev_7t11uxs2slq,S3,EXPT,1,S3_EXPT_D1,2026-07-23T20:31:46,31.8,blink_j9pr,BLINK,comment,75,pre_note,True,False,,original,True
ev_8j0c1eby26a,S3,EXPT,1,S3_EXPT_D1,2026-07-23T20:32:26,32.4,blink_j9pr,BLINK,comment,90,pre_note,True,True,they,original,True
ev_a8y1ui0dfee,S3,EXPT,1,S3_EXPT_D1,2026-07-23T20:32:36,32.6,blink_kw4u,BLINK,comment,75,pre_note,True,True,they,original,False
ev_cwp3ugq23cd,S3,EXPT,1,S3_EXPT_D1,2026-07-23T20:33:13,33.2,army_7zm0,ARMY,post,80,pre_note,True,True,named,original,False
ev_fzu9yyrn3gw,S3,EXPT,1,S3_EXPT_D1,2026-07-23T20:34:13,34.2,army_rro6,ARMY,comment,60,pre_note,True,False,,original,False
ev_0eku0xng6wl,S3,EXPT,1,S3_EXPT_D1,2026-07-23T20:35:10,35.2,blink_j9pr,BLINK,comment,85,post_note,True,False,,original,True
ev_9i3edbmt7h8,S3,EXPT,1,S3_EXPT_D1,2026-07-23T20:35:14,35.2,blink_j9pr,BLINK,comment,60,post_note,True,True,they,original,True
ev_hori22nebr5,S3,EXPT,1,S3_EXPT_D1,2026-07-23T20:36:01,36,blink_j9pr,BLINK,comment,55,post_note,True,False,,note_task,True
ev_35rs5ykk0zs,S3,EXPT,1,S3_EXPT_D1,2026-07-23T20:36:38,36.6,army_7zm0,ARMY,post,25,post_note,True,False,,note_task,False
ev_v155ql5kjlo,S3,EXPT,1,S3_EXPT_D1,2026-07-23T20:36:43,36.7,blink_j9pr,BLINK,comment,60,post_note,True,False,,original,True
ev_sg1gi8o2kds,S3,EXPT,1,S3_EXPT_D1,2026-07-23T20:37:22,37.4,blink_j9pr,BLINK,comment,70,post_note,True,False,,original,True
ev_1p00dlssqqb,S3,EXPT,1,S3_EXPT_D1,2026-07-23T20:37:58,38,blink_j9pr,BLINK,comment,45,post_note,True,False,,note_task,True
ev_snk8yze6t86,S3,EXPT,1,S3_EXPT_D1,2026-07-23T20:38:14,38.2,army_7zm0,ARMY,comment,10,post_note,True,False,,note_task,False
ev_knwj9khg8m2,S3,EXPT,1,S3_EXPT_D1,2026-07-23T20:39:31,39.5,blink_j9pr,BLINK,comment,85,post_note,True,True,named,note_task,True
ev_3oja1wucp47,S3,EXPT,1,S3_EXPT_D1,2026-07-23T20:40:36,40.6,blink_j9pr,BLINK,post,70,post_note,True,True,they,note_task,True
ev_gx32o62kd41,S3,EXPT,1,S3_EXPT_D1,2026-07-23T20:41:46,41.8,blink_j9pr,BLINK,post,75,post_note,True,False,,note_task,True
ev_cq8tjknjdwk,S3,EXPT,1,S3_EXPT_D1,2026-07-23T20:42:23,42.4,army_7zm0,ARMY,post,5,post_note,True,False,,original,False
ev_35wmdcity6y,S3,EXPT,1,S3_EXPT_D1,2026-07-23T20:43:57,44,army_48sp,ARMY,comment,5,post_note,True,True,they,note_task,False
ev_m51jvrdb43l,S3,EXPT,1,S3_EXPT_D1,2026-07-23T20:44:43,44.7,blink_m12f,BLINK,post,10,post_note,True,True,they,note_task,False
ev_nouslhp37rm,S3,EXPT,1,S3_EXPT_D1,2026-07-23T20:45:47,45.8,blink_j9pr,BLINK,comment,65,post_note,True,False,,note_task,True
ev_dqc6nmg838o,S3,EXPT,1,S3_EXPT_D1,2026-07-23T20:46:58,47,army_7zm0,ARMY,comment,15,post_note,True,False,,note_task,False
ev_kkqo6ru5hv9,S3,EXPT,1,S3_EXPT_D1,2026-07-23T20:47:20,47.3,blink_j9pr,BLINK,comment,95,post_note,True,False,,original,True
ev_yvt2ia84109,S3,EXPT,1,S3_EXPT_D1,2026-07-23T20:47:33,47.6,blink_j9pr,BLINK,comment,85,post_note,True,False,,original,True
ev_19znchmsnwt,S3,EXPT,1,S3_EXPT_D1,2026-07-23T20:48:31,48.5,blink_kw4u,BLINK,comment,15,post_note,True,True,they,original,False
ev_m85bq9m5bn4,S3,EXPT,1,S3_EXPT_D1,2026-07-23T20:49:15,49.3,army_rro6,ARMY,comment,5,post_note,True,False,,original,False
ev_dp11flo9mha,S3,EXPT,1,S3_EXPT_D1,2026-07-23T20:49:42,49.7,blink_j9pr,BLINK,comment,50,post_note,True,False,,original,True
ev_fb1stlxd1i2,S3,EXPT,1,S3_EXPT_D1,2026-07-23T20:49:47,49.8,army_7zm0,ARMY,comment,0,post_note,True,False,,original,False
ev_pomeu1nm7jx,S3,EXPT,1,S3_EXPT_D1,2026-07-23T20:50:07,50.1,blink_j9pr,BLINK,post,95,post_note,True,False,,original,True
ev_f9ps8brvprg,S3,EXPT,1,S3_EXPT_D1,2026-07-23T20:50:03,50.1,blink_j9pr,BLINK,comment,75,post_note,True,True,named,original,True
ev_z283fcos2y8,S3,EXPT,1,S3_EXPT_D1,2026-07-23T20:50:56,50.9,army_7zm0,ARMY,post,5,post_note,True,False,,original,False
ev_8zrep25z46y,S3,EXPT,1,S3_EXPT_D1,2026-07-23T20:51:05,51.1,army_7zm0,ARMY,comment,35,post_note,True,False,,original,False
ev_9bi1j4zefbt,S3,EXPT,1,S3_EXPT_D1,2026-07-23T20:51:09,51.2,blink_j9pr,BLINK,comment,70,post_note,True,False,,original,True
ev_t9r8a30q06z,S3,EXPT,1,S3_EXPT_D1,2026-07-23T20:52:06,52.1,army_rro6,ARMY,comment,30,post_note,True,True,named,original,False
ev_t0tmfwbv4qz,S3,EXPT,1,S3_EXPT_D1,2026-07-23T20:52:06,52.1,army_7zm0,ARMY,comment,25,post_note,True,False,,original,False
ev_dqxqire7og1,S3,EXPT,1,S3_EXPT_D1,2026-07-23T20:52:49,52.8,army_rro6,ARMY,comment,20,post_note,True,True,named,original,False
ev_56lvf4hj3pd,S3,EXPT,1,S3_EXPT_D1,2026-07-23T20:53:43,53.7,blink_j9pr,BLINK,comment,80,post_note,True,False,,original,True
ev_chqss96gl9f,S3,EXPT,1,S3_EXPT_D1,2026-07-23T20:54:24,54.4,blink_j9pr,BLINK,comment,85,post_note,True,False,,original,True
ev_5trjjiqcle8,S3,EXPT,1,S3_EXPT_D1,2026-07-23T20:55:28,55.5,army_7zm0,ARMY,comment,10,post_note,True,True,they,original,False
ev_vueezp6m2nf,S3,EXPT,1,S3_EXPT_D1,2026-07-23T20:55:33,55.6,army_48sp,ARMY,comment,40,post_note,True,True,they,original,False
ev_qwgz5v7p5en,S3,EXPT,1,S3_EXPT_D1,2026-07-23T20:55:39,55.7,blink_kw4u,BLINK,comment,55,post_note,True,True,named,original,False
ev_h5jmuwhqp6z,S3,EXPT,1,S3_EXPT_D1,2026-07-23T20:56:25,56.4,blink_j9pr,BLINK,comment,65,post_note,True,False,,original,True
ev_9ltwkc532zm,S3,EXPT,1,S3_EXPT_D1,2026-07-23T20:57:14,57.2,blink_j9pr,BLINK,comment,55,post_note,True,True,named,original,True
ev_ylw0e3ptu89,S3,EXPT,1,S3_EXPT_D1,2026-07-23T20:58:01,58,army_7zm0,ARMY,post,25,post_note,True,True,named,original,False
ev_hoo7vsciy9v,S3,EXPT,1,S3_EXPT_D1,2026-07-23T20:58:41,58.7,blink_j9pr,BLINK,comment,60,post_note,True,False,,original,True
ev_7fe6vnv8kwj,S3,EXPT,1,S3_EXPT_D1,2026-07-23T20:59:18,59.3,blink_j9pr,BLINK,post,70,post_note,True,True,they,original,True
ev_34dzzcvhjvl,S3,EXPT,2,S3_EXPT_D2,2026-07-24T20:00:14,0.2,blink_j9pr,BLINK,comment,80,day2_no_note,False,True,they,original,True
ev_jpe93cvm1jm,S3,EXPT,2,S3_EXPT_D2,2026-07-24T20:00:24,0.4,army_rro6,ARMY,comment,10,day2_no_note,False,False,,original,False
ev_qomd55p1jwa,S3,EXPT,2,S3_EXPT_D2,2026-07-24T20:00:23,0.4,blink_j9pr,BLINK,comment,85,day2_no_note,False,True,named,original,True
ev_6ckgpy8d3tc,S3,EXPT,2,S3_EXPT_D2,2026-07-24T20:00:48,0.8,blink_j9pr,BLINK,post,80,day2_no_note,False,False,,original,True
ev_w30n6y2n89p,S3,EXPT,2,S3_EXPT_D2,2026-07-24T20:00:48,0.8,army_7zm0,ARMY,post,0,day2_no_note,False,True,they,original,False
ev_kt1ljgsxafx,S3,EXPT,2,S3_EXPT_D2,2026-07-24T20:01:09,1.2,blink_j9pr,BLINK,comment,75,day2_no_note,False,True,named,original,True
ev_yfrp7580xgx,S3,EXPT,2,S3_EXPT_D2,2026-07-24T20:02:28,2.5,army_7zm0,ARMY,comment,10,day2_no_note,False,False,,original,False
ev_amuetkg0x5b,S3,EXPT,2,S3_EXPT_D2,2026-07-24T20:02:44,2.7,army_rro6,ARMY,comment,5,day2_no_note,False,False,,original,False
ev_e3soveqczvx,S3,EXPT,2,S3_EXPT_D2,2026-07-24T20:02:43,2.7,army_48sp,ARMY,comment,40,day2_no_note,False,True,named,original,False
ev_0fkdy9nzy9b,S3,EXPT,2,S3_EXPT_D2,2026-07-24T20:02:58,3,army_rro6,ARMY,comment,25,day2_no_note,False,False,,original,False
ev_7xmsonf1g1p,S3,EXPT,2,S3_EXPT_D2,2026-07-24T20:04:03,4.1,army_rro6,ARMY,comment,10,day2_no_note,False,True,named,original,False
ev_r0adlzcetbg,S3,EXPT,2,S3_EXPT_D2,2026-07-24T20:04:50,4.8,blink_j9pr,BLINK,comment,55,day2_no_note,False,False,,original,True
ev_qmjkboqjo9v,S3,EXPT,2,S3_EXPT_D2,2026-07-24T20:05:09,5.2,blink_kw4u,BLINK,comment,50,day2_no_note,False,True,named,original,False
ev_9ifrqkn1bbn,S3,EXPT,2,S3_EXPT_D2,2026-07-24T20:05:47,5.8,blink_j9pr,BLINK,comment,70,day2_no_note,False,True,named,original,True
ev_4chzyt86fp4,S3,EXPT,2,S3_EXPT_D2,2026-07-24T20:06:25,6.4,blink_j9pr,BLINK,comment,45,day2_no_note,False,True,named,original,True
ev_2c31rmawgwr,S3,EXPT,2,S3_EXPT_D2,2026-07-24T20:06:25,6.4,blink_m12f,BLINK,post,20,day2_no_note,False,True,they,original,False
ev_s6uvrkzc73g,S3,EXPT,2,S3_EXPT_D2,2026-07-24T20:06:31,6.5,blink_j9pr,BLINK,comment,85,day2_no_note,False,True,named,original,True
ev_hh4wr9fjfp2,S3,EXPT,2,S3_EXPT_D2,2026-07-24T20:06:53,6.9,army_48sp,ARMY,comment,30,day2_no_note,False,True,named,original,False
ev_abnf257ziph,S3,EXPT,2,S3_EXPT_D2,2026-07-24T20:08:15,8.3,blink_m12f,BLINK,post,25,day2_no_note,False,True,named,original,False
ev_oldvio83gza,S3,EXPT,2,S3_EXPT_D2,2026-07-24T20:08:25,8.4,army_rro6,ARMY,post,30,day2_no_note,False,True,named,original,False
ev_r63act6ykra,S3,EXPT,2,S3_EXPT_D2,2026-07-24T20:11:39,11.7,blink_m12f,BLINK,post,5,day2_no_note,False,False,,original,False
ev_ppnxx2o8z48,S3,EXPT,2,S3_EXPT_D2,2026-07-24T20:11:47,11.8,blink_j9pr,BLINK,comment,65,day2_no_note,False,True,named,original,True
ev_0pfi7clid78,S3,EXPT,2,S3_EXPT_D2,2026-07-24T20:12:24,12.4,army_7zm0,ARMY,comment,0,day2_no_note,False,False,,original,False
ev_vs74o7622xj,S3,EXPT,2,S3_EXPT_D2,2026-07-24T20:12:47,12.8,army_48sp,ARMY,comment,40,day2_no_note,False,False,,original,False
ev_wr72f3xh8wz,S3,EXPT,2,S3_EXPT_D2,2026-07-24T20:12:51,12.9,blink_j9pr,BLINK,comment,85,day2_no_note,False,False,,original,True
ev_6all9rwnjq7,S3,EXPT,2,S3_EXPT_D2,2026-07-24T20:12:52,12.9,army_7zm0,ARMY,comment,0,day2_no_note,False,False,,original,False
ev_fjw05u7veqw,S3,EXPT,2,S3_EXPT_D2,2026-07-24T20:14:00,14,blink_m12f,BLINK,post,30,day2_no_note,False,False,,original,False
ev_d9q9uewb3b5,S3,EXPT,2,S3_EXPT_D2,2026-07-24T20:14:40,14.7,army_rro6,ARMY,comment,10,day2_no_note,False,True,they,original,False
ev_xch0nsojd0p,S3,EXPT,2,S3_EXPT_D2,2026-07-24T20:16:00,16,army_rro6,ARMY,comment,5,day2_no_note,False,True,they,original,False
ev_96m13yzn8nq,S3,EXPT,2,S3_EXPT_D2,2026-07-24T20:17:40,17.7,army_rro6,ARMY,comment,0,day2_no_note,False,False,,original,False
ev_6qni8qjdk2q,S3,EXPT,2,S3_EXPT_D2,2026-07-24T20:17:51,17.9,army_rro6,ARMY,comment,10,day2_no_note,False,False,,original,False
ev_rs6fbbm6qa6,S3,EXPT,2,S3_EXPT_D2,2026-07-24T20:18:53,18.9,blink_j9pr,BLINK,comment,70,day2_no_note,False,False,,original,True
ev_2hzmt6dvd3a,S3,EXPT,2,S3_EXPT_D2,2026-07-24T20:19:45,19.8,army_48sp,ARMY,comment,25,day2_no_note,False,False,,original,False
ev_h659sylryrt,S3,EXPT,2,S3_EXPT_D2,2026-07-24T20:21:34,21.6,blink_kw4u,BLINK,comment,35,day2_no_note,False,True,named,original,False
ev_bgj6p3h65hq,S3,EXPT,2,S3_EXPT_D2,2026-07-24T20:22:50,22.8,blink_j9pr,BLINK,post,60,day2_no_note,False,False,,original,True
ev_1f02tlqgln8,S3,EXPT,2,S3_EXPT_D2,2026-07-24T20:22:51,22.9,blink_m12f,BLINK,post,15,day2_no_note,False,False,,original,False
ev_9anqxob4q0r,S3,EXPT,2,S3_EXPT_D2,2026-07-24T20:22:58,23,blink_kw4u,BLINK,comment,10,day2_no_note,False,True,named,original,False
ev_b5ln7h0l47i,S3,EXPT,2,S3_EXPT_D2,2026-07-24T20:25:54,25.9,blink_j9pr,BLINK,comment,65,day2_no_note,False,True,they,original,True
ev_fooykh0i640,S3,EXPT,2,S3_EXPT_D2,2026-07-24T20:26:09,26.2,blink_j9pr,BLINK,comment,60,day2_no_note,False,True,named,original,True
ev_c9vos16mmbr,S3,EXPT,2,S3_EXPT_D2,2026-07-24T20:26:33,26.6,army_48sp,ARMY,comment,20,day2_no_note,False,False,,original,False
ev_hyqgqvww2dm,S3,EXPT,2,S3_EXPT_D2,2026-07-24T20:27:20,27.3,blink_m12f,BLINK,comment,65,day2_no_note,False,False,,original,False
ev_6d8ux1d8rni,S3,EXPT,2,S3_EXPT_D2,2026-07-24T20:27:31,27.5,army_7zm0,ARMY,comment,25,day2_no_note,False,False,,original,False
ev_jdtlbfo3pct,S3,EXPT,2,S3_EXPT_D2,2026-07-24T20:28:10,28.2,blink_j9pr,BLINK,comment,80,day2_no_note,False,True,they,original,True
ev_edm2jiiepqz,S3,EXPT,2,S3_EXPT_D2,2026-07-24T20:28:29,28.5,blink_kw4u,BLINK,post,20,day2_no_note,False,True,named,original,False
ev_0lei579lwyt,S3,EXPT,2,S3_EXPT_D2,2026-07-24T20:29:46,29.8,blink_j9pr,BLINK,comment,85,day2_no_note,False,True,they,original,True
ev_92cvb4u1nnm,S3,EXPT,2,S3_EXPT_D2,2026-07-24T20:29:50,29.8,army_7zm0,ARMY,comment,15,day2_no_note,False,True,they,original,False
ev_baz8v3uex8u,S3,EXPT,2,S3_EXPT_D2,2026-07-24T20:30:41,30.7,army_rro6,ARMY,comment,25,day2_no_note,False,False,,original,False
ev_4yvndzrnu16,S3,EXPT,2,S3_EXPT_D2,2026-07-24T20:31:07,31.1,blink_j9pr,BLINK,comment,90,day2_no_note,False,False,,original,True
ev_znadwk0mh3l,S3,EXPT,2,S3_EXPT_D2,2026-07-24T20:31:16,31.3,blink_kw4u,BLINK,comment,35,day2_no_note,False,False,,original,False
ev_x28101hlsft,S3,EXPT,2,S3_EXPT_D2,2026-07-24T20:32:59,33,blink_j9pr,BLINK,comment,90,day2_no_note,False,False,,original,True
ev_3c0l80y4wbo,S3,EXPT,2,S3_EXPT_D2,2026-07-24T20:33:10,33.2,blink_m12f,BLINK,comment,10,day2_no_note,False,False,,original,False
ev_58h9mb63cpv,S3,EXPT,2,S3_EXPT_D2,2026-07-24T20:33:12,33.2,army_7zm0,ARMY,comment,15,day2_no_note,False,True,named,original,False
ev_e5d8lemrnmu,S3,EXPT,2,S3_EXPT_D2,2026-07-24T20:33:24,33.4,army_48sp,ARMY,post,75,day2_no_note,False,False,,original,False
ev_g4ovp9acnmj,S3,EXPT,2,S3_EXPT_D2,2026-07-24T20:34:20,34.3,army_rro6,ARMY,post,15,day2_no_note,False,True,named,original,False
ev_ma2e7mahyc0,S3,EXPT,2,S3_EXPT_D2,2026-07-24T20:34:16,34.3,blink_j9pr,BLINK,comment,70,day2_no_note,False,True,they,original,True
ev_j2bibbbn4wh,S3,EXPT,2,S3_EXPT_D2,2026-07-24T20:36:43,36.7,blink_m12f,BLINK,comment,20,day2_no_note,False,False,,original,False
ev_xgfwzhqbdgp,S3,EXPT,2,S3_EXPT_D2,2026-07-24T20:37:02,37,army_48sp,ARMY,comment,40,day2_no_note,False,True,named,original,False
ev_a3lhfv5h1k8,S3,EXPT,2,S3_EXPT_D2,2026-07-24T20:37:17,37.3,army_48sp,ARMY,comment,25,day2_no_note,False,True,named,original,False
ev_pdfcpyg5nnx,S3,EXPT,2,S3_EXPT_D2,2026-07-24T20:37:26,37.4,blink_j9pr,BLINK,post,70,day2_no_note,False,True,named,original,True
ev_djnj9kg35oj,S3,EXPT,2,S3_EXPT_D2,2026-07-24T20:37:53,37.9,blink_j9pr,BLINK,comment,70,day2_no_note,False,False,,original,True
ev_my26wzc8y8h,S3,EXPT,2,S3_EXPT_D2,2026-07-24T20:38:14,38.2,army_48sp,ARMY,comment,40,day2_no_note,False,False,,original,False
ev_2if9bikaaq5,S3,EXPT,2,S3_EXPT_D2,2026-07-24T20:38:31,38.5,blink_j9pr,BLINK,comment,55,day2_no_note,False,True,named,original,True
ev_vkn5nxt65vt,S3,EXPT,2,S3_EXPT_D2,2026-07-24T20:38:57,39,blink_j9pr,BLINK,comment,85,day2_no_note,False,True,named,original,True
ev_mhdzufffnd3,S3,EXPT,2,S3_EXPT_D2,2026-07-24T20:39:34,39.6,blink_kw4u,BLINK,comment,40,day2_no_note,False,False,,original,False
ev_707pp97g0g7,S3,EXPT,2,S3_EXPT_D2,2026-07-24T20:41:17,41.3,blink_j9pr,BLINK,post,55,day2_no_note,False,False,,original,True
ev_prvmkk56msp,S3,EXPT,2,S3_EXPT_D2,2026-07-24T20:41:32,41.5,blink_m12f,BLINK,comment,0,day2_no_note,False,False,,original,False
ev_8pwrtui14tw,S3,EXPT,2,S3_EXPT_D2,2026-07-24T20:41:28,41.5,blink_kw4u,BLINK,comment,10,day2_no_note,False,False,,original,False
ev_xt96thhetjt,S3,EXPT,2,S3_EXPT_D2,2026-07-24T20:41:58,42,blink_j9pr,BLINK,comment,65,day2_no_note,False,True,they,original,True
ev_jz1ado0mfei,S3,EXPT,2,S3_EXPT_D2,2026-07-24T20:42:19,42.3,army_48sp,ARMY,comment,45,day2_no_note,False,True,they,original,False
ev_gocneddt0mf,S3,EXPT,2,S3_EXPT_D2,2026-07-24T20:42:49,42.8,blink_j9pr,BLINK,post,80,day2_no_note,False,True,named,original,True
ev_6771e65uw7h,S3,EXPT,2,S3_EXPT_D2,2026-07-24T20:43:29,43.5,army_rro6,ARMY,comment,45,day2_no_note,False,True,named,original,False
ev_qjvijlm99hn,S3,EXPT,2,S3_EXPT_D2,2026-07-24T20:43:36,43.6,blink_m12f,BLINK,comment,25,day2_no_note,False,True,they,original,False
ev_hmuro4l6wdc,S3,EXPT,2,S3_EXPT_D2,2026-07-24T20:43:33,43.6,blink_j9pr,BLINK,post,65,day2_no_note,False,False,,original,True
ev_yg2pru2anxn,S3,EXPT,2,S3_EXPT_D2,2026-07-24T20:43:43,43.7,blink_m12f,BLINK,comment,20,day2_no_note,False,False,,original,False
ev_1sn38wym1z8,S3,EXPT,2,S3_EXPT_D2,2026-07-24T20:44:41,44.7,army_48sp,ARMY,comment,40,day2_no_note,False,False,,original,False
ev_o0t8ql0y33t,S3,EXPT,2,S3_EXPT_D2,2026-07-24T20:45:00,45,blink_j9pr,BLINK,comment,60,day2_no_note,False,False,,original,True
ev_9lxyzuuzcer,S3,EXPT,2,S3_EXPT_D2,2026-07-24T20:45:25,45.4,army_7zm0,ARMY,comment,10,day2_no_note,False,False,,original,False
ev_23bjtn06vf2,S3,EXPT,2,S3_EXPT_D2,2026-07-24T20:45:22,45.4,army_rro6,ARMY,comment,0,day2_no_note,False,False,,original,False
ev_6n6glka2wqy,S3,EXPT,2,S3_EXPT_D2,2026-07-24T20:45:33,45.6,blink_j9pr,BLINK,comment,70,day2_no_note,False,True,they,original,True
ev_95da25rnn06,S3,EXPT,2,S3_EXPT_D2,2026-07-24T20:45:41,45.7,blink_m12f,BLINK,post,30,day2_no_note,False,True,named,original,False
ev_03b9iwq4pur,S3,EXPT,2,S3_EXPT_D2,2026-07-24T20:46:25,46.4,blink_j9pr,BLINK,comment,85,day2_no_note,False,True,they,original,True
ev_v4qf1siq5lq,S3,EXPT,2,S3_EXPT_D2,2026-07-24T20:46:25,46.4,army_rro6,ARMY,post,40,day2_no_note,False,False,,original,False
ev_2xjcfo1i0ix,S3,EXPT,2,S3_EXPT_D2,2026-07-24T20:46:44,46.7,blink_j9pr,BLINK,comment,60,day2_no_note,False,False,,original,True
ev_wpe9qqarek3,S3,EXPT,2,S3_EXPT_D2,2026-07-24T20:47:03,47.1,blink_j9pr,BLINK,comment,75,day2_no_note,False,True,named,original,True
ev_3i9s22oof0m,S3,EXPT,2,S3_EXPT_D2,2026-07-24T20:47:27,47.5,blink_j9pr,BLINK,comment,85,day2_no_note,False,True,named,original,True
ev_rz0pih4k0n1,S3,EXPT,2,S3_EXPT_D2,2026-07-24T20:49:30,49.5,army_7zm0,ARMY,comment,0,day2_no_note,False,True,named,original,False
ev_mnt12ber0n0,S3,EXPT,2,S3_EXPT_D2,2026-07-24T20:50:53,50.9,blink_j9pr,BLINK,comment,60,day2_no_note,False,True,named,original,True
ev_6h2xrj1uxp4,S3,EXPT,2,S3_EXPT_D2,2026-07-24T20:50:58,51,army_rro6,ARMY,comment,5,day2_no_note,False,True,they,original,False
ev_z9q1far8j69,S3,EXPT,2,S3_EXPT_D2,2026-07-24T20:53:29,53.5,blink_j9pr,BLINK,post,35,day2_no_note,False,True,they,original,True
ev_oesd6e6pzf4,S3,EXPT,2,S3_EXPT_D2,2026-07-24T20:55:30,55.5,blink_j9pr,BLINK,comment,80,day2_no_note,False,True,they,original,True
ev_lcmjmtwt8u7,S3,EXPT,2,S3_EXPT_D2,2026-07-24T20:55:48,55.8,blink_j9pr,BLINK,comment,90,day2_no_note,False,True,they,original,True
ev_svxuga8dnnt,S3,EXPT,2,S3_EXPT_D2,2026-07-24T20:55:53,55.9,blink_j9pr,BLINK,comment,85,day2_no_note,False,True,named,original,True
ev_thn4744siqk,S3,EXPT,2,S3_EXPT_D2,2026-07-24T20:55:54,55.9,blink_j9pr,BLINK,comment,65,day2_no_note,False,True,they,original,True
ev_c5mnrui5sy6,S3,EXPT,2,S3_EXPT_D2,2026-07-24T20:56:17,56.3,blink_kw4u,BLINK,comment,40,day2_no_note,False,True,they,original,False
ev_ayrwmhqkaho,S3,EXPT,2,S3_EXPT_D2,2026-07-24T20:56:25,56.4,blink_j9pr,BLINK,comment,85,day2_no_note,False,False,,original,True
ev_m6xf5ffk2bi,S3,EXPT,2,S3_EXPT_D2,2026-07-24T20:57:02,57,blink_j9pr,BLINK,comment,85,day2_no_note,False,True,named,original,True
ev_0et6ckifesw,S3,EXPT,2,S3_EXPT_D2,2026-07-24T20:57:23,57.4,blink_j9pr,BLINK,comment,60,day2_no_note,False,True,they,original,True
ev_qlifwmnuevy,S3,EXPT,2,S3_EXPT_D2,2026-07-24T20:57:43,57.7,army_48sp,ARMY,post,15,day2_no_note,False,False,,original,False
ev_4d9lbg2yj8l,S4,EXPT,1,S4_EXPT_D1,2026-07-23T20:00:19,0.3,army_d80e,ARMY,comment,25,pre_note,True,True,they,original,False
ev_ieirl2oznou,S4,EXPT,1,S4_EXPT_D1,2026-07-23T20:01:27,1.5,army_91or,ARMY,comment,15,pre_note,True,True,named,original,False
ev_mq4ctq0f348,S4,EXPT,1,S4_EXPT_D1,2026-07-23T20:02:45,2.8,blink_0967,BLINK,post,20,pre_note,True,True,named,original,False
ev_4xk2hwl0p8s,S4,EXPT,1,S4_EXPT_D1,2026-07-23T20:02:57,3,army_91or,ARMY,post,25,pre_note,True,False,,original,False
ev_mn20zg7rllt,S4,EXPT,1,S4_EXPT_D1,2026-07-23T20:03:15,3.3,blink_0967,BLINK,comment,20,pre_note,True,False,,original,False
ev_euwlwzpvp8f,S4,EXPT,1,S4_EXPT_D1,2026-07-23T20:03:45,3.8,blink_0967,BLINK,comment,75,pre_note,True,False,,original,False
ev_vxovyukvx1t,S4,EXPT,1,S4_EXPT_D1,2026-07-23T20:04:08,4.1,blink_9njq,BLINK,comment,5,pre_note,True,True,they,original,True
ev_e6lck90egxo,S4,EXPT,1,S4_EXPT_D1,2026-07-23T20:04:22,4.4,blink_9njq,BLINK,comment,25,pre_note,True,False,,original,True
ev_41qvcm8lmy1,S4,EXPT,1,S4_EXPT_D1,2026-07-23T20:04:57,5,army_6vsa,ARMY,post,0,pre_note,True,True,they,original,False
ev_wq474xv6vbt,S4,EXPT,1,S4_EXPT_D1,2026-07-23T20:06:02,6,army_6vsa,ARMY,post,40,pre_note,True,True,named,original,False
ev_oyfojqhg1th,S4,EXPT,1,S4_EXPT_D1,2026-07-23T20:06:26,6.4,army_91or,ARMY,comment,20,pre_note,True,True,named,original,False
ev_m8pt6fjobxa,S4,EXPT,1,S4_EXPT_D1,2026-07-23T20:07:11,7.2,army_91or,ARMY,comment,20,pre_note,True,True,they,original,False
ev_4wvpjj0n8w2,S4,EXPT,1,S4_EXPT_D1,2026-07-23T20:07:12,7.2,blink_9njq,BLINK,comment,30,pre_note,True,True,named,original,True
ev_og80aooatd7,S4,EXPT,1,S4_EXPT_D1,2026-07-23T20:07:56,7.9,blink_0967,BLINK,comment,55,pre_note,True,False,,original,False
ev_yjp0wqydo1c,S4,EXPT,1,S4_EXPT_D1,2026-07-23T20:07:52,7.9,blink_9njq,BLINK,comment,35,pre_note,True,True,they,original,True
ev_nfmir0s5waa,S4,EXPT,1,S4_EXPT_D1,2026-07-23T20:08:20,8.3,blink_9njq,BLINK,comment,35,pre_note,True,True,they,original,True
ev_w5t12w8sqpr,S4,EXPT,1,S4_EXPT_D1,2026-07-23T20:10:12,10.2,blink_9njq,BLINK,post,35,pre_note,True,True,they,original,True
ev_fnwd7m2ijb5,S4,EXPT,1,S4_EXPT_D1,2026-07-23T20:11:16,11.3,blink_9njq,BLINK,post,15,pre_note,True,True,they,original,True
ev_kian4egyd4x,S4,EXPT,1,S4_EXPT_D1,2026-07-23T20:11:15,11.3,army_91or,ARMY,comment,35,pre_note,True,True,they,original,False
ev_tvt45l6m9ql,S4,EXPT,1,S4_EXPT_D1,2026-07-23T20:11:51,11.9,army_6vsa,ARMY,comment,30,pre_note,True,True,they,original,False
ev_wlvs66fx8qm,S4,EXPT,1,S4_EXPT_D1,2026-07-23T20:12:16,12.3,army_91or,ARMY,post,20,pre_note,True,True,they,original,False
ev_tnoonpu24fk,S4,EXPT,1,S4_EXPT_D1,2026-07-23T20:12:23,12.4,army_91or,ARMY,comment,35,pre_note,True,False,,original,False
ev_bol1pjq7ypp,S4,EXPT,1,S4_EXPT_D1,2026-07-23T20:12:50,12.8,blink_9njq,BLINK,comment,35,pre_note,True,True,they,original,True
ev_oep06x8vhgc,S4,EXPT,1,S4_EXPT_D1,2026-07-23T20:13:30,13.5,army_6vsa,ARMY,comment,35,pre_note,True,False,,original,False
ev_net57rfd6oe,S4,EXPT,1,S4_EXPT_D1,2026-07-23T20:13:38,13.6,blink_9njq,BLINK,post,15,pre_note,True,False,,original,True
ev_rta1fjewu9v,S4,EXPT,1,S4_EXPT_D1,2026-07-23T20:14:54,14.9,army_6vsa,ARMY,comment,25,pre_note,True,True,named,original,False
ev_xl0t7r1thd2,S4,EXPT,1,S4_EXPT_D1,2026-07-23T20:15:37,15.6,blink_9njq,BLINK,comment,55,pre_note,True,False,,original,True
ev_plfgsuiy7ka,S4,EXPT,1,S4_EXPT_D1,2026-07-23T20:15:55,15.9,blink_9njq,BLINK,comment,15,pre_note,True,True,they,original,True
ev_s2zk5q4ljgv,S4,EXPT,1,S4_EXPT_D1,2026-07-23T20:16:01,16,blink_h8ue,BLINK,comment,40,pre_note,True,False,,original,False
ev_flmhgzgj4du,S4,EXPT,1,S4_EXPT_D1,2026-07-23T20:16:33,16.6,blink_h8ue,BLINK,comment,50,pre_note,True,False,,original,False
ev_ccg26ybyo7k,S4,EXPT,1,S4_EXPT_D1,2026-07-23T20:17:19,17.3,blink_9njq,BLINK,comment,40,pre_note,True,True,they,original,True
ev_k0ho3xak4jh,S4,EXPT,1,S4_EXPT_D1,2026-07-23T20:18:23,18.4,blink_9njq,BLINK,comment,45,pre_note,True,False,,original,True
ev_q8tiey0apxw,S4,EXPT,1,S4_EXPT_D1,2026-07-23T20:19:36,19.6,blink_h8ue,BLINK,post,50,pre_note,True,False,,original,False
ev_jxhq8on2nqu,S4,EXPT,1,S4_EXPT_D1,2026-07-23T20:19:36,19.6,blink_h8ue,BLINK,comment,35,pre_note,True,False,,original,False
ev_vwlbsxgiv9g,S4,EXPT,1,S4_EXPT_D1,2026-07-23T20:20:42,20.7,blink_h8ue,BLINK,comment,45,pre_note,True,True,they,original,False
ev_nrweq4bjrlr,S4,EXPT,1,S4_EXPT_D1,2026-07-23T20:20:58,21,army_d80e,ARMY,comment,25,pre_note,True,True,they,original,False
ev_c6uq98xmvkh,S4,EXPT,1,S4_EXPT_D1,2026-07-23T20:21:18,21.3,blink_9njq,BLINK,post,50,pre_note,True,True,they,original,True
ev_58xg564bv85,S4,EXPT,1,S4_EXPT_D1,2026-07-23T20:23:41,23.7,blink_0967,BLINK,post,35,pre_note,True,True,named,original,False
ev_idpk5pwuiqw,S4,EXPT,1,S4_EXPT_D1,2026-07-23T20:24:38,24.6,army_d80e,ARMY,comment,55,pre_note,True,True,they,original,False
ev_0vb1xiqphtm,S4,EXPT,1,S4_EXPT_D1,2026-07-23T20:25:34,25.6,blink_9njq,BLINK,comment,30,pre_note,True,True,they,original,True
ev_qu5y2sghght,S4,EXPT,1,S4_EXPT_D1,2026-07-23T20:26:40,26.7,blink_9njq,BLINK,comment,40,pre_note,True,False,,original,True
ev_tbins8wlm4v,S4,EXPT,1,S4_EXPT_D1,2026-07-23T20:27:13,27.2,army_91or,ARMY,comment,45,pre_note,True,True,they,original,False
ev_moa2h8qprcb,S4,EXPT,1,S4_EXPT_D1,2026-07-23T20:27:32,27.5,blink_9njq,BLINK,post,30,pre_note,True,True,they,original,True
ev_88cpkxlfxjq,S4,EXPT,1,S4_EXPT_D1,2026-07-23T20:27:38,27.6,blink_9njq,BLINK,comment,45,pre_note,True,True,they,original,True
ev_sgz3q2nttlo,S4,EXPT,1,S4_EXPT_D1,2026-07-23T20:28:30,28.5,blink_0967,BLINK,comment,85,pre_note,True,False,,original,False
ev_zhj2i0o87f0,S4,EXPT,1,S4_EXPT_D1,2026-07-23T20:28:56,28.9,blink_9njq,BLINK,comment,40,pre_note,True,False,,original,True
ev_7gkesovcnm5,S4,EXPT,1,S4_EXPT_D1,2026-07-23T20:29:59,30,army_6vsa,ARMY,comment,45,pre_note,True,True,they,original,False
ev_mv16wxuma8i,S4,EXPT,1,S4_EXPT_D1,2026-07-23T20:30:17,30.3,blink_9njq,BLINK,comment,35,pre_note,True,False,,original,True
ev_uhe8ez9jndy,S4,EXPT,1,S4_EXPT_D1,2026-07-23T20:31:25,31.4,blink_9njq,BLINK,comment,65,pre_note,True,False,,original,True
ev_kknc13dzwzf,S4,EXPT,1,S4_EXPT_D1,2026-07-23T20:31:39,31.7,blink_9njq,BLINK,comment,65,pre_note,True,False,,original,True
ev_j1mzx1c4vav,S4,EXPT,1,S4_EXPT_D1,2026-07-23T20:31:51,31.9,blink_h8ue,BLINK,comment,70,pre_note,True,False,,original,False
ev_k2smf10szh5,S4,EXPT,1,S4_EXPT_D1,2026-07-23T20:34:20,34.3,army_6vsa,ARMY,comment,50,pre_note,True,True,they,original,False
ev_w9mzpv25s1g,S4,EXPT,1,S4_EXPT_D1,2026-07-23T20:34:22,34.4,blink_9njq,BLINK,comment,45,pre_note,True,False,,original,True
ev_qmblnzzmo41,S4,EXPT,1,S4_EXPT_D1,2026-07-23T20:35:14,35.2,blink_9njq,BLINK,comment,50,post_note,True,True,they,note_task,True
ev_33pvn9cpo8x,S4,EXPT,1,S4_EXPT_D1,2026-07-23T20:35:14,35.2,blink_9njq,BLINK,comment,50,post_note,True,False,,note_task,True
ev_aa1rv6c2ryj,S4,EXPT,1,S4_EXPT_D1,2026-07-23T20:38:20,38.3,army_d80e,ARMY,post,0,post_note,True,True,named,note_task,False
ev_8t2cxomgvw1,S4,EXPT,1,S4_EXPT_D1,2026-07-23T20:38:28,38.5,blink_9njq,BLINK,comment,40,post_note,True,False,,note_task,True
ev_gzvrnr5vslm,S4,EXPT,1,S4_EXPT_D1,2026-07-23T20:39:49,39.8,blink_9njq,BLINK,comment,55,post_note,True,True,named,original,True
ev_i7r0c6qwsn5,S4,EXPT,1,S4_EXPT_D1,2026-07-23T20:40:30,40.5,blink_9njq,BLINK,comment,55,post_note,True,True,named,note_task,True
ev_1fgtzfm9quw,S4,EXPT,1,S4_EXPT_D1,2026-07-23T20:40:32,40.5,blink_0967,BLINK,post,15,post_note,True,True,they,note_task,False
ev_dr4s0k5cjdn,S4,EXPT,1,S4_EXPT_D1,2026-07-23T20:40:48,40.8,blink_h8ue,BLINK,post,20,post_note,True,True,they,original,False
ev_lkklmub0a1s,S4,EXPT,1,S4_EXPT_D1,2026-07-23T20:41:59,42,blink_9njq,BLINK,post,55,post_note,True,True,named,original,True
ev_g8fmx6dr5ob,S4,EXPT,1,S4_EXPT_D1,2026-07-23T20:42:22,42.4,army_d80e,ARMY,comment,20,post_note,True,False,,note_task,False
ev_4a94i0kr6h1,S4,EXPT,1,S4_EXPT_D1,2026-07-23T20:42:35,42.6,army_d80e,ARMY,post,20,post_note,True,False,,note_task,False
ev_bvrr6gzx0uw,S4,EXPT,1,S4_EXPT_D1,2026-07-23T20:44:01,44,army_d80e,ARMY,post,40,post_note,True,False,,note_task,False
ev_n2h2g67gdu7,S4,EXPT,1,S4_EXPT_D1,2026-07-23T20:44:19,44.3,army_6vsa,ARMY,comment,10,post_note,True,True,they,original,False
ev_j0gg6pak1z5,S4,EXPT,1,S4_EXPT_D1,2026-07-23T20:44:26,44.4,blink_9njq,BLINK,comment,40,post_note,True,True,named,original,True
ev_kzwfmisazs7,S4,EXPT,1,S4_EXPT_D1,2026-07-23T20:45:15,45.3,army_6vsa,ARMY,comment,0,post_note,True,False,,original,False
ev_3hkpew3i51j,S4,EXPT,1,S4_EXPT_D1,2026-07-23T20:45:52,45.9,army_d80e,ARMY,comment,0,post_note,True,False,,original,False
ev_epu89o42bb7,S4,EXPT,1,S4_EXPT_D1,2026-07-23T20:46:13,46.2,blink_9njq,BLINK,comment,35,post_note,True,True,named,note_task,True
ev_zfprgnmzrpa,S4,EXPT,1,S4_EXPT_D1,2026-07-23T20:46:25,46.4,army_91or,ARMY,comment,0,post_note,True,False,,original,False
ev_l0wjw04xj8o,S4,EXPT,1,S4_EXPT_D1,2026-07-23T20:48:57,49,blink_h8ue,BLINK,post,55,post_note,True,False,,original,False
ev_qkuczp1p58f,S4,EXPT,1,S4_EXPT_D1,2026-07-23T20:50:35,50.6,blink_0967,BLINK,comment,30,post_note,True,True,named,original,False
ev_u0che8ak3qj,S4,EXPT,1,S4_EXPT_D1,2026-07-23T20:50:52,50.9,blink_0967,BLINK,comment,20,post_note,True,True,named,original,False
ev_2nrjhf4eujb,S4,EXPT,1,S4_EXPT_D1,2026-07-23T20:51:23,51.4,army_6vsa,ARMY,post,0,post_note,True,True,named,original,False
ev_cr507jghx7i,S4,EXPT,1,S4_EXPT_D1,2026-07-23T20:52:05,52.1,blink_0967,BLINK,comment,45,post_note,True,True,they,original,False
ev_yozjw4ypzlk,S4,EXPT,1,S4_EXPT_D1,2026-07-23T20:52:23,52.4,blink_9njq,BLINK,comment,20,post_note,True,False,,original,True
ev_gd8st697pz3,S4,EXPT,1,S4_EXPT_D1,2026-07-23T20:52:51,52.9,blink_9njq,BLINK,comment,45,post_note,True,False,,original,True
ev_klyvu5f51i1,S4,EXPT,1,S4_EXPT_D1,2026-07-23T20:54:51,54.9,blink_9njq,BLINK,comment,50,post_note,True,True,named,original,True
ev_q45mfu6w0y7,S4,EXPT,1,S4_EXPT_D1,2026-07-23T20:55:38,55.6,blink_9njq,BLINK,comment,60,post_note,True,False,,original,True
ev_76l3mjddgpr,S4,EXPT,1,S4_EXPT_D1,2026-07-23T20:58:29,58.5,blink_9njq,BLINK,comment,50,post_note,True,False,,original,True
ev_vdl4dm2ep0x,S4,EXPT,1,S4_EXPT_D1,2026-07-23T20:58:58,59,blink_9njq,BLINK,comment,60,post_note,True,True,they,original,True
ev_ipfvp1tcsjk,S4,EXPT,1,S4_EXPT_D1,2026-07-23T20:59:01,59,army_6vsa,ARMY,comment,25,post_note,True,True,they,original,False
ev_uxhxtux7doh,S4,EXPT,1,S4_EXPT_D1,2026-07-23T20:59:58,60,army_6vsa,ARMY,post,50,post_note,True,False,,original,False
ev_op0eq52lnq8,S4,EXPT,2,S4_EXPT_D2,2026-07-24T20:00:26,0.4,blink_9njq,BLINK,comment,40,day2_no_note,False,True,named,original,True
ev_auiwfvfrk6t,S4,EXPT,2,S4_EXPT_D2,2026-07-24T20:01:12,1.2,blink_0967,BLINK,comment,35,day2_no_note,False,False,,original,False
ev_sblu45z5vwe,S4,EXPT,2,S4_EXPT_D2,2026-07-24T20:01:38,1.6,army_91or,ARMY,post,5,day2_no_note,False,False,,original,False
ev_gd6fjmvcc5i,S4,EXPT,2,S4_EXPT_D2,2026-07-24T20:02:59,3,blink_9njq,BLINK,comment,75,day2_no_note,False,False,,original,True
ev_098d76l2wkl,S4,EXPT,2,S4_EXPT_D2,2026-07-24T20:04:04,4.1,blink_0967,BLINK,comment,40,day2_no_note,False,False,,original,False
ev_w10kamoc2ns,S4,EXPT,2,S4_EXPT_D2,2026-07-24T20:04:14,4.2,blink_9njq,BLINK,comment,55,day2_no_note,False,True,they,original,True
ev_2ls3eadi1po,S4,EXPT,2,S4_EXPT_D2,2026-07-24T20:05:26,5.4,blink_9njq,BLINK,comment,45,day2_no_note,False,True,named,original,True
ev_csrusme2avy,S4,EXPT,2,S4_EXPT_D2,2026-07-24T20:05:33,5.6,army_d80e,ARMY,comment,55,day2_no_note,False,False,,original,False
ev_7vi0r4h1hko,S4,EXPT,2,S4_EXPT_D2,2026-07-24T20:06:40,6.7,army_d80e,ARMY,comment,20,day2_no_note,False,True,they,original,False
ev_jska1y3aors,S4,EXPT,2,S4_EXPT_D2,2026-07-24T20:07:08,7.1,army_6vsa,ARMY,comment,25,day2_no_note,False,True,named,original,False
ev_oh0ehchlghh,S4,EXPT,2,S4_EXPT_D2,2026-07-24T20:07:03,7.1,blink_0967,BLINK,comment,35,day2_no_note,False,True,they,original,False
ev_r4mcosqylgo,S4,EXPT,2,S4_EXPT_D2,2026-07-24T20:07:28,7.5,blink_9njq,BLINK,comment,50,day2_no_note,False,True,named,original,True
ev_2b3f66b9gxk,S4,EXPT,2,S4_EXPT_D2,2026-07-24T20:08:45,8.8,blink_h8ue,BLINK,post,15,day2_no_note,False,False,,original,False
ev_1fctrtami5q,S4,EXPT,2,S4_EXPT_D2,2026-07-24T20:09:01,9,blink_0967,BLINK,comment,55,day2_no_note,False,True,they,original,False
ev_u3j4clh5u8h,S4,EXPT,2,S4_EXPT_D2,2026-07-24T20:10:55,10.9,army_91or,ARMY,post,20,day2_no_note,False,False,,original,False
ev_15ciuxm46bi,S4,EXPT,2,S4_EXPT_D2,2026-07-24T20:11:02,11,army_6vsa,ARMY,comment,55,day2_no_note,False,True,they,original,False
ev_vfwf8fk7bs7,S4,EXPT,2,S4_EXPT_D2,2026-07-24T20:12:09,12.2,blink_9njq,BLINK,comment,35,day2_no_note,False,True,named,original,True
ev_149avpeaf9u,S4,EXPT,2,S4_EXPT_D2,2026-07-24T20:12:20,12.3,blink_9njq,BLINK,comment,55,day2_no_note,False,True,they,original,True
ev_m4plasj2ara,S4,EXPT,2,S4_EXPT_D2,2026-07-24T20:13:11,13.2,blink_9njq,BLINK,comment,95,day2_no_note,False,True,they,original,True
ev_r0i58fmyex2,S4,EXPT,2,S4_EXPT_D2,2026-07-24T20:13:45,13.8,blink_9njq,BLINK,post,45,day2_no_note,False,False,,original,True
ev_glmue5i5uey,S4,EXPT,2,S4_EXPT_D2,2026-07-24T20:15:15,15.3,army_6vsa,ARMY,comment,30,day2_no_note,False,True,named,original,False
ev_9lqbjprzsds,S4,EXPT,2,S4_EXPT_D2,2026-07-24T20:15:57,16,blink_9njq,BLINK,comment,45,day2_no_note,False,True,named,original,True
ev_z6knrww1p9i,S4,EXPT,2,S4_EXPT_D2,2026-07-24T20:16:14,16.2,blink_9njq,BLINK,comment,45,day2_no_note,False,False,,original,True
ev_c3o8rz0fabm,S4,EXPT,2,S4_EXPT_D2,2026-07-24T20:16:52,16.9,blink_9njq,BLINK,comment,60,day2_no_note,False,False,,original,True
ev_jjakfqt039v,S4,EXPT,2,S4_EXPT_D2,2026-07-24T20:17:01,17,army_6vsa,ARMY,comment,10,day2_no_note,False,False,,original,False
ev_7g2qn8w74fu,S4,EXPT,2,S4_EXPT_D2,2026-07-24T20:17:01,17,blink_9njq,BLINK,post,15,day2_no_note,False,True,they,original,True
ev_y8s0pzqyc4j,S4,EXPT,2,S4_EXPT_D2,2026-07-24T20:18:39,18.7,blink_9njq,BLINK,post,35,day2_no_note,False,False,,original,True
ev_kxw8ufq15os,S4,EXPT,2,S4_EXPT_D2,2026-07-24T20:19:11,19.2,blink_9njq,BLINK,comment,40,day2_no_note,False,False,,original,True
ev_vwk3dvuezng,S4,EXPT,2,S4_EXPT_D2,2026-07-24T20:19:25,19.4,blink_9njq,BLINK,post,50,day2_no_note,False,True,they,original,True
ev_iajvzu1hq31,S4,EXPT,2,S4_EXPT_D2,2026-07-24T20:20:41,20.7,army_d80e,ARMY,post,45,day2_no_note,False,True,they,original,False
ev_o63ejhzatim,S4,EXPT,2,S4_EXPT_D2,2026-07-24T20:22:13,22.2,blink_0967,BLINK,comment,25,day2_no_note,False,False,,original,False
ev_lbihvgg4yv0,S4,EXPT,2,S4_EXPT_D2,2026-07-24T20:22:15,22.3,blink_0967,BLINK,comment,35,day2_no_note,False,True,they,original,False
ev_s4hb2xcbrv6,S4,EXPT,2,S4_EXPT_D2,2026-07-24T20:22:17,22.3,blink_9njq,BLINK,comment,45,day2_no_note,False,True,they,original,True
ev_oidwhjez7d6,S4,EXPT,2,S4_EXPT_D2,2026-07-24T20:22:25,22.4,blink_h8ue,BLINK,post,45,day2_no_note,False,True,named,original,False
ev_2h85rsz86fb,S4,EXPT,2,S4_EXPT_D2,2026-07-24T20:22:43,22.7,army_d80e,ARMY,comment,50,day2_no_note,False,True,named,original,False
ev_2xvxrbolduk,S4,EXPT,2,S4_EXPT_D2,2026-07-24T20:22:51,22.9,army_91or,ARMY,post,20,day2_no_note,False,True,named,original,False
ev_r6xnb2oku8s,S4,EXPT,2,S4_EXPT_D2,2026-07-24T20:22:57,23,blink_0967,BLINK,comment,15,day2_no_note,False,True,they,original,False
ev_hl359nlhpbp,S4,EXPT,2,S4_EXPT_D2,2026-07-24T20:24:18,24.3,blink_h8ue,BLINK,comment,40,day2_no_note,False,False,,original,False
ev_ris4do5z4mv,S4,EXPT,2,S4_EXPT_D2,2026-07-24T20:24:41,24.7,blink_h8ue,BLINK,comment,35,day2_no_note,False,True,they,original,False
ev_xd9r3ty91sg,S4,EXPT,2,S4_EXPT_D2,2026-07-24T20:25:00,25,army_6vsa,ARMY,post,35,day2_no_note,False,True,named,original,False
ev_7xuuuw3gu63,S4,EXPT,2,S4_EXPT_D2,2026-07-24T20:25:30,25.5,blink_9njq,BLINK,comment,35,day2_no_note,False,False,,original,True
ev_w6hhh8ulen4,S4,EXPT,2,S4_EXPT_D2,2026-07-24T20:25:34,25.6,blink_9njq,BLINK,post,45,day2_no_note,False,False,,original,True
ev_m5gis7qlv4f,S4,EXPT,2,S4_EXPT_D2,2026-07-24T20:25:47,25.8,blink_9njq,BLINK,comment,75,day2_no_note,False,True,they,original,True
ev_40wi3vvumlg,S4,EXPT,2,S4_EXPT_D2,2026-07-24T20:26:06,26.1,blink_0967,BLINK,comment,45,day2_no_note,False,True,named,original,False
ev_suzxit11jnx,S4,EXPT,2,S4_EXPT_D2,2026-07-24T20:26:50,26.8,army_d80e,ARMY,comment,10,day2_no_note,False,False,,original,False
ev_rkrrugsyh44,S4,EXPT,2,S4_EXPT_D2,2026-07-24T20:28:08,28.1,blink_0967,BLINK,comment,20,day2_no_note,False,True,they,original,False
ev_1sv2nmrxln2,S4,EXPT,2,S4_EXPT_D2,2026-07-24T20:28:23,28.4,blink_h8ue,BLINK,comment,60,day2_no_note,False,False,,original,False
ev_0nn67rtkqsq,S4,EXPT,2,S4_EXPT_D2,2026-07-24T20:29:07,29.1,blink_9njq,BLINK,comment,45,day2_no_note,False,True,named,original,True
ev_ubcxr05u7m6,S4,EXPT,2,S4_EXPT_D2,2026-07-24T20:29:10,29.2,blink_h8ue,BLINK,comment,50,day2_no_note,False,False,,original,False
ev_jog1k332z8c,S4,EXPT,2,S4_EXPT_D2,2026-07-24T20:34:08,34.1,blink_9njq,BLINK,comment,45,day2_no_note,False,True,named,original,True
ev_5em8zt9f47k,S4,EXPT,2,S4_EXPT_D2,2026-07-24T20:35:20,35.3,army_d80e,ARMY,post,45,day2_no_note,False,False,,original,False
ev_ytb8b79z4yh,S4,EXPT,2,S4_EXPT_D2,2026-07-24T20:35:52,35.9,blink_0967,BLINK,post,35,day2_no_note,False,True,named,original,False
ev_ijpi384sy73,S4,EXPT,2,S4_EXPT_D2,2026-07-24T20:35:56,35.9,blink_0967,BLINK,post,20,day2_no_note,False,False,,original,False
ev_gimha1927ny,S4,EXPT,2,S4_EXPT_D2,2026-07-24T20:38:17,38.3,blink_9njq,BLINK,post,40,day2_no_note,False,False,,original,True
ev_h3p1dl9qykh,S4,EXPT,2,S4_EXPT_D2,2026-07-24T20:39:14,39.2,blink_9njq,BLINK,comment,75,day2_no_note,False,True,they,original,True
ev_lpj8myxhj3x,S4,EXPT,2,S4_EXPT_D2,2026-07-24T20:39:40,39.7,blink_9njq,BLINK,comment,45,day2_no_note,False,True,they,original,True
ev_ky14dbejc85,S4,EXPT,2,S4_EXPT_D2,2026-07-24T20:40:05,40.1,blink_h8ue,BLINK,post,45,day2_no_note,False,False,,original,False
ev_aoq52y7jqv1,S4,EXPT,2,S4_EXPT_D2,2026-07-24T20:41:20,41.3,blink_0967,BLINK,post,45,day2_no_note,False,True,named,original,False
ev_nbv2tv06t21,S4,EXPT,2,S4_EXPT_D2,2026-07-24T20:42:08,42.1,blink_h8ue,BLINK,comment,50,day2_no_note,False,True,they,original,False
ev_do4f8bvypex,S4,EXPT,2,S4_EXPT_D2,2026-07-24T20:42:13,42.2,blink_9njq,BLINK,comment,45,day2_no_note,False,True,named,original,True
ev_hkpcxr0jxd6,S4,EXPT,2,S4_EXPT_D2,2026-07-24T20:42:17,42.3,blink_0967,BLINK,comment,40,day2_no_note,False,True,they,original,False
ev_w7my9tuoy95,S4,EXPT,2,S4_EXPT_D2,2026-07-24T20:42:47,42.8,army_d80e,ARMY,comment,40,day2_no_note,False,False,,original,False
ev_nhp3mg5ong3,S4,EXPT,2,S4_EXPT_D2,2026-07-24T20:43:37,43.6,army_6vsa,ARMY,comment,45,day2_no_note,False,True,named,original,False
ev_hoic5v2i6kk,S4,EXPT,2,S4_EXPT_D2,2026-07-24T20:44:54,44.9,army_91or,ARMY,comment,40,day2_no_note,False,True,they,original,False
ev_bga02wfmx31,S4,EXPT,2,S4_EXPT_D2,2026-07-24T20:45:03,45.1,army_d80e,ARMY,comment,15,day2_no_note,False,False,,original,False
ev_3rm8r1exs3r,S4,EXPT,2,S4_EXPT_D2,2026-07-24T20:45:34,45.6,blink_h8ue,BLINK,comment,70,day2_no_note,False,False,,original,False
ev_gz0afitt3ob,S4,EXPT,2,S4_EXPT_D2,2026-07-24T20:45:54,45.9,blink_h8ue,BLINK,comment,40,day2_no_note,False,False,,original,False
ev_6m119phyyu7,S4,EXPT,2,S4_EXPT_D2,2026-07-24T20:46:38,46.6,blink_h8ue,BLINK,comment,35,day2_no_note,False,True,named,original,False
ev_oc94ff3k55y,S4,EXPT,2,S4_EXPT_D2,2026-07-24T20:46:55,46.9,army_91or,ARMY,post,40,day2_no_note,False,False,,original,False
ev_u4zwh6lj0qb,S4,EXPT,2,S4_EXPT_D2,2026-07-24T20:47:15,47.3,blink_0967,BLINK,post,70,day2_no_note,False,True,they,original,False
ev_re477n2dp3y,S4,EXPT,2,S4_EXPT_D2,2026-07-24T20:48:31,48.5,army_91or,ARMY,comment,30,day2_no_note,False,True,they,original,False
ev_z2ijpnvo5q5,S4,EXPT,2,S4_EXPT_D2,2026-07-24T20:48:50,48.8,army_d80e,ARMY,comment,50,day2_no_note,False,True,named,original,False
ev_1slg3ks923j,S4,EXPT,2,S4_EXPT_D2,2026-07-24T20:48:54,48.9,blink_h8ue,BLINK,post,50,day2_no_note,False,True,they,original,False
ev_doc07axf8hu,S4,EXPT,2,S4_EXPT_D2,2026-07-24T20:51:41,51.7,army_91or,ARMY,post,30,day2_no_note,False,True,they,original,False
ev_pi8lfh9ljpq,S4,EXPT,2,S4_EXPT_D2,2026-07-24T20:51:54,51.9,blink_9njq,BLINK,comment,35,day2_no_note,False,True,named,original,True
ev_4svy0wr9f2h,S4,EXPT,2,S4_EXPT_D2,2026-07-24T20:52:02,52,blink_9njq,BLINK,post,30,day2_no_note,False,False,,original,True
ev_cximaudk8ot,S4,EXPT,2,S4_EXPT_D2,2026-07-24T20:52:41,52.7,blink_9njq,BLINK,comment,45,day2_no_note,False,False,,original,True
ev_49e1f9phwon,S4,EXPT,2,S4_EXPT_D2,2026-07-24T20:53:26,53.4,blink_9njq,BLINK,comment,45,day2_no_note,False,False,,original,True
ev_g0byofxykak,S4,EXPT,2,S4_EXPT_D2,2026-07-24T20:53:42,53.7,army_6vsa,ARMY,comment,40,day2_no_note,False,True,named,original,False
ev_i2ioq02xgmq,S4,EXPT,2,S4_EXPT_D2,2026-07-24T20:53:53,53.9,blink_9njq,BLINK,comment,50,day2_no_note,False,False,,original,True
ev_y13gzcjifkb,S4,EXPT,2,S4_EXPT_D2,2026-07-24T20:54:09,54.2,army_91or,ARMY,post,40,day2_no_note,False,False,,original,False
ev_4gu5uwajjul,S4,EXPT,2,S4_EXPT_D2,2026-07-24T20:54:25,54.4,blink_h8ue,BLINK,post,45,day2_no_note,False,True,they,original,False
ev_69mbd7xvrb3,S4,EXPT,2,S4_EXPT_D2,2026-07-24T20:54:56,54.9,blink_h8ue,BLINK,comment,65,day2_no_note,False,False,,original,False
ev_rhgsh4b0uia,S4,EXPT,2,S4_EXPT_D2,2026-07-24T20:55:26,55.4,army_6vsa,ARMY,comment,30,day2_no_note,False,True,named,original,False
ev_x2bmxd902dk,S4,EXPT,2,S4_EXPT_D2,2026-07-24T20:55:48,55.8,blink_9njq,BLINK,comment,50,day2_no_note,False,False,,original,True
ev_civflrhlrhp,S4,EXPT,2,S4_EXPT_D2,2026-07-24T20:55:56,55.9,army_91or,ARMY,comment,35,day2_no_note,False,True,they,original,False
ev_x0r8wdyjatu,S4,EXPT,2,S4_EXPT_D2,2026-07-24T20:57:25,57.4,army_6vsa,ARMY,comment,50,day2_no_note,False,True,they,original,False
ev_x6gizgtu8im,S4,EXPT,2,S4_EXPT_D2,2026-07-24T20:57:38,57.6,army_91or,ARMY,comment,30,day2_no_note,False,True,they,original,False
ev_4tumqtvijk4,S4,EXPT,2,S4_EXPT_D2,2026-07-24T20:58:35,58.6,blink_9njq,BLINK,comment,50,day2_no_note,False,True,they,original,True
ev_2iceh40mp09,S4,EXPT,2,S4_EXPT_D2,2026-07-24T20:59:07,59.1,blink_9njq,BLINK,comment,55,day2_no_note,False,True,they,original,True
ev_13e54kyyf6k,S4,EXPT,2,S4_EXPT_D2,2026-07-24T20:59:20,59.3,army_91or,ARMY,comment,35,day2_no_note,False,False,,original,False
ev_h1kwzzuof0e,S4,EXPT,2,S4_EXPT_D2,2026-07-24T20:59:19,59.3,blink_9njq,BLINK,comment,25,day2_no_note,False,True,named,original,True
ev_beqm9u4psyb,S4,EXPT,2,S4_EXPT_D2,2026-07-24T20:59:23,59.4,army_91or,ARMY,comment,35,day2_no_note,False,True,they,original,False
ev_oq1f9drmkqt,S5,EXPT,1,S5_EXPT_D1,2026-07-23T20:00:30,0.5,blink_pvil,BLINK,comment,30,pre_note,True,False,,original,True
ev_u5zmrc2po24,S5,EXPT,1,S5_EXPT_D1,2026-07-23T20:00:37,0.6,blink_pb3d,BLINK,post,20,pre_note,True,False,,original,False
ev_g88mexzo7b8,S5,EXPT,1,S5_EXPT_D1,2026-07-23T20:01:11,1.2,army_shz6,ARMY,comment,55,pre_note,True,False,,original,False
ev_ewduoxvcvnq,S5,EXPT,1,S5_EXPT_D1,2026-07-23T20:01:14,1.2,blink_pvil,BLINK,post,25,pre_note,True,True,they,original,True
ev_8vn58lhdmnf,S5,EXPT,1,S5_EXPT_D1,2026-07-23T20:01:34,1.6,army_s8ev,ARMY,comment,40,pre_note,True,True,named,original,False
ev_vomhnwzxuic,S5,EXPT,1,S5_EXPT_D1,2026-07-23T20:01:47,1.8,blink_pvil,BLINK,comment,20,pre_note,True,True,they,original,True
ev_ytnvd0kraya,S5,EXPT,1,S5_EXPT_D1,2026-07-23T20:02:15,2.3,blink_pvil,BLINK,comment,10,pre_note,True,False,,original,True
ev_ckgg6uskrsj,S5,EXPT,1,S5_EXPT_D1,2026-07-23T20:02:41,2.7,blink_pb3d,BLINK,comment,40,pre_note,True,False,,original,False
ev_0hfjyhrdhc1,S5,EXPT,1,S5_EXPT_D1,2026-07-23T20:03:07,3.1,blink_pb3d,BLINK,comment,40,pre_note,True,True,they,original,False
ev_ghvpc7knwwi,S5,EXPT,1,S5_EXPT_D1,2026-07-23T20:03:30,3.5,blink_pvil,BLINK,comment,30,pre_note,True,False,,original,True
ev_cb697kbby4v,S5,EXPT,1,S5_EXPT_D1,2026-07-23T20:03:53,3.9,army_shz6,ARMY,post,40,pre_note,True,True,they,original,False
ev_4h45i059rn8,S5,EXPT,1,S5_EXPT_D1,2026-07-23T20:03:55,3.9,blink_pvil,BLINK,comment,15,pre_note,True,False,,original,True
ev_wbwta1on9mr,S5,EXPT,1,S5_EXPT_D1,2026-07-23T20:04:04,4.1,blink_pvil,BLINK,comment,35,pre_note,True,True,they,original,True
ev_i9ck3qrtgfq,S5,EXPT,1,S5_EXPT_D1,2026-07-23T20:04:19,4.3,army_s8ev,ARMY,comment,30,pre_note,True,False,,original,False
ev_aygkcgarm7d,S5,EXPT,1,S5_EXPT_D1,2026-07-23T20:05:17,5.3,blink_pvil,BLINK,comment,15,pre_note,True,False,,original,True
ev_ephm3engzqb,S5,EXPT,1,S5_EXPT_D1,2026-07-23T20:06:03,6.1,blink_pvil,BLINK,comment,20,pre_note,True,False,,original,True
ev_q8kc5qa8h20,S5,EXPT,1,S5_EXPT_D1,2026-07-23T20:07:01,7,blink_pvil,BLINK,comment,20,pre_note,True,False,,original,True
ev_uyj5enasosn,S5,EXPT,1,S5_EXPT_D1,2026-07-23T20:07:58,8,blink_pvil,BLINK,comment,30,pre_note,True,True,they,original,True
ev_gpa0d2of5ka,S5,EXPT,1,S5_EXPT_D1,2026-07-23T20:10:09,10.2,army_s8ev,ARMY,post,60,pre_note,True,False,,original,False
ev_mipjwgobb94,S5,EXPT,1,S5_EXPT_D1,2026-07-23T20:10:26,10.4,blink_pvil,BLINK,comment,60,pre_note,True,False,,original,True
ev_v56wntybhim,S5,EXPT,1,S5_EXPT_D1,2026-07-23T20:11:29,11.5,army_awgs,ARMY,comment,65,pre_note,True,True,they,original,False
ev_d3nru68kvrw,S5,EXPT,1,S5_EXPT_D1,2026-07-23T20:12:27,12.5,army_s8ev,ARMY,comment,40,pre_note,True,False,,original,False
ev_frpju697ktm,S5,EXPT,1,S5_EXPT_D1,2026-07-23T20:13:08,13.1,blink_pvil,BLINK,post,25,pre_note,True,False,,original,True
ev_0jn4cqujovm,S5,EXPT,1,S5_EXPT_D1,2026-07-23T20:13:24,13.4,army_s8ev,ARMY,comment,70,pre_note,True,True,named,original,False
ev_zc6vcolkw96,S5,EXPT,1,S5_EXPT_D1,2026-07-23T20:13:28,13.5,blink_ci95,BLINK,comment,70,pre_note,True,False,,original,False
ev_672oaq61hdt,S5,EXPT,1,S5_EXPT_D1,2026-07-23T20:14:16,14.3,blink_pb3d,BLINK,comment,40,pre_note,True,True,they,original,False
ev_ld5n8r6cghm,S5,EXPT,1,S5_EXPT_D1,2026-07-23T20:14:51,14.9,blink_pvil,BLINK,comment,15,pre_note,True,True,they,original,True
ev_bpfgpdx5mm9,S5,EXPT,1,S5_EXPT_D1,2026-07-23T20:15:44,15.7,blink_pb3d,BLINK,comment,45,pre_note,True,True,they,original,False
ev_uiju9l0cqfj,S5,EXPT,1,S5_EXPT_D1,2026-07-23T20:15:48,15.8,blink_ci95,BLINK,comment,40,pre_note,True,True,they,original,False
ev_h4bkoyshubn,S5,EXPT,1,S5_EXPT_D1,2026-07-23T20:15:51,15.9,blink_pb3d,BLINK,comment,10,pre_note,True,True,named,original,False
ev_bxahb8hmb9s,S5,EXPT,1,S5_EXPT_D1,2026-07-23T20:16:13,16.2,army_s8ev,ARMY,comment,60,pre_note,True,True,named,original,False
ev_iby737d3lag,S5,EXPT,1,S5_EXPT_D1,2026-07-23T20:16:38,16.6,blink_pvil,BLINK,post,15,pre_note,True,True,they,original,True
ev_3enb4s9p696,S5,EXPT,1,S5_EXPT_D1,2026-07-23T20:17:40,17.7,blink_pvil,BLINK,comment,55,pre_note,True,True,they,original,True
ev_grmsqnbmbni,S5,EXPT,1,S5_EXPT_D1,2026-07-23T20:18:47,18.8,blink_pb3d,BLINK,comment,25,pre_note,True,False,,original,False
ev_smv0t9loiif,S5,EXPT,1,S5_EXPT_D1,2026-07-23T20:19:08,19.1,blink_ci95,BLINK,comment,60,pre_note,True,True,they,original,False
ev_6jb9iwfksqp,S5,EXPT,1,S5_EXPT_D1,2026-07-23T20:19:09,19.2,blink_pvil,BLINK,post,60,pre_note,True,False,,original,True
ev_d9zbqo7e2zl,S5,EXPT,1,S5_EXPT_D1,2026-07-23T20:19:09,19.2,army_awgs,ARMY,post,65,pre_note,True,False,,original,False
ev_bmi4gsva619,S5,EXPT,1,S5_EXPT_D1,2026-07-23T20:19:39,19.7,blink_pb3d,BLINK,comment,35,pre_note,True,True,named,original,False
ev_m8smoru3s31,S5,EXPT,1,S5_EXPT_D1,2026-07-23T20:21:59,22,army_awgs,ARMY,comment,35,pre_note,True,False,,original,False
ev_3oarlwc9pwn,S5,EXPT,1,S5_EXPT_D1,2026-07-23T20:23:19,23.3,army_shz6,ARMY,comment,55,pre_note,True,True,they,original,False
ev_93ny6ufbx4h,S5,EXPT,1,S5_EXPT_D1,2026-07-23T20:23:25,23.4,blink_pvil,BLINK,post,55,pre_note,True,True,named,original,True
ev_6eohluczq69,S5,EXPT,1,S5_EXPT_D1,2026-07-23T20:23:44,23.7,army_awgs,ARMY,comment,75,pre_note,True,False,,original,False
ev_bwkw2uij6kr,S5,EXPT,1,S5_EXPT_D1,2026-07-23T20:23:59,24,blink_pvil,BLINK,comment,90,pre_note,True,True,they,original,True
ev_47gavb97z1i,S5,EXPT,1,S5_EXPT_D1,2026-07-23T20:24:12,24.2,army_s8ev,ARMY,comment,55,pre_note,True,False,,original,False
ev_5tpti3mdsun,S5,EXPT,1,S5_EXPT_D1,2026-07-23T20:24:46,24.8,army_shz6,ARMY,comment,50,pre_note,True,True,they,original,False
ev_hzdx45zho3c,S5,EXPT,1,S5_EXPT_D1,2026-07-23T20:24:50,24.8,army_awgs,ARMY,comment,85,pre_note,True,False,,original,False
ev_c6xrl6tq7fq,S5,EXPT,1,S5_EXPT_D1,2026-07-23T20:24:53,24.9,army_s8ev,ARMY,comment,75,pre_note,True,False,,original,False
ev_egvxzfopo9x,S5,EXPT,1,S5_EXPT_D1,2026-07-23T20:25:31,25.5,blink_pvil,BLINK,comment,50,pre_note,True,False,,original,True
ev_a61mki0ntj2,S5,EXPT,1,S5_EXPT_D1,2026-07-23T20:26:00,26,blink_pvil,BLINK,comment,75,pre_note,True,False,,original,True
ev_i801ufqhf7t,S5,EXPT,1,S5_EXPT_D1,2026-07-23T20:26:17,26.3,blink_pvil,BLINK,comment,45,pre_note,True,False,,original,True
ev_u3714uxwq7k,S5,EXPT,1,S5_EXPT_D1,2026-07-23T20:26:32,26.5,army_awgs,ARMY,comment,80,pre_note,True,False,,original,False
ev_5261narn3p3,S5,EXPT,1,S5_EXPT_D1,2026-07-23T20:26:53,26.9,blink_pvil,BLINK,comment,45,pre_note,True,False,,original,True
ev_yracjc6lcvh,S5,EXPT,1,S5_EXPT_D1,2026-07-23T20:26:59,27,army_shz6,ARMY,comment,55,pre_note,True,False,,original,False
ev_739z2vybfdw,S5,EXPT,1,S5_EXPT_D1,2026-07-23T20:27:58,28,blink_pvil,BLINK,comment,55,pre_note,True,False,,original,True
ev_og8nhlklvcw,S5,EXPT,1,S5_EXPT_D1,2026-07-23T20:28:59,29,blink_pvil,BLINK,comment,70,pre_note,True,True,they,original,True
ev_dshx7fofxnr,S5,EXPT,1,S5_EXPT_D1,2026-07-23T20:29:21,29.4,army_awgs,ARMY,post,35,pre_note,True,True,they,original,False
ev_u8vobomc5wo,S5,EXPT,1,S5_EXPT_D1,2026-07-23T20:30:00,30,blink_pb3d,BLINK,post,45,pre_note,True,False,,original,False
ev_utdmrzdzl36,S5,EXPT,1,S5_EXPT_D1,2026-07-23T20:31:23,31.4,blink_ci95,BLINK,comment,50,pre_note,True,True,they,original,False
ev_nqkfmfi6q09,S5,EXPT,1,S5_EXPT_D1,2026-07-23T20:31:40,31.7,army_s8ev,ARMY,comment,65,pre_note,True,False,,original,False
ev_unv9lue701v,S5,EXPT,1,S5_EXPT_D1,2026-07-23T20:33:50,33.8,blink_pvil,BLINK,comment,70,pre_note,True,True,named,original,True
ev_1weu8kcda16,S5,EXPT,1,S5_EXPT_D1,2026-07-23T20:34:43,34.7,blink_pvil,BLINK,comment,60,pre_note,True,True,they,original,True
ev_awl7ihz9aki,S5,EXPT,1,S5_EXPT_D1,2026-07-23T20:35:06,35.1,army_s8ev,ARMY,comment,75,post_note,True,True,named,note_task,False
ev_w8h1by7jlii,S5,EXPT,1,S5_EXPT_D1,2026-07-23T20:35:35,35.6,blink_pvil,BLINK,comment,55,post_note,True,True,they,note_task,True
ev_o6sxhwpc5zf,S5,EXPT,1,S5_EXPT_D1,2026-07-23T20:35:36,35.6,blink_pvil,BLINK,comment,70,post_note,True,False,,note_task,True
ev_6oa2rklf6iu,S5,EXPT,1,S5_EXPT_D1,2026-07-23T20:36:30,36.5,blink_pvil,BLINK,comment,50,post_note,True,True,they,note_task,True
ev_m4q3sov685y,S5,EXPT,1,S5_EXPT_D1,2026-07-23T20:36:50,36.8,blink_ci95,BLINK,comment,0,post_note,True,False,,note_task,False
ev_cslj98rgxpl,S5,EXPT,1,S5_EXPT_D1,2026-07-23T20:37:18,37.3,blink_pvil,BLINK,comment,50,post_note,True,False,,note_task,True
ev_hr6tpfm9vyr,S5,EXPT,1,S5_EXPT_D1,2026-07-23T20:37:37,37.6,blink_pvil,BLINK,comment,60,post_note,True,False,,original,True
ev_g9ksrtcbmpq,S5,EXPT,1,S5_EXPT_D1,2026-07-23T20:38:02,38,blink_pvil,BLINK,comment,65,post_note,True,True,named,note_task,True
ev_a89w07vpaph,S5,EXPT,1,S5_EXPT_D1,2026-07-23T20:38:09,38.2,blink_pvil,BLINK,post,25,post_note,True,False,,original,True
ev_9y8kc4t6u00,S5,EXPT,1,S5_EXPT_D1,2026-07-23T20:38:55,38.9,army_awgs,ARMY,comment,15,post_note,True,True,they,note_task,False
ev_h9gz7egga7v,S5,EXPT,1,S5_EXPT_D1,2026-07-23T20:39:44,39.7,blink_pvil,BLINK,comment,40,post_note,True,True,named,note_task,True
ev_c2u9rs6b23t,S5,EXPT,1,S5_EXPT_D1,2026-07-23T20:40:07,40.1,army_s8ev,ARMY,comment,25,post_note,True,True,named,original,False
ev_ypq7xmkzyc5,S5,EXPT,1,S5_EXPT_D1,2026-07-23T20:41:39,41.7,blink_pb3d,BLINK,post,35,post_note,True,False,,note_task,False
ev_qgntur0bvyb,S5,EXPT,1,S5_EXPT_D1,2026-07-23T20:41:46,41.8,army_shz6,ARMY,comment,35,post_note,True,False,,original,False
ev_30r5yfqwp1o,S5,EXPT,1,S5_EXPT_D1,2026-07-23T20:42:05,42.1,blink_ci95,BLINK,comment,20,post_note,True,False,,original,False
ev_c0rhcow1x1e,S5,EXPT,1,S5_EXPT_D1,2026-07-23T20:42:45,42.8,blink_ci95,BLINK,comment,15,post_note,True,True,named,original,False
ev_32xfkycacc0,S5,EXPT,1,S5_EXPT_D1,2026-07-23T20:43:01,43,blink_ci95,BLINK,comment,0,post_note,True,True,they,original,False
ev_emvmn749mf7,S5,EXPT,1,S5_EXPT_D1,2026-07-23T20:44:31,44.5,army_s8ev,ARMY,post,35,post_note,True,True,they,note_task,False
ev_d1uc6s770eg,S5,EXPT,1,S5_EXPT_D1,2026-07-23T20:45:15,45.3,army_shz6,ARMY,comment,40,post_note,True,False,,note_task,False
ev_r0ps43bifgk,S5,EXPT,1,S5_EXPT_D1,2026-07-23T20:45:30,45.5,blink_pvil,BLINK,comment,40,post_note,True,False,,note_task,True
ev_axf98qmlhdn,S5,EXPT,1,S5_EXPT_D1,2026-07-23T20:46:34,46.6,blink_ci95,BLINK,post,10,post_note,True,True,named,note_task,False
ev_gl9r3jn8r1e,S5,EXPT,1,S5_EXPT_D1,2026-07-23T20:47:20,47.3,army_s8ev,ARMY,post,35,post_note,True,True,they,original,False
ev_ju7oo53cux0,S5,EXPT,1,S5_EXPT_D1,2026-07-23T20:48:00,48,army_shz6,ARMY,comment,35,post_note,True,False,,original,False
ev_keb4wt391cg,S5,EXPT,1,S5_EXPT_D1,2026-07-23T20:48:16,48.3,blink_pvil,BLINK,comment,55,post_note,True,False,,original,True
ev_u03tqcq46gj,S5,EXPT,1,S5_EXPT_D1,2026-07-23T20:48:17,48.3,blink_pvil,BLINK,comment,55,post_note,True,True,named,original,True
ev_fm7owpbu6wa,S5,EXPT,1,S5_EXPT_D1,2026-07-23T20:48:22,48.4,army_shz6,ARMY,post,50,post_note,True,True,named,original,False
ev_o72k5mahkxv,S5,EXPT,1,S5_EXPT_D1,2026-07-23T20:48:29,48.5,blink_pvil,BLINK,comment,25,post_note,True,True,named,original,True
ev_m5idsf6xptb,S5,EXPT,1,S5_EXPT_D1,2026-07-23T20:50:42,50.7,blink_pvil,BLINK,comment,70,post_note,True,True,they,original,True
ev_25u3eksok7j,S5,EXPT,1,S5_EXPT_D1,2026-07-23T20:50:45,50.8,blink_pb3d,BLINK,comment,35,post_note,True,False,,original,False
ev_0wfj7ylbrkr,S5,EXPT,1,S5_EXPT_D1,2026-07-23T20:51:51,51.9,army_s8ev,ARMY,post,20,post_note,True,True,they,original,False
ev_v8hh7a8h933,S5,EXPT,1,S5_EXPT_D1,2026-07-23T20:52:14,52.2,army_shz6,ARMY,comment,30,post_note,True,True,named,original,False
ev_q2x1vnw1ugg,S5,EXPT,1,S5_EXPT_D1,2026-07-23T20:52:16,52.3,blink_pvil,BLINK,comment,45,post_note,True,False,,original,True
ev_qalk5p7lkac,S5,EXPT,1,S5_EXPT_D1,2026-07-23T20:53:15,53.3,army_s8ev,ARMY,comment,60,post_note,True,False,,original,False
ev_8bi0mqcwqd3,S5,EXPT,1,S5_EXPT_D1,2026-07-23T20:54:26,54.4,army_awgs,ARMY,post,45,post_note,True,True,named,original,False
ev_ewfgzr2k3a5,S5,EXPT,1,S5_EXPT_D1,2026-07-23T20:54:32,54.5,army_shz6,ARMY,post,60,post_note,True,True,named,original,False
ev_w9p8u914p1w,S5,EXPT,1,S5_EXPT_D1,2026-07-23T20:54:48,54.8,army_shz6,ARMY,comment,70,post_note,True,False,,original,False
ev_jnd976buxib,S5,EXPT,1,S5_EXPT_D1,2026-07-23T20:55:12,55.2,blink_pvil,BLINK,comment,45,post_note,True,False,,original,True
ev_xtfts2a0d3p,S5,EXPT,1,S5_EXPT_D1,2026-07-23T20:56:08,56.1,army_s8ev,ARMY,comment,45,post_note,True,False,,original,False
ev_2hqkwmc1poj,S5,EXPT,1,S5_EXPT_D1,2026-07-23T20:56:12,56.2,blink_pb3d,BLINK,comment,75,post_note,True,True,they,original,False
ev_n76ba29tuy2,S5,EXPT,1,S5_EXPT_D1,2026-07-23T20:56:30,56.5,blink_pb3d,BLINK,comment,75,post_note,True,True,they,original,False
ev_wcahy3f2niu,S5,EXPT,1,S5_EXPT_D1,2026-07-23T20:57:37,57.6,blink_pb3d,BLINK,comment,55,post_note,True,True,named,original,False
ev_394patztfad,S5,EXPT,1,S5_EXPT_D1,2026-07-23T20:58:24,58.4,blink_pvil,BLINK,comment,65,post_note,True,True,they,original,True
ev_8jwhbkcnyrh,S5,EXPT,1,S5_EXPT_D1,2026-07-23T20:58:46,58.8,army_awgs,ARMY,comment,70,post_note,True,True,they,original,False
ev_ehbmnkxuxiw,S5,EXPT,1,S5_EXPT_D1,2026-07-23T20:58:48,58.8,blink_pvil,BLINK,comment,50,post_note,True,True,named,original,True
ev_itj0ry5ghdw,S5,EXPT,1,S5_EXPT_D1,2026-07-23T20:59:27,59.5,blink_ci95,BLINK,comment,70,post_note,True,True,named,original,False
ev_503z671owrv,S5,EXPT,1,S5_EXPT_D1,2026-07-23T20:59:31,59.5,blink_pvil,BLINK,post,60,post_note,True,True,named,original,True
ev_0iela86bd6s,S5,EXPT,2,S5_EXPT_D2,2026-07-24T20:00:21,0.4,army_shz6,ARMY,comment,45,day2_no_note,False,True,named,original,False
ev_0p879reoua7,S5,EXPT,2,S5_EXPT_D2,2026-07-24T20:01:29,1.5,blink_pb3d,BLINK,comment,35,day2_no_note,False,True,named,original,False
ev_shktzhqt3rr,S5,EXPT,2,S5_EXPT_D2,2026-07-24T20:02:17,2.3,blink_pvil,BLINK,comment,50,day2_no_note,False,True,they,original,True
ev_kpm3y9ousid,S5,EXPT,2,S5_EXPT_D2,2026-07-24T20:02:50,2.8,blink_pvil,BLINK,comment,55,day2_no_note,False,False,,original,True
ev_a80tcf65vfm,S5,EXPT,2,S5_EXPT_D2,2026-07-24T20:04:12,4.2,blink_pvil,BLINK,comment,45,day2_no_note,False,False,,original,True
ev_zt7uzo6yz9r,S5,EXPT,2,S5_EXPT_D2,2026-07-24T20:05:19,5.3,army_s8ev,ARMY,comment,35,day2_no_note,False,True,named,original,False
ev_frbeuv3zuwq,S5,EXPT,2,S5_EXPT_D2,2026-07-24T20:05:21,5.4,army_s8ev,ARMY,comment,60,day2_no_note,False,False,,original,False
ev_nw1l1s79scq,S5,EXPT,2,S5_EXPT_D2,2026-07-24T20:05:24,5.4,blink_ci95,BLINK,comment,55,day2_no_note,False,False,,original,False
ev_3o3uohftgc5,S5,EXPT,2,S5_EXPT_D2,2026-07-24T20:05:55,5.9,blink_pvil,BLINK,comment,55,day2_no_note,False,False,,original,True
ev_h06q6a801of,S5,EXPT,2,S5_EXPT_D2,2026-07-24T20:06:30,6.5,army_awgs,ARMY,comment,80,day2_no_note,False,False,,original,False
ev_tnq7q01bkmo,S5,EXPT,2,S5_EXPT_D2,2026-07-24T20:06:47,6.8,blink_ci95,BLINK,comment,50,day2_no_note,False,True,they,original,False
ev_byu17bm8837,S5,EXPT,2,S5_EXPT_D2,2026-07-24T20:07:31,7.5,army_s8ev,ARMY,comment,45,day2_no_note,False,True,named,original,False
ev_sxqqidumhdt,S5,EXPT,2,S5_EXPT_D2,2026-07-24T20:08:31,8.5,blink_ci95,BLINK,comment,40,day2_no_note,False,True,named,original,False
ev_n889vp6vpb6,S5,EXPT,2,S5_EXPT_D2,2026-07-24T20:10:22,10.4,army_s8ev,ARMY,comment,45,day2_no_note,False,False,,original,False
ev_tx1ohuo3gz0,S5,EXPT,2,S5_EXPT_D2,2026-07-24T20:10:34,10.6,army_s8ev,ARMY,comment,35,day2_no_note,False,False,,original,False
ev_4y7r7kj2jhm,S5,EXPT,2,S5_EXPT_D2,2026-07-24T20:13:59,14,army_shz6,ARMY,comment,85,day2_no_note,False,True,named,original,False
ev_umxirg1vqws,S5,EXPT,2,S5_EXPT_D2,2026-07-24T20:13:59,14,army_s8ev,ARMY,comment,25,day2_no_note,False,False,,original,False
ev_bxfp6jtlo7d,S5,EXPT,2,S5_EXPT_D2,2026-07-24T20:14:22,14.4,army_shz6,ARMY,comment,50,day2_no_note,False,True,named,original,False
ev_1jr9uk7mrex,S5,EXPT,2,S5_EXPT_D2,2026-07-24T20:15:46,15.8,blink_pvil,BLINK,comment,45,day2_no_note,False,False,,original,True
ev_i1cfbi2mbbu,S5,EXPT,2,S5_EXPT_D2,2026-07-24T20:16:10,16.2,blink_pvil,BLINK,comment,45,day2_no_note,False,True,they,original,True
ev_1nmo2041jt8,S5,EXPT,2,S5_EXPT_D2,2026-07-24T20:16:29,16.5,army_shz6,ARMY,comment,50,day2_no_note,False,True,they,original,False
ev_l1fjqrg5p1e,S5,EXPT,2,S5_EXPT_D2,2026-07-24T20:17:59,18,blink_ci95,BLINK,comment,50,day2_no_note,False,False,,original,False
ev_uli9ul7kd21,S5,EXPT,2,S5_EXPT_D2,2026-07-24T20:20:07,20.1,army_shz6,ARMY,comment,50,day2_no_note,False,False,,original,False
ev_65ixw6h2edt,S5,EXPT,2,S5_EXPT_D2,2026-07-24T20:20:14,20.2,army_awgs,ARMY,comment,65,day2_no_note,False,False,,original,False
ev_f5i2k5t0jyk,S5,EXPT,2,S5_EXPT_D2,2026-07-24T20:21:07,21.1,army_awgs,ARMY,post,50,day2_no_note,False,True,named,original,False
ev_iey4o6vc0vh,S5,EXPT,2,S5_EXPT_D2,2026-07-24T20:21:20,21.3,army_shz6,ARMY,post,45,day2_no_note,False,False,,original,False
ev_gl8ftfb2gma,S5,EXPT,2,S5_EXPT_D2,2026-07-24T20:21:25,21.4,blink_pb3d,BLINK,comment,40,day2_no_note,False,True,named,original,False
ev_mt8uvqxvzvm,S5,EXPT,2,S5_EXPT_D2,2026-07-24T20:21:29,21.5,blink_pvil,BLINK,comment,65,day2_no_note,False,True,named,original,True
ev_bsgdbotzg0l,S5,EXPT,2,S5_EXPT_D2,2026-07-24T20:22:31,22.5,blink_pvil,BLINK,comment,40,day2_no_note,False,True,named,original,True
ev_tk2iq4fzh8i,S5,EXPT,2,S5_EXPT_D2,2026-07-24T20:23:25,23.4,blink_ci95,BLINK,comment,30,day2_no_note,False,True,named,original,False
ev_k65522mwuff,S5,EXPT,2,S5_EXPT_D2,2026-07-24T20:24:05,24.1,blink_pvil,BLINK,comment,30,day2_no_note,False,True,they,original,True
ev_u0pujwv1908,S5,EXPT,2,S5_EXPT_D2,2026-07-24T20:25:11,25.2,army_awgs,ARMY,comment,65,day2_no_note,False,True,named,original,False
ev_oprlq2kvt9s,S5,EXPT,2,S5_EXPT_D2,2026-07-24T20:25:16,25.3,blink_pvil,BLINK,post,30,day2_no_note,False,False,,original,True
ev_n58zjzgvltk,S5,EXPT,2,S5_EXPT_D2,2026-07-24T20:25:44,25.7,blink_pvil,BLINK,comment,35,day2_no_note,False,True,they,original,True
ev_4njljlsw8kb,S5,EXPT,2,S5_EXPT_D2,2026-07-24T20:25:59,26,blink_pvil,BLINK,comment,35,day2_no_note,False,True,they,original,True
ev_n6jpbt6n30o,S5,EXPT,2,S5_EXPT_D2,2026-07-24T20:27:08,27.1,blink_pvil,BLINK,post,55,day2_no_note,False,True,named,original,True
ev_bm6iu9i8o7g,S5,EXPT,2,S5_EXPT_D2,2026-07-24T20:27:36,27.6,army_awgs,ARMY,comment,65,day2_no_note,False,False,,original,False
ev_tbc9kafctvs,S5,EXPT,2,S5_EXPT_D2,2026-07-24T20:29:16,29.3,blink_pvil,BLINK,comment,60,day2_no_note,False,True,they,original,True
ev_hm7brtxrnr2,S5,EXPT,2,S5_EXPT_D2,2026-07-24T20:29:20,29.3,blink_ci95,BLINK,comment,25,day2_no_note,False,True,they,original,False
ev_sc68helqd7p,S5,EXPT,2,S5_EXPT_D2,2026-07-24T20:29:24,29.4,blink_pb3d,BLINK,comment,40,day2_no_note,False,True,they,original,False
ev_8retwflmen6,S5,EXPT,2,S5_EXPT_D2,2026-07-24T20:29:54,29.9,blink_pvil,BLINK,comment,85,day2_no_note,False,True,they,original,True
ev_vg5mcuc3g2z,S5,EXPT,2,S5_EXPT_D2,2026-07-24T20:29:56,29.9,blink_pvil,BLINK,comment,15,day2_no_note,False,True,they,original,True
ev_vl07y55qx6v,S5,EXPT,2,S5_EXPT_D2,2026-07-24T20:31:04,31.1,blink_pvil,BLINK,post,55,day2_no_note,False,True,named,original,True
ev_oe0bwd8r6ce,S5,EXPT,2,S5_EXPT_D2,2026-07-24T20:31:42,31.7,blink_pvil,BLINK,comment,30,day2_no_note,False,True,named,original,True
ev_uj3ll8midi5,S5,EXPT,2,S5_EXPT_D2,2026-07-24T20:32:47,32.8,blink_ci95,BLINK,comment,40,day2_no_note,False,False,,original,False
ev_1jezu4u4rw1,S5,EXPT,2,S5_EXPT_D2,2026-07-24T20:33:31,33.5,army_s8ev,ARMY,comment,55,day2_no_note,False,True,they,original,False
ev_ul9f4tx7yf3,S5,EXPT,2,S5_EXPT_D2,2026-07-24T20:35:47,35.8,army_awgs,ARMY,comment,70,day2_no_note,False,False,,original,False
ev_hd8inzldwb7,S5,EXPT,2,S5_EXPT_D2,2026-07-24T20:37:12,37.2,blink_ci95,BLINK,comment,45,day2_no_note,False,False,,original,False
ev_txrpheyju8o,S5,EXPT,2,S5_EXPT_D2,2026-07-24T20:37:17,37.3,army_awgs,ARMY,post,45,day2_no_note,False,True,they,original,False
ev_1eyt2cae24e,S5,EXPT,2,S5_EXPT_D2,2026-07-24T20:38:27,38.5,blink_pb3d,BLINK,comment,55,day2_no_note,False,True,they,original,False
ev_6231h361vlm,S5,EXPT,2,S5_EXPT_D2,2026-07-24T20:38:40,38.7,army_shz6,ARMY,comment,55,day2_no_note,False,False,,original,False
ev_zf4ubby2hjg,S5,EXPT,2,S5_EXPT_D2,2026-07-24T20:38:46,38.8,army_shz6,ARMY,post,50,day2_no_note,False,True,named,original,False
ev_yicxga7j8jc,S5,EXPT,2,S5_EXPT_D2,2026-07-24T20:39:22,39.4,blink_pb3d,BLINK,comment,70,day2_no_note,False,True,named,original,False
ev_6q1py8tlhi3,S5,EXPT,2,S5_EXPT_D2,2026-07-24T20:40:38,40.6,blink_pvil,BLINK,post,20,day2_no_note,False,True,named,original,True
ev_dsb5zzdxivk,S5,EXPT,2,S5_EXPT_D2,2026-07-24T20:41:23,41.4,blink_pvil,BLINK,comment,75,day2_no_note,False,True,named,original,True
ev_lg4yg0ssyvt,S5,EXPT,2,S5_EXPT_D2,2026-07-24T20:41:52,41.9,blink_pb3d,BLINK,comment,35,day2_no_note,False,False,,original,False
ev_0cxwfpjqgfp,S5,EXPT,2,S5_EXPT_D2,2026-07-24T20:43:16,43.3,army_awgs,ARMY,comment,60,day2_no_note,False,True,they,original,False
ev_2y0e1gc7rlo,S5,EXPT,2,S5_EXPT_D2,2026-07-24T20:43:27,43.5,army_shz6,ARMY,comment,35,day2_no_note,False,False,,original,False
ev_r6c7e0n9p6n,S5,EXPT,2,S5_EXPT_D2,2026-07-24T20:43:28,43.5,blink_pvil,BLINK,comment,40,day2_no_note,False,False,,original,True
ev_r3du5t3ggoc,S5,EXPT,2,S5_EXPT_D2,2026-07-24T20:43:43,43.7,army_s8ev,ARMY,comment,80,day2_no_note,False,True,they,original,False
ev_ht1qv30z8yd,S5,EXPT,2,S5_EXPT_D2,2026-07-24T20:44:25,44.4,army_awgs,ARMY,comment,50,day2_no_note,False,False,,original,False
ev_l6pwn2pwhj2,S5,EXPT,2,S5_EXPT_D2,2026-07-24T20:46:13,46.2,blink_ci95,BLINK,post,30,day2_no_note,False,False,,original,False
ev_d2s10uxjhgb,S5,EXPT,2,S5_EXPT_D2,2026-07-24T20:46:36,46.6,blink_pvil,BLINK,post,60,day2_no_note,False,True,named,original,True
ev_pv0q8vegdf1,S5,EXPT,2,S5_EXPT_D2,2026-07-24T20:47:13,47.2,blink_ci95,BLINK,comment,50,day2_no_note,False,True,named,original,False
ev_mj922pg5f57,S5,EXPT,2,S5_EXPT_D2,2026-07-24T20:47:54,47.9,blink_pb3d,BLINK,post,25,day2_no_note,False,False,,original,False
ev_ewkrk4waq7k,S5,EXPT,2,S5_EXPT_D2,2026-07-24T20:48:02,48,blink_pvil,BLINK,comment,60,day2_no_note,False,True,named,original,True
ev_fzw2ukpkw6c,S5,EXPT,2,S5_EXPT_D2,2026-07-24T20:48:47,48.8,blink_pvil,BLINK,comment,60,day2_no_note,False,True,they,original,True
ev_20kogh09vcs,S5,EXPT,2,S5_EXPT_D2,2026-07-24T20:49:46,49.8,blink_pvil,BLINK,comment,40,day2_no_note,False,False,,original,True
ev_ien35sbau7b,S5,EXPT,2,S5_EXPT_D2,2026-07-24T20:51:12,51.2,army_shz6,ARMY,comment,50,day2_no_note,False,True,they,original,False
ev_o218ikpcxp9,S5,EXPT,2,S5_EXPT_D2,2026-07-24T20:52:10,52.2,blink_pvil,BLINK,comment,55,day2_no_note,False,True,named,original,True
ev_28mpv8yfnw5,S5,EXPT,2,S5_EXPT_D2,2026-07-24T20:52:27,52.5,army_s8ev,ARMY,comment,40,day2_no_note,False,False,,original,False
ev_a6iubogrj12,S5,EXPT,2,S5_EXPT_D2,2026-07-24T20:52:52,52.9,army_awgs,ARMY,post,40,day2_no_note,False,False,,original,False
ev_u0h7a5rzvll,S5,EXPT,2,S5_EXPT_D2,2026-07-24T20:53:23,53.4,blink_pvil,BLINK,post,50,day2_no_note,False,True,they,original,True
ev_zd34vbf16pa,S5,EXPT,2,S5_EXPT_D2,2026-07-24T20:54:07,54.1,blink_pvil,BLINK,comment,40,day2_no_note,False,False,,original,True
ev_7mg8t728xt3,S5,EXPT,2,S5_EXPT_D2,2026-07-24T20:54:39,54.7,army_shz6,ARMY,comment,25,day2_no_note,False,False,,original,False
ev_a3m9raf8wl0,S5,EXPT,2,S5_EXPT_D2,2026-07-24T20:55:47,55.8,blink_ci95,BLINK,post,60,day2_no_note,False,False,,original,False
ev_zpi2awriwlf,S5,EXPT,2,S5_EXPT_D2,2026-07-24T20:56:01,56,army_s8ev,ARMY,comment,55,day2_no_note,False,False,,original,False
ev_vpsjfw6alfx,S5,EXPT,2,S5_EXPT_D2,2026-07-24T20:58:22,58.4,blink_ci95,BLINK,comment,35,day2_no_note,False,False,,original,False
ev_kd8r1fhmryh,S5,EXPT,2,S5_EXPT_D2,2026-07-24T20:58:32,58.5,army_shz6,ARMY,comment,45,day2_no_note,False,False,,original,False
ev_1pm46ihpj29,S5,EXPT,2,S5_EXPT_D2,2026-07-24T20:58:47,58.8,army_s8ev,ARMY,comment,50,day2_no_note,False,False,,original,False
ev_9siuhaap0js,S5,EXPT,2,S5_EXPT_D2,2026-07-24T20:59:00,59,blink_pb3d,BLINK,comment,60,day2_no_note,False,False,,original,False
