subject,course_number,course_title,units,attributes,section,date_time,room,instructor,ta_ia_gta,remarks
ACCT,2010,Principles of Accounting I,3,[BLD] Blended learning,L01 (1038),TuTh 01:30PM - 02:50PM,"Rm 6573, Lift 29-30 (88)","DONG, Qingkai",,> The class is delivered in a conventional face-to-face mode
ACCT,2010,Principles of Accounting I,3,[BLD] Blended learning,L02 (1039),TuTh 12:00PM - 01:20PM,"Rm 6573, Lift 29-30 (88)","DONG, Qingkai",,> The class is delivered in a conventional face-to-face mode
ACCT,2010,Principles of Accounting I,3,[BLD] Blended learning,L03 (1040),TuTh 09:00AM - 10:20AM,"Rm 6573, Lift 29-30 (88)","DONG, Qingkai",,> The class is delivered in a conventional face-to-face mode
ACCT,2010,Principles of Accounting I,3,[BLD] Blended learning,L04 (1041),MoWe 09:00AM - 10:20AM,"LG3009, Lift 10-12 (88)","KIM, Jaesik",,> The class is delivered in a conventional face-to-face mode
ACCT,2010,Principles of Accounting I,3,[BLD] Blended learning,L05 (1042),MoWe 12:00PM - 01:20PM,"LG3009, Lift 10-12 (88)","KIM, Jaesik",,> The class is delivered in a conventional face-to-face mode
ACCT,2010,Principles of Accounting I,3,[BLD] Blended learning,L06 (1043),MoWe 10:30AM - 11:50AM,"LG3009, Lift 10-12 (88)","KIM, Jaesik",,> The class is delivered in a conventional face-to-face mode
ACCT,2010,Principles of Accounting I,3,[BLD] Blended learning,L07 (1044),WeFr 04:30PM - 05:50PM,"Rm 2503, Lift 25-26 (87)","SHIN, Albert",,> The class is delivered in a conventional face-to-face mode
ACCT,2010,Principles of Accounting I,3,[BLD] Blended learning,L08 (1045),WeFr 01:30PM - 02:50PM,"Rm 2503, Lift 25-26 (87)","SHIN, Albert",,> The class is delivered in a conventional face-to-face mode
ACCT,2010,Principles of Accounting I,3,[BLD] Blended learning,L09 (1046),WeFr 03:00PM - 04:20PM,"Rm 2503, Lift 25-26 (87)","SHIN, Albert",,> The class is delivered in a conventional face-to-face mode
ACCT,2010,Principles of Accounting I,3,[BLD] Blended learning,L10 (1047),TuTh 09:00AM - 10:20AM,"LG3009, Lift 10-12 (88)","GUO, Di",,> The class is delivered in a conventional face-to-face mode
ACCT,2010,Principles of Accounting I,3,[BLD] Blended learning,L11 (1048),TuTh 10:30AM - 11:50AM,"LG3009, Lift 10-12 (88)","GUO, Di",,> The class is delivered in a conventional face-to-face mode
ACCT,2010,Principles of Accounting I,3,[BLD] Blended learning,L12 (1049),TuTh 01:30PM - 02:50PM,"LG3009, Lift 10-12 (88)","GUO, Di",,> The class is delivered in a conventional face-to-face mode
ACCT,2010,Principles of Accounting I,3,[BLD] Blended learning,L13 (1050),TuTh 10:30AM - 11:50AM,"Rm 2503, Lift 25-26 (87)","LEUNG, Patrick",,> The class is delivered in a conventional face-to-face mode
ACCT,2010,Principles of Accounting I,3,[BLD] Blended learning,L14 (1051),TuTh 03:00PM - 04:20PM,"Rm 2503, Lift 25-26 (87)","LEUNG, Patrick",,> The class is delivered in a conventional face-to-face mode
ACCT,2010,Principles of Accounting I,3,[BLD] Blended learning,L15 (1052),TuTh 04:30PM - 05:50PM,"Rm 2503, Lift 25-26 (87)","LEUNG, Patrick",,> The class is delivered in a conventional face-to-face mode
ACCT,2010,Principles of Accounting I,3,[BLD] Blended learning,L16 (1053),Mo 04:30PM - 05:50PM,"Rm 2503, Lift 25-26 (87)","CHO, Tony",,> The class is delivered in a conventional face-to-face mode
ACCT,3010,Financial Accounting I,3,[BLD] Blended learning,L1 (1054),Mo 01:30PM - 02:50PM,"G012, LSK Bldg (199)","ZANG, Amy Yunzhi",,> The class is delivered in a blended learning mode
ACCT,3010,Financial Accounting I,3,[BLD] Blended learning,L2 (1055),Mo 03:00PM - 04:20PM,"G012, LSK Bldg (199)","ZANG, Amy Yunzhi",,> The class is delivered in a blended learning mode
ACCT,3010,Financial Accounting I,3,[BLD] Blended learning,L3 (1056),Mo 04:30PM - 05:50PM,"G012, LSK Bldg (199)","ZANG, Amy Yunzhi",,> The class is delivered in a blended learning mode
ACCT,3030,Intermediate Financial Accounting for Non-Accounting Majors,3,,L1 (1057),WeFr 03:00PM - 04:20PM,"Rm 2406, Lift 17-18 (76)","MAK, Kelvin P",,
ACCT,3030,Intermediate Financial Accounting for Non-Accounting Majors,3,,L2 (1058),WeFr 01:30PM - 02:50PM,"Rm 2406, Lift 17-18 (76)","MAK, Kelvin P",,
ACCT,3030,Intermediate Financial Accounting for Non-Accounting Majors,3,,L3 (1059),WeFr 04:30PM - 05:50PM,"Rm 2406, Lift 17-18 (76)","MAK, Kelvin P",,
ACCT,3610,Business Law,3,,L1 (1060),Mo 03:00PM - 04:20PM,"Rm 1007, LSK Bldg (80)","TAN, Jing",,
ACCT,3610,Business Law,3,,L2 (1061),WeFr 01:30PM - 02:50PM,"Rm 1014, LSK Bldg (80)","TAN, Jing",,
ACCT,3880,Professional Excellence Program,1,,L1 (1070),07-SEP-2026 - 17-OCT-2026 We 04:00PM - 05:50PM,Lecture Theater J (300),"CHEUNG, Kwok Yip GUO, Di",,> Class Duration/Dates : 07-Sep-2026 to 17-Oct-2026
ACCT,4010,Advanced Financial Accounting,3,,L1 (1062),TuTh 10:30AM - 11:50AM,"Rm 1007, LSK Bldg (80)","CHEN, Peter Fusheng",,
ACCT,4010,Advanced Financial Accounting,3,,L2 (1063),TuTh 09:00AM - 10:20AM,"Rm 1007, LSK Bldg (80)","CHEN, Peter Fusheng",,
ACCT,4010,Advanced Financial Accounting,3,,L3 (1064),TuTh 03:00PM - 04:20PM,"Rm 2404, Lift 17-18 (81)","CHEN, Peter Fusheng",,
ACCT,4510,Auditing,3,,L1 (1065),Mo 03:00PM - 04:20PM,"Rm 1010, LSK Bldg (80)","CHEUNG, Kwok Yip",,
ACCT,4510,Auditing,3,,L2 (1066),Mo 01:30PM - 02:50PM,"Rm 1010, LSK Bldg (80)","CHEUNG, Kwok Yip",,
ACCT,4510,Auditing,3,,L3 (1067),WeFr 01:30PM - 02:50PM,"Rm 1011, LSK Bldg (80)","CHEUNG, Kwok Yip",,
ACCT,4710,Accounting Analytics for Professional Accountants,3,,L1 (1068),MoWe 12:00PM - 01:20PM,"Rm 2406, Lift 17-18 (76)","CHO, Tony",,
ACCT,4710,Accounting Analytics for Professional Accountants,3,,L2 (1069),Mo 01:30PM - 02:50PM,"Rm 2406, Lift 17-18 (76)","CHO, Tony",,
ACCT,5100,Corporate Reporting,2,[BLD] Blended learning,L1 (1019),26-OCT-2026 - 07-DEC-2026 Mo 09:30AM - 12:50PM,"Rm 2003, LSK Bldg","HSU, Charles Youyang",,"> The class is delivered in a conventional face-to-face mode > For MSc(FINA), MSc(FA) and MSc(IM) students only > Add/Drop Deadline : 02-Nov-2026"
ACCT,5100,Corporate Reporting,2,[BLD] Blended learning,L2 (1020),26-OCT-2026 - 07-DEC-2026 Mo 07:00PM - 10:20PM,"G001, LSK Bldg (75)","HSU, Charles Youyang",,"> The class is delivered in a conventional face-to-face mode > For MSc(FINA), MSc(FA) and MSc(IM) students only > Add/Drop Deadline : 02-Nov-2026"
ACCT,5100,Corporate Reporting,2,[BLD] Blended learning,L3 (1024),27-OCT-2026 - 08-DEC-2026 Tu 09:30AM - 12:50PM,"Rm 2001, LSK Bldg","HSU, Charles Youyang",,"> The class is delivered in a conventional face-to-face mode > For MSc(FINA), MSc(FA) and MSc(IM) students only > Add/Drop Deadline : 02-Nov-2026"
ACCT,5100,Corporate Reporting,2,[BLD] Blended learning,L4 (1025),27-OCT-2026 - 08-DEC-2026 Tu 07:00PM - 10:20PM,"Rm 2001, LSK Bldg","HSU, Charles Youyang",,"> The class is delivered in a conventional face-to-face mode > For MSc(FINA), MSc(FA) and MSc(IM) students only > Add/Drop Deadline : 02-Nov-2026"
ACCT,5100,Corporate Reporting,2,[BLD] Blended learning,L5 (1009),26-AUG-2026 - 14-OCT-2026 We 09:30AM - 01:00PM,"Rm 2003, LSK Bldg","CHEN, Zhihong",,> The class is delivered in a conventional face-to-face mode > For FT-MBA Year 1 students only > Add/Drop Deadline : 31-Aug-2026
ACCT,5100,Corporate Reporting,2,[BLD] Blended learning,L6 (1018),29-AUG-2026 - 29-AUG-2026 Sa 09:00AM - 12:30PM,"Rm 2003, LSK Bldg","HSU, Charles Youyang",,> The class is delivered in a conventional face-to-face mode > For PT-MBA Year 1 students only > Add/Drop Deadline : 31-Aug-2026
ACCT,5100,Corporate Reporting,2,[BLD] Blended learning,L7 (1013),29-AUG-2026 - 29-AUG-2026 Sa 09:30AM - 01:00PM,"Rm 2001, LSK Bldg","TANG, Chao",,> The class is delivered in a conventional face-to-face mode > For Part-time MBA (Bi-weekly) Year 1 students only > Add/Drop Deadline : 31-Aug-2026
ACCT,5140,Financial Statement Analysis,2,,L1 (1031),28-OCT-2026 - 16-DEC-2026 We 07:00PM - 10:30PM,TBA,"ZANG, Amy Yunzhi",,"> For FT-MBA; PT-MBA; MBA (Bi-weekly); Digital MBA and MBA Exchange students only > Venue : Business School Central in Admiralty, 4/F United Centre, 95 Queensway, Admiralty, Hong Kong > Add/Drop Deadline : 02-Nov-2026"
ACCT,5160,Corporate Financial Reporting I,2,,L1 (1001),24-AUG-2026 - 05-OCT-2026 Mo 09:30AM - 12:50PM,"G003, LSK Bldg (75)","TANG, Chao",,> For MSc(ACCT) students only > Add/Drop Deadline : 31-Aug-2026
ACCT,5160,Corporate Financial Reporting I,2,,L2 (1002),24-AUG-2026 - 05-OCT-2026 Mo 02:30PM - 05:50PM,"G003, LSK Bldg (75)","TANG, Chao",,> For MSc(ACCT) students only > Venue on 14-Oct-2025 : LTA > Add/Drop Deadline : 31-Aug-2026
ACCT,5160,Corporate Financial Reporting I,2,,L3 (1010),27-AUG-2026 - 08-OCT-2026 Th 09:30AM - 12:50PM,"G003, LSK Bldg (75)","TANG, Chao",,> For MSc(ACCT) students only > Venue on 14-Oct-2025 : LTA > Add/Drop Deadline : 31-Aug-2026
ACCT,5170,Corporate Financial Reporting II,2,,L1 (1021),26-OCT-2026 - 07-DEC-2026 Mo 09:30AM - 12:50PM,"G001, LSK Bldg (75)","ZHENG, Yue",,> For MSc(ACCT) students only > Add/Drop Deadline : 02-Nov-2026
ACCT,5170,Corporate Financial Reporting II,2,,L2 (1035),30-OCT-2026 - 11-DEC-2026 Fr 02:30PM - 05:50PM,"Rm 1, 31/F, Tower 1,Millennity","ZHENG, Yue",,> For MSc(ACCT) students only > Add/Drop Deadline : 02-Nov-2026
ACCT,5170,Corporate Financial Reporting II,2,,L3 (1036),30-OCT-2026 - 11-DEC-2026 Fr 09:30AM - 12:50PM,"G001, LSK Bldg (75)","ZHENG, Yue",,> For MSc(ACCT) students only > Add/Drop Deadline : 02-Nov-2026
ACCT,5210,Managerial Accounting Foundations,2,[BLD] Blended learning,L1 (1007),26-AUG-2026 - 07-OCT-2026 We 09:30AM - 12:50PM,"G001, LSK Bldg (75)","SHIEH, Tony",,> The class is delivered in a conventional face-to-face mode > For MSc(ACCT) students only > Add/Drop Deadline : 31-Aug-2026
ACCT,5210,Managerial Accounting Foundations,2,[BLD] Blended learning,L2 (1008),26-AUG-2026 - 07-OCT-2026 We 02:30PM - 05:50PM,"G001, LSK Bldg (75)","SHIEH, Tony",,> The class is delivered in a conventional face-to-face mode > For MSc(ACCT) students only > Add/Drop Deadline : 31-Aug-2026
ACCT,5210,Managerial Accounting Foundations,2,[BLD] Blended learning,L3 (1011),27-AUG-2026 - 08-OCT-2026 Th 09:30AM - 12:50PM,"G001, LSK Bldg (75)","SHIEH, Tony",,> The class is delivered in a conventional face-to-face mode > For MSc(ACCT) students only > Add/Drop Deadline : 31-Aug-2026
ACCT,5210,Managerial Accounting Foundations,2,[BLD] Blended learning,L4 (1022),26-OCT-2026 - 07-DEC-2026 Mo 02:00PM - 05:20PM,"G003, LSK Bldg (75)","CHEN, Tai-Yuan",,> The class is delivered in a conventional face-to-face mode > For MSc(GO) students only > Add/Drop Deadline : 02-Nov-2026
ACCT,5210,Managerial Accounting Foundations,2,[BLD] Blended learning,L5 (1023),26-OCT-2026 - 07-DEC-2026 Mo 09:30AM - 12:50PM,"G003, LSK Bldg (75)","CHEN, Tai-Yuan",,> The class is delivered in a conventional face-to-face mode > For MSc(GO) students only > Add/Drop Deadline : 02-Nov-2026
ACCT,5210,Managerial Accounting Foundations,2,[BLD] Blended learning,L6 (1028),28-OCT-2026 - 09-DEC-2026 We 09:30AM - 12:50PM,"G003, LSK Bldg (75)","CHEN, Tai-Yuan",,> The class is delivered in a conventional face-to-face mode > For MSc(GO) students only > Add/Drop Deadline : 02-Nov-2026
ACCT,5210,Managerial Accounting Foundations,2,[BLD] Blended learning,L7 (1029),28-OCT-2026 - 09-DEC-2026 We 02:00PM - 05:20PM,"G003, LSK Bldg (75)","CHEN, Tai-Yuan",,> The class is delivered in a conventional face-to-face mode > For MSc(GO) students only > Add/Drop Deadline : 02-Nov-2026
ACCT,5220,International Treasury Management,2,,L1 (1034),29-OCT-2026 - 17-DEC-2026 Th 09:30AM - 12:50PM,"G001, LSK Bldg (75)","SHIEH, Tony",,> For MSc(ACCT) students only > Add/Drop Deadline : 02-Nov-2026
ACCT,5220,International Treasury Management,2,,L2 (1033),29-OCT-2026 - 10-DEC-2026 Th 02:30PM - 05:50PM,"G001, LSK Bldg (75)","SHIEH, Tony",,> For MSc(ACCT) students only > Add/Drop Deadline : 02-Nov-2026
ACCT,5410,Taxation,2,,L1 (1003),24-AUG-2026 - 05-OCT-2026 Mo 09:30AM - 12:50PM,"G001, LSK Bldg (75)","MAK, Kelvin P",,> For MSc(ACCT) students only > Add/Drop Deadline : 31-Aug-2026
ACCT,5410,Taxation,2,,L2 (1004),24-AUG-2026 - 05-OCT-2026 Mo 02:30PM - 05:50PM,"G001, LSK Bldg (75)","MAK, Kelvin P",,> For MSc(ACCT) students only > Venue on 17-Oct-2026 : CYTLTL > Add/Drop Deadline : 31-Aug-2026
ACCT,5410,Taxation,2,,L3 (1014),29-AUG-2026 - 10-OCT-2026 Sa 09:30AM - 12:50PM,"G001, LSK Bldg (75)","MAK, Kelvin P",,> For MSc(ACCT) students only > Venue on 17-Oct-2026 : CYTLTL > Add/Drop Deadline : 31-Aug-2026
ACCT,5630,Business Law,2,,L1 (1005),25-AUG-2026 - 06-OCT-2026 Tu 09:00AM - 12:20PM,"Rm 4, 30/F, Tower 1,Millennity","TAN, Jing",,> For MSc(ACCT) students only > Add/Drop Deadline : 31-Aug-2026
ACCT,5630,Business Law,2,,L2 (1027),27-OCT-2026 - 15-DEC-2026 Tu 09:30AM - 12:50PM,"G001, LSK Bldg (75)","TAN, Jing",,> For MSc(ACCT) students only > Add/Drop Deadline : 02-Nov-2026
ACCT,5630,Business Law,2,,L3 (1026),27-OCT-2026 - 08-DEC-2026 Tu 02:30PM - 05:50PM,"G001, LSK Bldg (75)","TAN, Jing",,> For MSc(ACCT) students only > Add/Drop Deadline : 02-Nov-2026
ACCT,5710,Data Analytics in Accounting,2,,L1 (1032),28-OCT-2026 - 16-DEC-2026 We 09:30AM - 12:50PM,"G001, LSK Bldg (75)","SHIEH, Tony",,> For MSc(ACCT) students only > Add/Drop Deadline : 02-Nov-2026
ACCT,5710,Data Analytics in Accounting,2,,L2 (1030),28-OCT-2026 - 09-DEC-2026 We 02:30PM - 05:50PM,"G001, LSK Bldg (75)","SHIEH, Tony",,> For MSc(ACCT) students only > Add/Drop Deadline : 02-Nov-2026
ACCT,5920,Introduction to Financial Crime,2,,L1 (1012),27-AUG-2026 - 24-SEP-2026 Th 02:30PM - 05:50PM,TBA,TBA,,> Instructor : KPMG speaker > For MSc(ACCT) students only > Add/Drop Deadline : 31-Aug-2026
ACCT,5930,"Financial Crime Regulation, Compliance and Sanctions",2,,L1 (1006),25-AUG-2026 - 06-OCT-2026 Tu 02:30PM - 05:50PM,TBA,TBA,,> Instructor : KPMG speaker > For MSc(ACCT) students only > Add/Drop Deadline : 31-Aug-2026
ACCT,5940,Financial Crime Transaction Monitoring and Investigation,2,,L1 (1037),30-OCT-2026 - 18-DEC-2026 Fr 02:15PM - 05:35PM,"Rm 2, 31/F, Tower 1,Millennity",TBA,,> Instructor : KPMG speaker > For MSc(ACCT) students only > Add/Drop Deadline : 02-Nov-2026
ACCT,6970A,Independent Study,1,,R1 (4600),TBA,TBA,"CHEN, Tai-Yuan",,
ACCT,6990,MPhil Thesis Research,0,,R1 (1015),TBA,TBA,TBA,,> For MPhil(ACCT) students only
ACCT,7900I,Doctoral Seminar: Selected Topics in Accounting Empirical Research,3,,L1 (1016),TBA,TBA,"HUANG, Allen ZHENG, Yue",,> For PhD(ACCT) students only
ACCT,7990,Doctoral Thesis Research,0,,R1 (1017),TBA,TBA,TBA,,> For PhD(ACCT) students only
AESF,5210,Fluid Dynamics,3,,L1 (1790),We 07:00PM - 09:50PM,"G002, CYT Bldg (126)","LI, Zhigang",,> AESF 5210 is not co-listing with MESF 5210 in Fall 2026-27
AESF,5310,Advanced Aerodynamics,3,,L1 (1791),Fr 07:00PM - 09:50PM,"Rm 4621, Lift 31-32 (126)","LI, Larry",,
AESF,5330,Advanced Aircraft Design,3,,L1 (1792),Mo 07:00PM - 09:50PM,"Rm 4620, Lift 31-32 (126)","REDONNET, Stephane",,
AESF,5370,Composites and Nanocomposites,3,,L1 (1793),05-SEP-2026 - 24-OCT-2026 Sa 10:00AM - 12:50PM,TBA,"TAO, Hong",,> Venue : Room 2306 (05-Sep-2026 to 24-Oct-2026) > Venue : Room LG6101 (31-Oct-2026) > Venue : Room 2306 (07-Nov-2026 to 28-Nov-2026)
AESF,5710,Hong Kong Airworthiness,3,,L1 (1893),05-SEP-2026 - 24-OCT-2026 Sa 02:00PM - 05:50PM,"Rm 2464, Lift 25-26 (122)","AU, Cheong Shi CHEUNG, Wan Chuen LEUNG, Kwok Tung Henry YEE, Lek Chun Johnny",,
AESF,5740,Building Airport Operational Resilience,1,,L1 (1895),03-NOV-2026 - 24-NOV-2026 Tu 07:00PM - 09:50PM,"Rm 2407, Lift 17-18 (126)","LAU, Shiu Fai Steven",,> Add/Drop Deadline : 07-Nov-2026
AESF,6911A,Avionics Technology and Air Traffic Engineering,3,,L1 (1794),05-SEP-2026 - 24-OCT-2026 Sa 10:00AM - 12:50PM,"Rm 2465, Lift 25-26 (122)","FOK, Wai Hung",,
AESF,6911B,Aircraft and Parts Certification,1,,L1 (1894),08-OCT-2026 - 29-OCT-2026 Th 07:00PM - 09:50PM,"Rm 2407, Lift 17-18 (126)","LAI, Tak Chuen",,> Add/Drop Deadline : 10-Oct-2026
AESF,6911C,Strategic Integration of HK's Business Aviation and Low-Cost Carriers in GBA Framework,2,,L1 (1789),01-SEP-2026 - 27-OCT-2026 Tu 07:00PM - 09:50PM,"Rm 4620, Lift 31-32 (126)","CHAN, Kit William",,> Add/Drop Deadline : 05-Sep-2026
AESF,6911D,Human Factors and Crew Resource Management in Aviation,1,,L1 (1891),03-SEP-2026 - 24-SEP-2026 Th 07:00PM - 09:50PM,"Rm 2407, Lift 17-18 (126)",TBA,,> Add/Drop Deadline : 05-Sep-2026
AESF,6950A,Aeronautical Independent Project,3,,R1 (4586),TBA,TBA,TBA,,Instructor Consent Required
AESF,6950B,Aeronautical Independent Project,6,,R1 (4572),TBA,TBA,TBA,,Instructor Consent Required
AIAA,7990,Doctoral Thesis Research,0,,R1 (4503),TBA,TBA,TBA,,
AISC,1000A,Foundations of AI Literacy: Human-AI Orchestration,3,Common Core (HAIC) for 30-credit prog fr 26 [SPO] Self-paced online delivery,LA01 (3010),TBA,TBA,"CHOI, Joon Nak MCMINN, Sean",,> This class is delivered in a self-paced online mode
AISC,1000A,Foundations of AI Literacy: Human-AI Orchestration,3,Common Core (HAIC) for 30-credit prog fr 26 [SPO] Self-paced online delivery,LA02 (3011),TBA,TBA,"CHOI, Joon Nak MCMINN, Sean",,> This class is delivered in a self-paced online mode
AISC,1000A,Foundations of AI Literacy: Human-AI Orchestration,3,Common Core (HAIC) for 30-credit prog fr 26 [SPO] Self-paced online delivery,LA03 (3012),TBA,TBA,"CHOI, Joon Nak MCMINN, Sean",,> This class is delivered in a self-paced online mode
AISC,1000A,Foundations of AI Literacy: Human-AI Orchestration,3,Common Core (HAIC) for 30-credit prog fr 26 [SPO] Self-paced online delivery,LA04 (3013),TBA,TBA,"CHOI, Joon Nak MCMINN, Sean",,> This class is delivered in a self-paced online mode
AISC,1000A,Foundations of AI Literacy: Human-AI Orchestration,3,Common Core (HAIC) for 30-credit prog fr 26 [SPO] Self-paced online delivery,LA05 (3014),TBA,TBA,"CHOI, Joon Nak MCMINN, Sean",,> This class is delivered in a self-paced online mode
AISC,1000A,Foundations of AI Literacy: Human-AI Orchestration,3,Common Core (HAIC) for 30-credit prog fr 26 [SPO] Self-paced online delivery,LA06 (3015),TBA,TBA,"CHOI, Joon Nak MCMINN, Sean",,> This class is delivered in a self-paced online mode
AISC,1000A,Foundations of AI Literacy: Human-AI Orchestration,3,Common Core (HAIC) for 30-credit prog fr 26 [SPO] Self-paced online delivery,LA07 (3016),TBA,TBA,"CHOI, Joon Nak MCMINN, Sean",,> This class is delivered in a self-paced online mode
AISC,1000A,Foundations of AI Literacy: Human-AI Orchestration,3,Common Core (HAIC) for 30-credit prog fr 26 [SPO] Self-paced online delivery,LA08 (3017),TBA,TBA,"CHOI, Joon Nak MCMINN, Sean",,> This class is delivered in a self-paced online mode
AISC,1000A,Foundations of AI Literacy: Human-AI Orchestration,3,Common Core (HAIC) for 30-credit prog fr 26 [SPO] Self-paced online delivery,LA09 (3018),TBA,TBA,"CHOI, Joon Nak MCMINN, Sean",,> This class is delivered in a self-paced online mode
AISC,1000A,Foundations of AI Literacy: Human-AI Orchestration,3,Common Core (HAIC) for 30-credit prog fr 26 [SPO] Self-paced online delivery,LA10 (3019),TBA,TBA,"CHOI, Joon Nak MCMINN, Sean",,> This class is delivered in a self-paced online mode
AISC,1000A,Foundations of AI Literacy: Human-AI Orchestration,3,Common Core (HAIC) for 30-credit prog fr 26 [SPO] Self-paced online delivery,LA11 (3020),TBA,TBA,"CHOI, Joon Nak MCMINN, Sean",,> This class is delivered in a self-paced online mode
AISC,1000A,Foundations of AI Literacy: Human-AI Orchestration,3,Common Core (HAIC) for 30-credit prog fr 26 [SPO] Self-paced online delivery,LA12 (3021),TBA,TBA,"CHOI, Joon Nak MCMINN, Sean",,> This class is delivered in a self-paced online mode
AISC,1000A,Foundations of AI Literacy: Human-AI Orchestration,3,Common Core (HAIC) for 30-credit prog fr 26 [SPO] Self-paced online delivery,LA13 (3022),TBA,TBA,"CHOI, Joon Nak MCMINN, Sean",,> This class is delivered in a self-paced online mode
AISC,1000A,Foundations of AI Literacy: Human-AI Orchestration,3,Common Core (HAIC) for 30-credit prog fr 26 [SPO] Self-paced online delivery,LA14 (3023),TBA,TBA,"CHOI, Joon Nak MCMINN, Sean",,> This class is delivered in a self-paced online mode
AISC,1000A,Foundations of AI Literacy: Human-AI Orchestration,3,Common Core (HAIC) for 30-credit prog fr 26 [SPO] Self-paced online delivery,LA15 (3024),TBA,TBA,"CHOI, Joon Nak MCMINN, Sean",,> This class is delivered in a self-paced online mode
AISC,1000A,Foundations of AI Literacy: Human-AI Orchestration,3,Common Core (HAIC) for 30-credit prog fr 26 [SPO] Self-paced online delivery,LA16 (3025),TBA,TBA,"CHOI, Joon Nak MCMINN, Sean",,> This class is delivered in a self-paced online mode
AISC,1000B,Foundations of AI Literacy: Human-AI Orchestration,3,Common Core (HAIC) for 30-credit prog fr 26 [BLD] Blended learning,LA01 (3026),Th 04:00PM - 05:50PM,"Rm 5620, Lift 31-32 (70)","LEUNG, Jac Ka Lok",,> The class is delivered in a blended learning mode
AISC,2800,AIS Cooperative Education Program,3,[EXP] Experiential learning,T1 (3027),TBA,TBA,"SIU, Wai Sze Grace",,> This class is delivered in a experiential learning mode Instructor Consent Required
AMAT,7990,Doctoral Thesis Research,0,,R1 (4504),TBA,TBA,TBA,,
AMCC,2010,Digital Audio Workstation Composition,3,Common Core (Arts) for 36-credit program Common Core (A) for 30-credit prog in 22-24 Common Core (A) for 30-credit prog in 25 Common Core (A) for 30-credit prog fr 26,L1 (1969),Mo 09:00AM - 10:50AM,"Rm 105, Shaw Auditorium","PAGE, Timothy Markham",,
AMCC,2010,Digital Audio Workstation Composition,3,Common Core (Arts) for 36-credit program Common Core (A) for 30-credit prog in 22-24 Common Core (A) for 30-credit prog in 25 Common Core (A) for 30-credit prog fr 26,T1 (1971),Mo 12:00PM - 12:50PM,"Rm 105, Shaw Auditorium","PAGE, Timothy Markham",,
AMCC,2010,Digital Audio Workstation Composition,3,Common Core (Arts) for 36-credit program Common Core (A) for 30-credit prog in 22-24 Common Core (A) for 30-credit prog in 25 Common Core (A) for 30-credit prog fr 26,T2 (1973),Mo 01:00PM - 01:50PM,"Rm 105, Shaw Auditorium","PAGE, Timothy Markham",,
AMCC,2010,Digital Audio Workstation Composition,3,Common Core (Arts) for 36-credit program Common Core (A) for 30-credit prog in 22-24 Common Core (A) for 30-credit prog in 25 Common Core (A) for 30-credit prog fr 26,T3 (1974),Mo 02:00PM - 02:50PM,"Rm 105, Shaw Auditorium","PAGE, Timothy Markham",,
AMCC,4900A,Independent Study in Arts and Machine Creativity,1,,R1 (1975),TBA,TBA,TBA,,Instructor Consent Required
AMCC,5000,Creative Convergence: Foundations of Arts and Machine Creativity,3,,L1 (1078),Tu 09:30AM - 12:20PM,"Rm 1, 30/F, Tower 1,Millennity","CHENG, Vennes CHUN, Daniel FU, Hongbo GIANNOUTAKIS, Kosmas LUO, Wenhan PAGE, Timothy Markham RAO, Anyi XUE, Wei YANG, Harry ZHAN, Fangneng ZHANG, Yonggang",,> For AMC students only
AMCC,5010,Research Methodology in Arts and Machine Creativity,3,,L1 (1079),Mo 09:00AM - 11:50AM,"Rm 5560, Lift 27-28 (30)","XUE, Wei",,> For AMC RPG students only Instructor Consent Required
AMCC,5110,Programming for Arts and Creativity,3,,L1 (1080),Mo 01:30PM - 04:20PM,"Rm 4402, Lift 17-18","FU, Hongbo",,
AMCC,5140,AI for Visual Arts and Creativity,3,,L1 (1081),We 06:30PM - 09:20PM,"Rm 4504, Lift 25-26 (54)","RAO, Anyi",,> For AMC students only
AMCC,5160,AI-Driven Animation and Video Generation,3,,L1 (1082),Tu 06:30PM - 09:20PM,"Rm 2, 30/F, Tower 1,Millennity","YANG, Harry",,
AMCC,5210,Practice and Techniques for Visual Creatives,3,,L1 (1083),Mo 06:30PM - 09:20PM,"Rm 4579, Lift 27-28 (60)","LUO, Wenhan",,> For AMC students only
AMCC,5330,Art Administration and Art Business in the New Era,3,,L1 (1084),Th 03:30PM - 06:20PM,"Rm 3, 30/F, Tower 1,Millennity","CHUN, Daniel",,> For AMC students only
AMCC,5330,Art Administration and Art Business in the New Era,3,,L2 (1085),Fr 12:30PM - 03:20PM,"Rm 4, 30/F, Tower 1,Millennity","CHUN, Daniel",,> For AMC students only
AMCC,5410,Art Theory: From Plato to Posthuman Future,3,,L1 (1086),Th 12:30PM - 03:20PM,"Rm 3, 30/F, Tower 1,Millennity","CHENG, Vennes",,
AMCC,5410,Art Theory: From Plato to Posthuman Future,3,,L2 (1087),Fr 03:30PM - 06:20PM,"Rm 4, 30/F, Tower 1,Millennity","CHENG, Vennes",,
AMCC,6090,Postgraduate Seminar,1,,T1 (1088),Fr 06:30PM - 07:20PM,"Rm 5566, Lift 27-28 (24)","YANG, Harry",,> For AMC RPG students only
AMCC,6500A,Composing with Sound,3,,L1 (1089),We 09:00AM - 10:50AM,"Rm 105, Shaw Auditorium","PAGE, Timothy Markham",,Instructor Consent Required
AMCC,6500A,Composing with Sound,3,,T1 (1091),We 12:00PM - 12:50PM,"Rm 105, Shaw Auditorium","PAGE, Timothy Markham",,
AMCC,6500A,Composing with Sound,3,,T2 (1093),We 01:00PM - 01:50PM,"Rm 105, Shaw Auditorium","PAGE, Timothy Markham",,
AMCC,6500A,Composing with Sound,3,,T3 (1094),We 02:00PM - 02:50PM,"Rm 105, Shaw Auditorium","PAGE, Timothy Markham",,
AMCC,6500H,World Models for Machine Creativity and Embodied AI,3,,L1 (1095),Mo 03:30PM - 06:20PM,"Rm 1, 30/F, Tower 1,Millennity","ZHAN, Fangneng",,Instructor Consent Required
AMCC,6500I,Critical AI and Artistic Creation,3,,L1 (4547),We 02:00PM - 04:50PM,"Rm 4578, Lift 27-28","GIANNOUTAKIS, Kosmas",,> For AMC students only
AMCC,6900C,Independent Study in Arts and Machine Creativity,3,,R1 (4611),TBA,TBA,"HAN, Sirui",,
AMCC,6900G,Independent Study in Arts and Machine Creativity,3,,R1 (4612),TBA,TBA,"RAO, Anyi",,
AMCC,6950A,Special Projects in Arts and Machine Creativity,3,,R1 (1096),TBA,TBA,"CHENG, Vennes RAO, Anyi",,> For AMC students only Instructor Consent Required
ARIN,5101,Advanced Python Programming for Artificial Intelligence,3,,L1 (1162),Tu 07:00PM - 09:50PM,Lecture Theater C (211),"LAM, Gibson",,
ARIN,5102,AI Fundamentals: Concepts and Methods,3,,L1 (1163),05-SEP-2026 - 24-OCT-2026 Sa 02:30PM - 05:20PM,Lecture Theater C (211),"LIN, Fangzhen",,> ARIN 5102 is not co-listing with MAIE 5102 in Fall 2026-27
ARIN,5201,Machine Learning for Computer Vision,3,,L1 (1164),Fr 07:00PM - 09:50PM,"G012, LSK Bldg (199)","LUO, Wenhan",,
ARIN,5202,Machine Learning for Natural Language Processing,3,,L1 (1165),We 07:00PM - 09:50PM,"G010, CYT Bldg (140)","XUE, Wei",,
ARIN,5203,Foundation Models and Generative Artificial Intelligence,3,,L1 (1166),Mo 07:00PM - 09:50PM,"Rm 4619, Lift 31-32 (126)","CHEN, Qifeng",,
ARIN,5305,Artificial Intelligence in Software Engineering,3,,L1 (1167),Th 07:00PM - 09:50PM,"G002, CYT Bldg (126)","CHEUNG, Shing-Chi",,
ARIN,6900,Independent Project,6,,R1 (4555),TBA,TBA,TBA,,Instructor Consent Required
BEHI,5003,Molecular and Cellular Bioengineering,3,,L1 (1795),We 06:00PM - 08:50PM,"Rm 1014, LSK Bldg (80)","ZHU, Bonnie Danqing",,
BEHI,5004,Fundamentals and Applications of Sensing Technology in Healthcare,3,,L1 (1796),Th 06:00PM - 08:50PM,"Rm 1010, LSK Bldg (80)","NYEIN, Hnin Yin Yin",,
BEHI,5005,Bioimaging and Bio-signal Analysis,3,,L1 (1797),Fr 06:00PM - 08:50PM,"Rm 1014, LSK Bldg (80)","WONG, Tsz Wai",,
BEHI,5008,Pharmaceutical Engineering,3,,L1 (1798),Th 06:30PM - 09:20PM,"Rm 4, 30/F, Tower 1,Millennity","LAKERVELD, Richard",,
BEHI,5009,Protein Engineering,3,,L1 (1799),Mo 06:00PM - 08:50PM,"Rm 1010, LSK Bldg (80)","SUN, Fei",,
BEHI,5013,"Equilibrium Behaviors, Rate Processes, and Transport Phenomena in Biological Systems",3,,L1 (1800),Tu 06:00PM - 08:50PM,"Rm 1014, LSK Bldg (80)","HSING, I-ming",,
BEHI,5501,Deep Learning for Chemical and Biological Engineering,3,,L1 (1801),Mo 06:00PM - 08:50PM,"G009A, CYT Bldg (80)","GAO, Hanyu",,
BEHI,6101A,Independent Project,3,,R1 (4580),TBA,TBA,TBA,,Instructor Consent Required
BEHI,6101B,Independent Project,6,,R1 (4581),TBA,TBA,TBA,,Instructor Consent Required
BEHI,6102B,Integrated Design Project,6,,R1 (4582),TBA,TBA,TBA,,Instructor Consent Required
BIBU,4820,Biotechnology Entrepreneurship and Business Operations,3,,L1 (1976),MoWe 12:00PM - 01:20PM,"G002, CYT Bldg (126)","LAW, Rocky TAM, Sunny TSIM, Karl Wah Keung",,
BIBU,4840,Biotechnology and Business Capstone Project,3,,R1 (1977),TBA,TBA,TBA,,Instructor Consent Required
BIBU,4850,Biotechnology and Business Project Research,6,,LA1 (1978),TBA,TBA,TBA,,> The credit load will usually be spread in the following pattern: Fall: 3; Spring: 3 Instructor Consent Required
BIEN,1610,Engineering Life: Synthetic Biology and Innovations for Human Health,3,Common Core (S&T) for 36-credit program Common Core (S) for 30-credit prog in 22-24 Common Core (T) for 30-credit prog in 22-24 Common Core (S) for 30-credit prog in 25 Common Core (T) for 30-credit prog in 25 Common Core (S) for 30-credit prog fr 26 Common Core (T) for 30-credit prog fr 26,L1 (1979),01-SEP-2026 - 29-SEP-2026 TuTh 03:00PM - 04:20PM,Lecture Theater B (317),"LAI, Yong",,
BIEN,2610,Chemical Biology for Engineers,3,,L1 (1980),Mo 04:30PM - 05:50PM,"G001, CYT Bldg (92)","KUANG, Becki Yi",,
BIEN,2610,Chemical Biology for Engineers,3,,T1 (1981),Th 03:00PM - 03:50PM,"G001, CYT Bldg (92)","KUANG, Becki Yi",,
BIEN,3250,Rate and Transport Processes in Biological Systems,3,,L1 (1982),MoWe 09:00AM - 10:20AM,"Rm 4504, Lift 25-26 (54)","HSING, I-ming",,
BIEN,3250,Rate and Transport Processes in Biological Systems,3,,T1 (1983),We 06:00PM - 06:50PM,"Rm 4502, Lift 25-26 (60)","HSING, I-ming",,
BIEN,3300,Data Science for Molecular Engineering,3,,L1 (1984),Tu 12:00PM - 02:50PM,"Rm 5404, Lift 17-18 (93)","GAO, Hanyu",,
BIEN,3300,Data Science for Molecular Engineering,3,,T1 (1985),Tu 03:00PM - 03:50PM,"Rm 5404, Lift 17-18 (93)","GAO, Hanyu",,
BIEN,3310,Data Science for Neural Engineering,3,,L1 (1986),MoWe 12:00PM - 01:20PM,"Rm 2463, Lift 25-26 (42)","WANG, Yiwen",,
BIEN,3310,Data Science for Neural Engineering,3,,T1 (1987),TBA,TBA,"WANG, Yiwen",,
BIEN,3410,Bioimaging and Image Analysis,3,,L1 (1988),Mo 01:30PM - 02:50PM,"G009B, CYT Bldg (70)","WONG, Tsz Wai",,
BIEN,3410,Bioimaging and Image Analysis,3,,T1 (1989),Tu 06:00PM - 06:50PM,"Rm 1409, Lift 25-26 (60)","WONG, Tsz Wai",,
BIEN,3910,Bioengineering Laboratory,4,,T1 (1991),Mo 10:30AM - 11:50AM,"Rm 2007, CYT Bldg","LINARDI, Darwin",,
BIEN,3910,Bioengineering Laboratory,4,,LA1 (1990),We 12:00PM - 04:20PM,"Rm 2007, CYT Bldg","LINARDI, Darwin",,
BIEN,4920,Bioengineering Capstone Design,6,,T1 (1992),TBA,TBA,"LAKERVELD, Richard",,> The credit load will usually be spread in the following pattern: Fall: 3; Spring: 3
BIEN,4930,Bioengineering Thesis Research,6,,T1 (1993),TBA,TBA,"LAKERVELD, Richard",,> The credit load will usually be spread in the following pattern: Fall: 3; Spring: 3 Instructor Consent Required
BIEN,4940,Bioengineering Industrial Project,6,,T1 (1994),TBA,TBA,"LIU, Y.S. Marshal",,> The credit load will usually be spread in the following pattern: Fall: 3; Spring: 3 Instructor Consent Required
BIEN,4990,Academic and Professional Development II,1,,T1 (1995),Fr 12:00PM - 01:20PM,"Rm 1409, Lift 25-26 (60)","LIU, Y.S. Marshal WONG, Tsz Wai",,
BIEN,5050,Global Health Ethics,3,,L1 (1112),17-SEP-2026 - 03-DEC-2026 Th 09:00AM - 11:20AM,TBA,"CHOW, King Lau ZHOU, Catherine",,> Add/Drop Deadline: 25-Sep-2026 > Extended Drop Deadline: 29-Sep-2026
BIEN,5050,Global Health Ethics,3,,T1 (1097),TBA,TBA,"CHOW, King Lau ZHOU, Catherine",,
BIEN,6800E,Bioengineering Seminar,0,,T1 (1098),Mo 03:00PM - 04:20PM,Lecture Theater J (300),"KUANG, Becki Yi",,
BIEN,6810D,Bioengineering Colloquia,0,,T1 (1099),Fr 04:30PM - 05:50PM,Lecture Theater J (300),"KUANG, Becki Yi",,
BIEN,6930G,Biomolecular Imaging,3,,L1 (1100),We 09:00AM - 11:50AM,"Rm 5506, Lift 25-26 (30)","YAO, Yuxing",,
BIEN,6990,MPhil Thesis Research,0,,R1 (1101),TBA,TBA,TBA,,
BIEN,7990,Doctoral Thesis Research,0,,R1 (1102),TBA,TBA,TBA,,
BSBE,7990,Doctoral Thesis Research,0,,R1 (4505),TBA,TBA,TBA,,
BTEC,5360,Biopharmaceutical Workshop,3,,L1 (1568),03-SEP-2026 - 03-SEP-2026 Th 06:30PM - 09:20PM,"Rm 5506, Lift 25-26 (30)","CHAN, Siu Lung Anthony",,> Additional lecture hours to be arranged by Division
BTEC,5360,Biopharmaceutical Workshop,3,,LA1 (1536),TBA,TBA,"CHAN, Siu Lung Anthony",,
BTEC,5550,Nutraceuticals and Transgenic Products,3,,L1 (1532),29-AUG-2026 - 29-AUG-2026 Sa 02:00PM - 05:20PM,"Rm 2404, Lift 17-18 (81)","KO, Robert Kam Ming",,
BTEC,5550,Nutraceuticals and Transgenic Products,3,,T1 (1533),29-AUG-2026 - 29-AUG-2026 Sa 05:30PM - 05:50PM,"Rm 2404, Lift 17-18 (81)","KO, Robert Kam Ming",,
BTEC,5760,Concepts in Bioprocessing,3,,L1 (1534),29-AUG-2026 - 29-AUG-2026 Sa 09:00AM - 12:20PM,"Rm 2404, Lift 17-18 (81)","HO, Kwok Ping NG, Tzi Bun",,
BTEC,5760,Concepts in Bioprocessing,3,,T1 (1535),29-AUG-2026 - 29-AUG-2026 Sa 12:30PM - 12:50PM,"Rm 2404, Lift 17-18 (81)","HO, Kwok Ping NG, Tzi Bun",,
BTEC,5900,Immuno Biotechnology,3,,L1 (1537),Tu 07:30PM - 09:20PM,"Rm 2404, Lift 17-18 (81)","LAW, Sai-kit Alex",,
BTEC,5900,Immuno Biotechnology,3,,T1 (1538),Tu 09:30PM - 10:20PM,"Rm 2404, Lift 17-18 (81)","LAW, Sai-kit Alex",,
BTEC,6900,Case Investigation in Biotechnology,3,,L1 (1539),TBA,TBA,TBA,,
BTEC,6900,Case Investigation in Biotechnology,3,,T1 (1540),TBA,TBA,TBA,,
BTEC,6930,Directed Biotechnological Research,4,,L1 (1541),TBA,TBA,TBA,,
BTEC,6930,Directed Biotechnological Research,4,,LA1 (1542),TBA,TBA,TBA,,
BTEC,6940,Advanced Biotechnological Research,4,,T1 (1544),TBA,TBA,TBA,,
BTEC,6940,Advanced Biotechnological Research,4,,LA1 (1543),TBA,TBA,TBA,,
CENG,1000,Foundations of Chemical and Biological Engineering,3,,L1 (1996),Mo 03:00PM - 04:20PM,"Rm 2306, Lift 17-18 (111)","LIU, Y.S. Marshal",,
CENG,1000,Foundations of Chemical and Biological Engineering,3,,T1 (1997),Fr 02:00PM - 02:50PM,"LG5202, Lift 10-12 (104)","LIU, Y.S. Marshal",,
CENG,1010,Academic and Professional Development I,0,,T1 (1998),Mo 12:00PM - 01:20PM,"G010, CYT Bldg (140)","LAKERVELD, Richard LAM, Henry Hei Ning LIU, Y.S. Marshal WONG, Tsz Wai",,
CENG,1500,A First Course on Materials Science and Applications,3,Common Core (S&T) for 36-credit program,L1 (1999),Mo 01:30PM - 02:50PM,"Rm 1527, Lift 22 (74)","TANG, Cindy",,
CENG,1500,A First Course on Materials Science and Applications,3,Common Core (S&T) for 36-credit program,T1 (2000),Mo 12:00PM - 12:50PM,"Rm 4504, Lift 25-26 (54)","TANG, Cindy",,
CENG,2220,Transport Phenomena I,3,,L1 (2001),Mo 04:30PM - 05:50PM,"Rm 5583, Lift 29-30 (80)","CHEN, Guohua",,
CENG,2220,Transport Phenomena I,3,,T1 (2002),We 09:30AM - 10:20AM,"LG3008, Lift 10-12 (82)","CHEN, Guohua",,
CENG,2310,Modeling for Chemical and Biological Engineering I,3,[BLD] Blended learning,L1 (2003),Th 06:00PM - 06:50PM,Lecture Theater E (143),"LAM, Henry Hei Ning",,> The class is delivered in a blended learning mode
CENG,2310,Modeling for Chemical and Biological Engineering I,3,[BLD] Blended learning,T1 (2005),Mo 03:00PM - 04:20PM,"Rm 4582, Lift 27-28 (66)","LAM, Henry Hei Ning",,
CENG,2310,Modeling for Chemical and Biological Engineering I,3,[BLD] Blended learning,T2 (2007),Mo 01:30PM - 02:50PM,"Rm 4582, Lift 27-28 (66)","LAM, Henry Hei Ning",,
CENG,3210,Separation Processes,3,,L1 (2008),MoWe 10:30AM - 11:50AM,"Rm 4504, Lift 25-26 (54)","LUO, Tom Zhengtang",,
CENG,3210,Separation Processes,3,,T1 (2009),Mo 09:30AM - 10:20AM,"Rm 4503, Lift 25-26 (64)","LUO, Tom Zhengtang",,
CENG,3230,Chemical and Biological Reaction Engineering,3,,L1 (2010),TuTh 04:30PM - 05:50PM,"Rm 4502, Lift 25-26 (60)","YEUNG, King Lun",,
CENG,3230,Chemical and Biological Reaction Engineering,3,,T1 (2011),Mo 06:00PM - 06:50PM,"Rm 4502, Lift 25-26 (60)","YEUNG, King Lun",,
CENG,3300,Data Science for Molecular Engineering,3,,L1 (2012),Tu 12:00PM - 02:50PM,"Rm 5404, Lift 17-18 (93)","GAO, Hanyu",,
CENG,3300,Data Science for Molecular Engineering,3,,T1 (2013),Tu 03:00PM - 03:50PM,"Rm 5404, Lift 17-18 (93)","GAO, Hanyu",,
CENG,4020,Academic and Professional Development II,0,,T1 (2014),Fr 12:00PM - 01:20PM,"G010, CYT Bldg (140)","LIU, Y.S. Marshal WONG, Tsz Wai",,
CENG,4540,Nanomaterials and Applications in Chemical Engineering,3,,L1 (2015),Mo 01:30PM - 02:50PM,"Rm 4579, Lift 27-28 (60)","KIM, Yoonseob",,
CENG,4620,Bioproducts and Processing,3,,L1 (2016),Mo 03:00PM - 04:20PM,"Rm 4504, Lift 25-26 (54)","LINARDI, Darwin",,
CENG,4670,Pharmaceutical Engineering,3,,L1 (2017),WeFr 04:30PM - 05:50PM,"Rm 1410, Lift 25-26 (60)","LAKERVELD, Richard",,
CENG,4710,Environmental Control,3,,L1 (2018),WeFr 03:00PM - 04:20PM,"Rm 6591, Lift 31-32 (88)","LAM, Leung Yuk Frank",,
CENG,4920,Chemical Engineering Capstone Design,6,,T1 (2019),TBA,TBA,"LAKERVELD, Richard",,> The credit load will usually be spread in the following pattern: Fall: 3; Spring: 3
CENG,4930,Chemical Engineering Thesis Research,6,,T1 (2020),TBA,TBA,"LAKERVELD, Richard",,> The credit load will usually be spread in the following pattern: Fall: 3; Spring: 3 Instructor Consent Required
CENG,4940,Chemical Engineering Industrial Project,6,,T1 (2021),TBA,TBA,"LIU, Y.S. Marshal",,> The credit load will usually be spread in the following pattern: Fall: 3; Spring: 3 Instructor Consent Required
CENG,4980A,Investigation Project,3,,T1 (2023),TBA,TBA,"LINARDI, Darwin",,Instructor Consent Required
CENG,4980A,Investigation Project,3,,LA1 (2022),TBA,TBA,"LINARDI, Darwin",,Instructor Consent Required
CENG,5230,Advanced Control and Data Science,3,,L1 (1103),Th 01:30PM - 04:20PM,"Rm 5560, Lift 27-28 (30)","GAO, Furong",,
CENG,5610,Protein Engineering,3,,L1 (1104),Tu 09:00AM - 11:50AM,"Rm 5560, Lift 27-28 (30)","SUN, Fei",,
CENG,5660,Introduction to Molecular Dynamics Simulations,3,,L1 (1105),Fr 01:30PM - 04:20PM,"Rm 1027, LSK Bldg (40)","CHEN, Shensheng",,
CENG,6000T,Research Methods in Chemical and Materials Engineering,3,,L1 (1106),Tu 01:30PM - 04:20PM,"Rm 4503, Lift 25-26 (64)","LI, Dan",,
CENG,6800E,Chemical and Biomolecular Engineering Seminar,0,,T1 (1107),Mo 03:00PM - 04:20PM,TBA,"KIM, Yoonseob",,> Classes held in LTJ
CENG,6810D,Chemical and Biological Engineering Colloquia,0,,T1 (1108),Fr 04:30PM - 05:50PM,TBA,"KIM, Yoonseob",,> Classes held in LTJ
CENG,6900C,Independent Study,1,,R1 (1109),TBA,TBA,"KIM, Yoonseob",,
CENG,6990,MPhil Thesis Research,0,,R1 (1110),TBA,TBA,TBA,,
CENG,7990,Doctoral Thesis Research,0,,R1 (1111),TBA,TBA,TBA,,
CHEM,1008,Introductory Chemistry,3,,L1 (2030),TuTh 10:30AM - 11:50AM,"LG5202, Lift 10-12 (104)","HUANG, Jinqing TSANG, Ming Wai Emily",,
CHEM,1008,Introductory Chemistry,3,,L2 (2031),TuTh 01:30PM - 02:50PM,"Rm 2306, Lift 17-18 (111)","HUANG, Jinqing TSANG, Ming Wai Emily",,
CHEM,1011,"General Chemistry A: Reactions, Thermodynamics, and Reaction Kinetics",3,,L1 (2032),WeFr 04:30PM - 05:50PM,"LTL, CYT Bldg (354)","LIN, Zhenyang SHEONG, Frederick Fu Kit",,
CHEM,1011,"General Chemistry A: Reactions, Thermodynamics, and Reaction Kinetics",3,,L2 (2033),Mo 03:00PM - 04:20PM,"LTL, CYT Bldg (354)","LIN, Zhenyang SHEONG, Frederick Fu Kit",,
CHEM,1012,"General Chemistry B: Atomic Structure, Molecules, and Bonding Theories",3,,L1 (2034),WeFr 04:30PM - 05:50PM,"Rm 5403, Lift 17-18 (134)","JIA, Guocheng TSANG, Ming Wai Emily",,
CHEM,1012,"General Chemistry B: Atomic Structure, Molecules, and Bonding Theories",3,,L2 (2035),TuTh 04:30PM - 05:50PM,"Rm 5403, Lift 17-18 (134)","JIA, Guocheng TSANG, Ming Wai Emily",,
CHEM,1012,"General Chemistry B: Atomic Structure, Molecules, and Bonding Theories",3,,L3 (2036),TuTh 10:30AM - 11:50AM,"Rm 2502, Lift 25-26 (120)","YAN, He",,
CHEM,1051,Laboratory for General Chemistry A,1,,LA1 (2037),Tu 10:30AM - 01:20PM,"UG001, CYT Bldg","CHEUNG, Man Sing",,
CHEM,1051,Laboratory for General Chemistry A,1,,LA2 (2038),Tu 01:30PM - 04:20PM,"UG001, CYT Bldg","CHEUNG, Man Sing",,
CHEM,1051,Laboratory for General Chemistry A,1,,LA3 (2039),We 10:30AM - 01:20PM,"UG001, CYT Bldg","CHEUNG, Man Sing",,
CHEM,1051,Laboratory for General Chemistry A,1,,LA4 (2040),We 01:30PM - 04:20PM,"UG001, CYT Bldg","CHEUNG, Man Sing",,
CHEM,1051,Laboratory for General Chemistry A,1,,LA5 (2041),Th 10:30AM - 01:20PM,"UG001, CYT Bldg","CHEUNG, Man Sing",,
CHEM,1051,Laboratory for General Chemistry A,1,,LA6 (2042),Th 01:30PM - 04:20PM,"UG001, CYT Bldg","CHEUNG, Man Sing",,
CHEM,2110,Organic Chemistry I,3,,L1 (2043),Mo 03:00PM - 04:20PM,"Rm 4621, Lift 31-32 (126)","NAKAMURA, Hugh",,
CHEM,2111,Fundamentals of Organic Chemistry,3,,L1 (2044),Mo 01:30PM - 02:50PM,"LG6101, Teaching Hub (150)","CAO, Hui VONG, Kenward",,
CHEM,2111,Fundamentals of Organic Chemistry,3,,L2 (2045),TuTh 12:00PM - 01:20PM,"Rm 5403, Lift 17-18 (134)","CAO, Hui VONG, Kenward",,
CHEM,2210,Inorganic Chemistry I,3,,L1 (2046),Mo 01:30PM - 02:50PM,"Rm 2464, Lift 25-26 (122)","LEUNG, Wa Hung",,
CHEM,2310,Fundamentals of Analytical Chemistry,3,,L1 (2047),WeFr 04:30PM - 05:50PM,"G009A, CYT Bldg (80)","XIE, Xiaojiang",,
CHEM,2410,Physical Chemistry I: Equilibrium Thermodynamics and Statistical Mechanics,3,,L1 (2048),WeFr 03:00PM - 04:20PM,"G009A, CYT Bldg (80)","HALPERT, Jonathan Eugene",,
CHEM,2550,Synthetic Chemistry Laboratory I,2,,LA1 (2049),Tu 12:30PM - 04:20PM,"Rm 1003, CYT Bldg","CHAN, Dennis Ho Wai TSE, Veronica Wai Pui",,
CHEM,2550,Synthetic Chemistry Laboratory I,2,,LA2 (2050),We 12:30PM - 04:20PM,"Rm 1003, CYT Bldg","CHAN, Dennis Ho Wai TSE, Veronica Wai Pui",,
CHEM,2555,Molecular Characterization Chemistry Laboratory l,2,,LA1 (2051),Tu 10:30AM - 02:20PM,"Rm 3007, CYT Bldg","TUNG, Joanne Wai Ting",,
CHEM,2555,Molecular Characterization Chemistry Laboratory l,2,,LA2 (2052),We 10:30AM - 02:20PM,"Rm 3007, CYT Bldg","TUNG, Joanne Wai Ting",,
CHEM,4110,Structural Elucidation in Organic Chemistry,3,,L1 (2053),Mo 03:00PM - 04:20PM,"Rm 4579, Lift 27-28 (60)","TONG, Rongbiao",,
CHEM,4120,Biomolecular Chemistry,3,,L1 (2054),MoWe 09:00AM - 10:20AM,"Rm 4502, Lift 25-26 (60)","GUO, Zhihong",,
CHEM,4140,Intermediate Organic Chemistry,3,,L1 (2055),TuTh 09:00AM - 10:20AM,"Rm 6555, Lift 29-30 (88)","HUANG, Yong",,
CHEM,4150,Biomolecular Synthesis Laboratory,1,,LA1 (2056),Th 10:30AM - 01:20PM,"Rm 1004, CYT Bldg","CHAN, Dennis Ho Wai TSE, Veronica Wai Pui",,
CHEM,4155,Biomolecular Characterization Laboratory,1,,LA1 (2057),Th 01:30PM - 04:20PM,"Rm 1004, CYT Bldg","CHAN, Dennis Ho Wai TSE, Veronica Wai Pui",,
CHEM,4160,Cheminformatics,3,,L1 (2058),MoWe 10:30AM - 11:50AM,"Rm 2463, Lift 25-26 (42)","SHEONG, Frederick Fu Kit",,
CHEM,4210,Solid State Chemistry,3,,L1 (2059),MoWe 12:00PM - 01:20PM,"Rm 5508, Lift 25-26 (30)","LU, Haipeng",,
CHEM,4250,Materials Preparation Laboratory,1,,LA1 (2060),Th 10:30AM - 01:20PM,"Rm 1003, CYT Bldg","CHAN, Dennis Ho Wai",,
CHEM,4255,Materials Characterization Laboratory,1,,LA1 (2061),Th 01:30PM - 04:20PM,"Rm 1003, CYT Bldg","CHAN, Dennis Ho Wai",,
CHEM,4340,Bioanalytical Techniques,3,,L1 (2062),Mo 01:30PM - 02:50PM,"Rm 5560, Lift 27-28 (30)","WU, Hongkai",,
CHEM,4350,Environmental Chemistry Laboratory,1,,LA1 (2063),Th 10:30AM - 01:20PM,"Rm 3007, CYT Bldg","TUNG, Joanne Wai Ting",,Instructor Consent Required
CHEM,4355,Instrumental Analytical Chemistry Laboratory,1,,LA1 (2064),Th 01:30PM - 04:20PM,"Rm 3007, CYT Bldg","TUNG, Joanne Wai Ting",,Instructor Consent Required
CHEM,4430,Symmetry in Chemistry and Spectroscopy,3,,L1 (2065),TuTh 04:30PM - 05:50PM,"Rm 5560, Lift 27-28 (30)","CHEN, Tengteng",,
CHEM,4550,Advanced Synthetic Laboratory,1,,LA1 (2066),Th 10:30AM - 01:20PM,TBA,"CHAN, Dennis Ho Wai TSE, Veronica Wai Pui",,
CHEM,4555,Advanced Molecular Characterization Laboratory,1,,LA1 (2067),Th 01:30PM - 04:20PM,TBA,"CHAN, Dennis Ho Wai TSE, Veronica Wai Pui",,
CHEM,4680,Undergraduate Research,3,,R1 (2068),TBA,TBA,TBA,,Instructor Consent Required
CHEM,4689,Capstone Project,3,,LA1 (2069),Fr 09:30AM - 10:20AM,"Rm 2612A, Lift 31-32 (29)","TSANG, Ming Wai Emily",,Instructor Consent Required
CHEM,4691,Capstone Research I,3,,LA1 (2070),Fr 09:30AM - 10:20AM,"Rm 5566, Lift 27-28 (24)",TBA,,Instructor Consent Required
CHEM,4692,Capstone Research II,3,,LA1 (2071),TBA,TBA,TBA,,Instructor Consent Required
CHEM,5110,Advanced Organic Chemistry I,3,,L1 (1122),Tu 03:00PM - 05:50PM,"Rm 5506, Lift 25-26 (30)","SUN, Jianwei",,> For MPhil & PhD (CHEM) students only
CHEM,5210,Computational Chemistry,3,,L1 (1123),Mo 03:00PM - 05:50PM,"Rm 4578, Lift 27-28","SU, Haibin",,> For MPhil & PhD (CHEM) students only
CHEM,5210,Computational Chemistry,3,,LA1 (1124),TBA,TBA,"SU, Haibin",,
CHEM,5230,Quantum Chemistry,3,,L1 (1125),Th 06:00PM - 08:50PM,"Rm 5560, Lift 27-28 (30)","CHENG, Lixue",,> For MPhil & PhD (CHEM) students only
CHEM,5310,Advanced Inorganic Chemistry I,3,,L1 (1126),Fr 03:00PM - 05:50PM,"Rm 5560, Lift 27-28 (30)","QUAN, Yangjian",,> For MPhil & PhD (CHEM) students only
CHEM,5340,Chemical X-ray Crystallography,3,,L1 (1127),We 06:00PM - 08:50PM,"Rm 5506, Lift 25-26 (30)","WILLIAMS, Ian Duncan",,> For MPhil & PhD (CHEM) students only
CHEM,6000F,Chemistry Seminar,1,,T1 (1128),TBA,TBA,"GUO, Zhihong",,> For MPhil & PhD (CHEM) students only
CHEM,6050,Chemistry Doctoral Seminar,1,,T1 (1129),Mo 10:30AM - 11:50AM,TBA,TBA,,
CHEM,6772,Professional Development in Chemistry,1,,T1 (1130),TBA,TBA,TBA,,> For MPhil & PhD (CHEM) students only
CHEM,6990,MPhil Thesis Research,0,,R1 (1131),TBA,TBA,TBA,,
CHEM,7990,Doctoral Thesis Research,0,,R1 (1132),TBA,TBA,TBA,,
CHMS,5010,Chemical Data Analysis,3,,L1 (1133),Mo 07:00PM - 09:50PM,"Rm 2406, Lift 17-18 (76)","JIA, Guocheng",,> For MSc(ANCHEM) students only
CHMS,5020,Elemental Analysis,3,,L1 (1134),Tu 12:30PM - 03:20PM,"Rm 2, 30/F, Tower 1,Millennity","WILLIAMS, Ian Duncan",,> For MSc(ANCHEM) students only
CHMS,5030,Molecular Analysis,3,,L1 (1135),We 07:00PM - 09:50PM,"Rm 2304, Lift 17-18 (76)","TONG, Rongbiao",,> For MSc(ANCHEM) students only
CHMS,5040,Separation Methods,3,,L1 (1136),Tu 07:00PM - 09:50PM,"Rm 2304, Lift 17-18 (76)","CHAN, Simon Wan WU, Hongkai",,> For MSc(ANCHEM) students only
CHMS,5201,Analytical Instrumentation Laboratory I,3,,T1 (1138),Sa 10:00AM - 10:50AM,TBA,"QIU, Wenting TUNG, Joanne Wai Ting",,
CHMS,5201,Analytical Instrumentation Laboratory I,3,,LA1 (1137),Sa 11:00AM - 04:50PM,TBA,"QIU, Wenting TUNG, Joanne Wai Ting",,> For MSc(ANCHEM) students only
CHMS,5202,Analytical Instrumentation Laboratory II,3,,T1 (1140),Sa 10:00AM - 10:50AM,TBA,"QIU, Wenting TUNG, Joanne Wai Ting",,
CHMS,5202,Analytical Instrumentation Laboratory II,3,,LA1 (1139),Sa 11:00AM - 04:50PM,TBA,"QIU, Wenting TUNG, Joanne Wai Ting",,> For MSc(ANCHEM) students only
CHMS,6980,Analytical Research Project,3,,R1 (1141),TBA,TBA,"QIU, Wenting",,> For MSc(ANCHEM) students only
CIEM,5140,Construction Project Delivery,3,,L1 (1802),05-SEP-2026 - 24-OCT-2026 Sa 03:00PM - 05:50PM,"Rm 2407, Lift 17-18 (126)","CHENG, George",,
CIEM,5170,Building Information Modeling and Smart Construction,3,,L1 (1803),Fr 07:30PM - 10:20PM,"Rm 3207, Lift 21","CHENG, Jack Chin Pang",,
CIEM,5311,Building Aerodynamics and Wind-Resistant Design of High-Rise Structures,3,,L1 (1804),Th 07:00PM - 09:50PM,"Rm 6555, Lift 29-30 (88)","TSE, Tim K.T.",,
CIEM,5380,Bridge Engineering,3,,L1 (1805),05-SEP-2026 - 24-OCT-2026 Sa 03:00PM - 05:50PM,"Rm 4620, Lift 31-32 (126)","LEE, Barry",,
CIEM,5390,Coastal Structures Design,3,,L1 (1806),Mo 07:00PM - 09:50PM,"Rm 2302, Lift 17-18 (74)","GHIDAOUI, Mohamed Salah",,
CIEM,5460,Design and Management of Physico/Chemical Processes of Environmental Engineering,3,,L1 (1807),Mo 07:00PM - 09:50PM,"Rm 5583, Lift 29-30 (80)","SHANG, Chii",,
CIEM,5480,Wastewater Treatment and Reuse,3,,L1 (1808),Fr 07:00PM - 09:50PM,"Rm 4, 30/F, Tower 1,Millennity","DAI, Ji",,
CIEM,5620,Travel Demand Analysis,3,,L1 (1809),Mo 07:00PM - 09:50PM,"Rm 2304, Lift 17-18 (76)","YANG, Hai",,
CIEM,5720,Advanced Foundation Design,3,,L1 (1810),Tu 07:00PM - 09:50PM,"LG4101, Teaching Hub (150)","ZHANG, Li Min",,
CIEM,5740,Computer Methods for Slope Engineering,3,,L1 (1811),We 07:30PM - 10:20PM,"Rm 3207, Lift 21","ZHAO, Jidong",,
CIEM,5770,Unsaturated Soil Mechanics and Engineering,3,,L1 (1812),Th 07:00PM - 09:50PM,"Rm 2304, Lift 17-18 (76)","NG, Charles Wang Wai",,
CIEM,6980,MSc Project,6,,R1 (4567),TBA,TBA,TBA,,Instructor Consent Required
CIVL,1000,Academic and Professional Development for Civil and Environmental Engineering I,0,,T1 (2072),Mo 06:00PM - 07:20PM,"LTL, CYT Bldg (354)",TBA,,
CIVL,1100,Discovering Civil and Environmental Engineering,3,Common Core (S&T) for 36-credit program Common Core (T) for 30-credit prog in 22-24 Common Core (T) for 30-credit prog in 25 Common Core (T) for 30-credit prog fr 26,L1 (2073),We 03:00PM - 04:50PM,Lecture Theater C (211),"LAM, Kit Ming LEUNG, Anthony LO, Irene Man Chi",,
CIVL,1100,Discovering Civil and Environmental Engineering,3,Common Core (S&T) for 36-credit program Common Core (T) for 30-credit prog in 22-24 Common Core (T) for 30-credit prog in 25 Common Core (T) for 30-credit prog fr 26,LA1 (2075),We 09:00AM - 11:50AM,Rm 1206A,"LAM, Kit Ming LEUNG, Anthony LO, Irene Man Chi",,
CIVL,1100,Discovering Civil and Environmental Engineering,3,Common Core (S&T) for 36-credit program Common Core (T) for 30-credit prog in 22-24 Common Core (T) for 30-credit prog in 25 Common Core (T) for 30-credit prog fr 26,LA2 (2077),We 05:00PM - 07:50PM,Rm 1206A,"LAM, Kit Ming LEUNG, Anthony LO, Irene Man Chi",,
CIVL,1140,Environment and Society: Sustainable Development Goals and Carbon Neutrality,3,Common Core (S&T) for 36-credit program Common Core (T) for 30-credit prog in 22-24 Common Core (SUS) for 30-credit prog in 25 Common Core (T) for 30-credit prog in 25 Common Core (SUS) for 30-credit prog fr 26 Common Core (T) for 30-credit prog fr 26,L1 (2078),MoWe 10:30AM - 11:50AM,"Rm 4619, Lift 31-32 (126)","TSANG, Dan",,
CIVL,1180,Monitoring Changing Climate from Space,3,Common Core (S&T) for 36-credit program Common Core (S) for 30-credit prog in 22-24 Common Core (T) for 30-credit prog in 22-24 Common Core (S) for 30-credit prog in 25 Common Core (T) for 30-credit prog in 25 Common Core (S) for 30-credit prog fr 26 Common Core (T) for 30-credit prog fr 26,L1 (2079),TuTh 12:00PM - 01:20PM,"Rm 3207, Lift 21","SU, Hui",,
CIVL,1190,"Climate Change, Big History and Sustainability",3,Common Core (S&T) for 36-credit program Common Core (S) for 30-credit prog in 22-24 Common Core (S) for 30-credit prog in 25 Common Core (SUS) for 30-credit prog in 25 Common Core (S) for 30-credit prog fr 26 Common Core (SUS) for 30-credit prog fr 26,L1 (2080),TuTh 10:30AM - 11:50AM,"Rm 4502, Lift 25-26 (60)","LAU, Kai Hon Alexis",,
CIVL,2000,Academic and Professional Development for Civil and Environmental Engineering II,0,,T1 (2081),Mo 06:00PM - 07:20PM,TBA,TBA,,> Classes held in CYTLTL
CIVL,2010,Academic and Professional Development II,0,,T1 (2082),Mo 06:00PM - 07:20PM,Lecture Theater A (401),TBA,,
CIVL,2035,Mathematical Methods for Civil Engineers,3,,L1 (2083),MoWe 10:30AM - 11:50AM,"Rm 5403, Lift 17-18 (134)","HU, Thomas",,
CIVL,2035,Mathematical Methods for Civil Engineers,3,,T1 (2084),Mo 12:00PM - 12:50PM,"Rm 5403, Lift 17-18 (134)","HU, Thomas",,
CIVL,2110,Statics,3,,L1 (2085),WeFr 04:30PM - 05:50PM,Lecture Theater A (401),"PAN, Xiao",,
CIVL,2110,Statics,3,,T1 (2087),We 09:30AM - 10:20AM,"Rm 2503, Lift 25-26 (87)","PAN, Xiao",,
CIVL,2110,Statics,3,,T2 (2089),Tu 02:00PM - 02:50PM,"Rm 6555, Lift 29-30 (88)","PAN, Xiao",,
CIVL,2160,Modeling Systems with Uncertainties,3,,L1 (2090),TuTh 12:00PM - 01:20PM,Lecture Theater J (300),"LEUNG, Anthony ZHANG, Jize",,
CIVL,2160,Modeling Systems with Uncertainties,3,,T1 (2092),Mo 03:00PM - 03:50PM,"Rm 2503, Lift 25-26 (87)","LEUNG, Anthony ZHANG, Jize",,
CIVL,2160,Modeling Systems with Uncertainties,3,,T2 (2094),Tu 05:00PM - 05:50PM,"Rm 6573, Lift 29-30 (88)","LEUNG, Anthony ZHANG, Jize",,
CIVL,2810,Construction Materials,3,,L1 (2095),TuTh 03:00PM - 04:20PM,Lecture Theater A (401),"QIU, Jishen",,
CIVL,2810,Construction Materials,3,,T1 (2103),Mo 04:30PM - 05:20PM,"LG3009, Lift 10-12 (88)","QIU, Jishen",,
CIVL,2810,Construction Materials,3,,T2 (2105),Fr 12:00PM - 12:50PM,"LG3009, Lift 10-12 (88)","QIU, Jishen",,
CIVL,2810,Construction Materials,3,,LA1 (2097),Th 12:00PM - 02:50PM,Rm 1206,"QIU, Jishen",,
CIVL,2810,Construction Materials,3,,LA2 (2099),We 01:00PM - 03:50PM,Rm 1206,"QIU, Jishen",,
CIVL,2810,Construction Materials,3,,LA3 (2100),Mo 01:30PM - 04:20PM,Rm 1206,"QIU, Jishen",,
CIVL,2810,Construction Materials,3,,LA4 (2101),Fr 09:00AM - 11:50AM,Rm 1206,"QIU, Jishen",,
CIVL,2810,Construction Materials,3,,LA5 (2102),Tu 12:00PM - 02:50PM,Rm 1206,"QIU, Jishen",,
CIVL,3000,Academic and Professional Development for Civil and Environmental Engineering III,0,,T1 (2106),Mo 06:00PM - 07:20PM,TBA,TBA,,> Classes held in LTA
CIVL,3010,Academic and Professional Development III,0,,T1 (2107),Mo 06:00PM - 07:20PM,TBA,TBA,,> Classes held in LTA
CIVL,3310,Structural Analysis,3,[BLD] Blended learning,L1 (2108),TuTh 09:00AM - 10:20AM,Lecture Theater J (300),"ZHANG, Shenghan",,> The class is delivered in a blended learning mode
CIVL,3310,Structural Analysis,3,[BLD] Blended learning,T1 (2113),We 06:00PM - 06:50PM,"G001, CYT Bldg (92)","ZHANG, Shenghan",,
CIVL,3310,Structural Analysis,3,[BLD] Blended learning,T2 (2115),Fr 04:30PM - 05:20PM,"G001, CYT Bldg (92)","ZHANG, Shenghan",,
CIVL,3310,Structural Analysis,3,[BLD] Blended learning,LA1 (2110),TBA,TBA,"ZHANG, Shenghan",,
CIVL,3310,Structural Analysis,3,[BLD] Blended learning,LA2 (2112),TBA,TBA,"ZHANG, Shenghan",,
CIVL,3510,Hydrosystems Engineering,3,,L1 (2116),MoWe 09:00AM - 10:20AM,Lecture Theater A (401),"LU, Mengqian",,
CIVL,3510,Hydrosystems Engineering,3,,T1 (2117),Fr 03:00PM - 03:50PM,Lecture Theater J (300),"LU, Mengqian",,
CIVL,3730,Fundamentals of Geotechnics,3,,L1 (2118),MoWe 10:30AM - 11:50AM,Lecture Theater A (401),"CHAU, Wai Yi WANG, Yu-Hsing",,
CIVL,3730,Fundamentals of Geotechnics,3,,T1 (2123),Fr 10:30AM - 11:20AM,"Rm 2503, Lift 25-26 (87)","CHAU, Wai Yi WANG, Yu-Hsing",,
CIVL,3730,Fundamentals of Geotechnics,3,,T2 (2125),Th 02:00PM - 02:50PM,"Rm 6555, Lift 29-30 (88)","CHAU, Wai Yi WANG, Yu-Hsing",,
CIVL,3730,Fundamentals of Geotechnics,3,,LA1 (2120),Tu 05:00PM - 07:50PM,Rm 1206A,"CHAU, Wai Yi WANG, Yu-Hsing",,
CIVL,3730,Fundamentals of Geotechnics,3,,LA2 (2122),Th 05:00PM - 07:50PM,Rm 1206A,"CHAU, Wai Yi WANG, Yu-Hsing",,
CIVL,4100V,Green Technology for Sustainable Development,3,,L1 (2126),Th 09:00AM - 11:50AM,"Rm 5560, Lift 27-28 (30)","TSANG, Dan",,
CIVL,4210,Advanced Construction with AI and Robotics,3,,L1 (2127),Tu 09:00AM - 11:50AM,"Rm 3207, Lift 21","YU, Yantao",,
CIVL,4310,Energy System Modeling for Buildings and Cities,3,,L1 (2128),MoWe 10:30AM - 11:50AM,"Rm 3207, Lift 21","WANG, Zhe",,
CIVL,4320,Structural Steel Design,3,,L1 (2129),We 03:00PM - 05:50PM,Lecture Theater E (143),"PAN, Yuxin",,
CIVL,4320,Structural Steel Design,3,,T1 (2130),Fr 10:30AM - 12:20PM,"LG6102, Teaching Hub (150)","PAN, Yuxin",,
CIVL,4370,Computer Methods of Structural Analysis,3,,L1 (2131),TuTh 04:30PM - 05:50PM,"Rm 2126D, Lift 19 (34)","PAN, Xiao",,
CIVL,4370,Computer Methods of Structural Analysis,3,,T1 (2132),Fr 12:30PM - 01:20PM,"Rm 5508, Lift 25-26 (30)","PAN, Xiao",,
CIVL,4380,Introduction to Wind Effects on Buildings and Structures,3,,L1 (2133),TuTh 04:30PM - 05:50PM,"Rm 2612A, Lift 31-32 (29)","TSE, Tim K.T.",,
CIVL,4460,Process Design of Environmental Engineering Facilities,3,,L1 (2134),TuTh 12:00PM - 01:20PM,"Rm 5560, Lift 27-28 (30)","CHEN, Guanghao",,
CIVL,4460,Process Design of Environmental Engineering Facilities,3,,T1 (2135),Tu 06:00PM - 06:50PM,"Rm 5508, Lift 25-26 (30)","CHEN, Guanghao",,
CIVL,4470,Air Quality Control and Management,3,,L1 (2136),TuTh 04:30PM - 05:50PM,"Rm 5404, Lift 17-18 (93)","WANG, Zhe",,
CIVL,4610,Introduction to Data Analytics for Smart Transportation Systems,3,,L1 (2137),MoWe 12:00PM - 01:20PM,"Rm 5506, Lift 25-26 (30)","JIAN, Sisi",,
CIVL,4610,Introduction to Data Analytics for Smart Transportation Systems,3,,T1 (2138),Mo 01:30PM - 02:20PM,"Rm 5506, Lift 25-26 (30)","JIAN, Sisi",,
CIVL,4620,Transportation System Operations,3,,L1 (2139),MoWe 09:00AM - 10:20AM,"Rm 2126D, Lift 19 (34)","YANG, Hai",,
CIVL,4620,Transportation System Operations,3,,T1 (2140),Th 06:00PM - 06:50PM,"Rm 5508, Lift 25-26 (30)","YANG, Hai",,
CIVL,4660,Geospatial Science and Technology for Smart City,3,,L1 (2141),Tu 01:30PM - 04:20PM,"Rm 5560, Lift 27-28 (30)","SHIU, Wai Yee Winnie TSUI, Paul",,
CIVL,4750,Numerical Solutions to Geotechnical Problems,3,,L1 (2142),Fr 03:00PM - 05:50PM,"Rm 4502, Lift 25-26 (60)","ZHAO, Jidong",,
CIVL,4760,Introduction to Rock Mechanics,3,,L1 (2143),WeFr 01:30PM - 02:50PM,"Rm 4621, Lift 31-32 (126)","WANG, Gang",,
CIVL,4760,Introduction to Rock Mechanics,3,,T1 (2144),Th 03:00PM - 03:50PM,"LG5202, Lift 10-12 (104)","WANG, Gang",,
CIVL,4810,Construction Materials Technology,3,,L1 (2145),MoWe 12:00PM - 01:20PM,"Rm 1409, Lift 25-26 (60)","LI, Yunjian",,
CIVL,4810,Construction Materials Technology,3,,T1 (2146),Fr 03:00PM - 03:50PM,"Rm 2126D, Lift 19 (34)","LI, Yunjian",,
CIVL,4910,Civil and Environmental Engineering Final Year Project,6,,T1 (2147),We 06:00PM - 06:50PM,Lecture Theater C (211),TBA,,> The credit load will usually be spread in the following pattern: Fall: 2; Spring: 4
CIVL,4920,Civil and Environmental Engineering Final Year Thesis,6,,T1 (4530),We 06:00PM - 06:50PM,TBA,TBA,,> Classes held in LTC > The credit load will usually be spread in the following pattern: Fall: 2; Spring: 4
CIVL,4950,Civil Engineering Capstone Design Project,3,,L1 (2148),Mo 03:00PM - 04:50PM,Lecture Theater A (401),"CHAN, Yui Bun",,
CIVL,4950,Civil Engineering Capstone Design Project,3,,T1 (2149),Mo 05:00PM - 05:50PM,Lecture Theater A (401),"CHAN, Yui Bun",,
CIVL,5220,BIM and Digital Construction,3,,L1 (1142),Tu 07:00PM - 09:50PM,"Rm 6573, Lift 29-30 (88)","CHENG, Jack Chin Pang",,
CIVL,5321,Structural Sensing and Health Monitoring,3,,L1 (1143),Mo 09:00AM - 11:50AM,"Rm 5510, Lift 25-26 (30)","ZHANG, Shenghan",,
CIVL,5390,Finite Element Methods,3,,L1 (1144),We 03:00PM - 05:50PM,"Rm 5560, Lift 27-28 (30)","XUE, Tianju",,> CIVL 5390 is not co-listing with MECH 5930 in Fall 2026-27
CIVL,5450,Hazardous Waste Treatment and Site Remediation,3,,L1 (1145),Mo 12:00PM - 02:50PM,"Rm 5510, Lift 25-26 (30)","LO, Irene Man Chi",,
CIVL,5610,Urban Transportation Networks Analysis,3,,L1 (1146),We 07:00PM - 09:50PM,"Rm 2126D, Lift 19 (34)","LI, Sen",,
CIVL,5620,Travel Demand Analysis,3,,L1 (1147),We 03:00PM - 05:50PM,"Rm 5510, Lift 25-26 (30)","YANG, Hai",,
CIVL,5710,Advanced Soil Mechanics,3,,L1 (1148),Tu 09:00AM - 11:50AM,"Rm 5510, Lift 25-26 (30)","ZHANG, Li Min",,
CIVL,5730,Theoretical and Computational Soil Mechanics,3,,L1 (1149),Th 09:00AM - 11:50AM,"Rm 2126D, Lift 19 (34)","ZHAO, Jidong",,
CIVL,5750,Geotechnical Earthquake Engineering and Soil Dynamics,3,,L1 (1150),Fr 03:00PM - 05:50PM,"Rm 5510, Lift 25-26 (30)","WANG, Gang",,
CIVL,5760,Geotechnical Site Characterization,3,,L1 (1151),We 12:00PM - 02:50PM,"Rm 5510, Lift 25-26 (30)","WANG, Yu",,
CIVL,6010G,Directed Studies,3,,T1 (1152),05-SEP-2026 - 24-OCT-2026 Sa 09:00AM - 01:50PM,"Rm 4502, Lift 25-26 (60)",TBA,,Instructor Consent Required
CIVL,6050R,Civil Engineering Seminar I,0,,L1 (1153),TuTh 01:30PM - 02:20PM,Lecture Theater C (211),TBA,,
CIVL,6060S,Civil Engineering Seminar II,0,,L1 (1154),TuTh 02:30PM - 04:20PM,Lecture Theater C (211),TBA,,
CIVL,6100U,Biological Waste Treatment and Resource Recovery,3,,L1 (1155),We 09:00AM - 11:50AM,"Rm 5508, Lift 25-26 (30)","KHANAL, Samir Kumar",,
CIVL,6100V,Membrane Science and Technology,3,,L1 (1156),Fr 06:00PM - 08:50PM,"Rm 5402, Lift 17-18 (43)","YANG, Zhe",,
CIVL,6990,MPhil Thesis Research,0,,R1 (1157),TBA,TBA,TBA,,
CIVL,7990,Doctoral Thesis Research,0,,R1 (1158),TBA,TBA,TBA,,
CMAA,7990,Doctoral Thesis Research,0,,R1 (4506),TBA,TBA,TBA,,
COMP,1021,Introduction to Computer Science,3,Common Core (QR) for 36-credit program,L1 (2225),01-SEP-2026 - 29-SEP-2026 TuTh 12:00PM - 12:50PM,Lecture Theater B (317),"LAM, Gibson",,
COMP,1021,Introduction to Computer Science,3,Common Core (QR) for 36-credit program,L2 (2227),WeFr 03:00PM - 03:50PM,"LG6101, Teaching Hub (150)","BENSAOU, Brahim",,
COMP,1021,Introduction to Computer Science,3,Common Core (QR) for 36-credit program,L3 (2229),02-SEP-2026 - 09-SEP-2026 MoWe 11:00AM - 11:50AM,Lecture Theater B (317),"CHAN, Cecia Ki",,> Class held in IAS LT on 14-Sep-2026
COMP,1021,Introduction to Computer Science,3,Common Core (QR) for 36-credit program,L4 (2231),MoWe 09:30AM - 10:20AM,"LG4101, Teaching Hub (150)","ZHANG, Jie",,
COMP,1021,Introduction to Computer Science,3,Common Core (QR) for 36-credit program,LA1 (2233),We 06:00PM - 07:50PM,TBA,TBA,,> The class is delivered in a real-time online mode
COMP,1021,Introduction to Computer Science,3,Common Core (QR) for 36-credit program,LA2 (2235),Mo 06:00PM - 07:50PM,TBA,TBA,,> The class is delivered in a real-time online mode
COMP,1021,Introduction to Computer Science,3,Common Core (QR) for 36-credit program,LA3 (2236),Fr 02:00PM - 03:50PM,TBA,TBA,,> The class is delivered in a real-time online mode
COMP,1021,Introduction to Computer Science,3,Common Core (QR) for 36-credit program,LA4 (2237),We 02:00PM - 03:50PM,TBA,TBA,,> The class is delivered in a real-time online mode
COMP,1023,Introduction to Python Programming,3,,L1 (2238),MoWe 12:00PM - 01:20PM,Lecture Theater J (300),"TSOI, Yau Chat",,
COMP,1023,Introduction to Python Programming,3,,L2 (2240),WeFr 03:00PM - 04:20PM,"LTL, CYT Bldg (354)","TSOI, Yau Chat",,
COMP,1023,Introduction to Python Programming,3,,L3 (2242),TuTh 09:00AM - 10:20AM,Lecture Theater C (211),"LAM, Ngok",,
COMP,1023,Introduction to Python Programming,3,,L4 (2244),TuTh 10:30AM - 11:50AM,Lecture Theater D (216),"LAM, Ngok",,
COMP,1023,Introduction to Python Programming,3,,L5 (2246),WeFr 04:30PM - 05:50PM,Lecture Theater D (216),"CHEUNG, Shing-Chi",,
COMP,1023,Introduction to Python Programming,3,,LA1 (2248),Th 06:00PM - 07:50PM,Lecture Theater D (216),TBA,,
COMP,1023,Introduction to Python Programming,3,,LA2 (2250),Tu 06:00PM - 07:50PM,Lecture Theater J (300),TBA,,
COMP,1023,Introduction to Python Programming,3,,LA3 (2251),We 09:00AM - 10:50AM,Lecture Theater C (211),TBA,,
COMP,1023,Introduction to Python Programming,3,,LA4 (2252),Mo 10:00AM - 11:50AM,Lecture Theater C (211),TBA,,
COMP,1023,Introduction to Python Programming,3,,LA5 (2253),Fr 06:00PM - 07:50PM,Lecture Theater C (211),TBA,,
COMP,1023,Introduction to Python Programming,3,,LA6 (4524),Mo 04:30PM - 06:20PM,"Rm 2407, Lift 17-18 (126)",TBA,,
COMP,1023,Introduction to Python Programming,3,,LA7 (4525),Th 12:00PM - 01:50PM,"G002, CYT Bldg (126)",TBA,,
COMP,1023,Introduction to Python Programming,3,,LA8 (4526),Th 02:00PM - 03:50PM,"G002, CYT Bldg (126)",TBA,,
COMP,1028,Extended Python Programming Bridging Course,1,[SPO] Self-paced online delivery,LX (2254),TBA,TBA,"LAM, Gibson",,> The class is delivered in a self-paced online mode
COMP,1029C,C Programming Bridging Course,1,,L1 (2255),TBA,TBA,"LAM, Gibson",,
COMP,1029J,Java Programming Bridging Course,1,,L1 (2256),TBA,TBA,"LAM, Gibson",,
COMP,1029P,Python Programming Bridging Course,1,,L1 (2257),TBA,TBA,"LAM, Gibson",,
COMP,1029V,Excel VBA Programming Bridging Course,1,,L1 (2258),TBA,TBA,"LAM, Gibson",,
COMP,1943,Creative Sound and Video Design,3,Common Core (Arts) for 36-credit program Common Core (S&T) for 36-credit program Common Core (A) for 30-credit prog in 22-24 Common Core (T) for 30-credit prog in 22-24 Common Core (A) for 30-credit prog in 25 Common Core (T) for 30-credit prog in 25 Common Core (A) for 30-credit prog fr 26 Common Core (T) for 30-credit prog fr 26 [EXP] Experiential learning,L1 (2259),TuTh 01:30PM - 02:50PM,Lecture Theater K (106),"HORNER, Andrew",,> The class is delivered in an experiential learning mode
COMP,1944,Artificial Intelligence Ethics,3,[BLD] Blended learning,L1 (2260),TuTh 04:30PM - 05:50PM,"Rm 2407, Lift 17-18 (126)","WU, Dekai",,> The class is delivered in a blended learning mode
COMP,1945,Artificial Intelligence for Everyone: From Data to Applications,3,Common Core (S&T) for 36-credit program Common Core (T) for 30-credit prog in 22-24 Common Core (T) for 30-credit prog in 25 Common Core (T) for 30-credit prog fr 26,L1 (2261),WeFr 04:30PM - 05:50PM,"G010, CYT Bldg (140)","CHEUNG, Tsz Him",,
COMP,1991,Industrial Experience,0,,R1 (2262),TBA,TBA,"LEUNG, Wai Ting",,Instructor Consent Required
COMP,1991,Industrial Experience,0,,R2 (2263),TBA,TBA,"LEUNG, Wai Ting",,Instructor Consent Required
COMP,1991,Industrial Experience,0,,R3 (2264),TBA,TBA,"LEUNG, Wai Ting",,Instructor Consent Required
COMP,2011,Programming with C++,4,,L1 (2265),TuTh 01:30PM - 02:50PM,"LTL, CYT Bldg (354)","LI, Xin",,
COMP,2011,Programming with C++,4,,L2 (2267),MoWe 12:00PM - 01:20PM,Lecture Theater C (211),"CHEUNG, Tsz Him",,
COMP,2011,Programming with C++,4,,L3 (2269),WeFr 03:00PM - 04:20PM,"G012, LSK Bldg (199)","CHEUNG, Tsz Him",,
COMP,2011,Programming with C++,4,,L4 (2271),01-SEP-2026 - 29-SEP-2026 TuTh 10:30AM - 11:50AM,Lecture Theater B (317),"CHAN, Gary Shueng Han",,
COMP,2011,Programming with C++,4,,LA1 (2273),Mo 06:00PM - 07:50PM,Lecture Theater D (216),TBA,,
COMP,2011,Programming with C++,4,,LA2 (2275),Th 06:00PM - 07:50PM,"LTL, CYT Bldg (354)",TBA,,
COMP,2011,Programming with C++,4,,LA3 (2276),Tu 06:00PM - 07:50PM,Lecture Theater D (216),TBA,,
COMP,2011,Programming with C++,4,,LA4 (2277),Fr 06:00PM - 07:50PM,Lecture Theater D (216),TBA,,
COMP,2012,Object-Oriented Programming and Data Structures,4,,L1 (2278),TuTh 01:30PM - 02:50PM,Lecture Theater A (401),"MAK, Brian",,
COMP,2012,Object-Oriented Programming and Data Structures,4,,L2 (2280),Mo 01:30PM - 02:50PM,Lecture Theater J (300),"CHAN, Cecia Ki",,
COMP,2012,Object-Oriented Programming and Data Structures,4,,L3 (2282),TuTh 10:30AM - 11:50AM,Lecture Theater J (300),"CHAN, Cecia Ki",,
COMP,2012,Object-Oriented Programming and Data Structures,4,,LA1 (2284),Mo 06:00PM - 07:50PM,Lecture Theater C (211),TBA,,
COMP,2012,Object-Oriented Programming and Data Structures,4,,LA2 (2286),Fr 06:00PM - 07:50PM,"LTL, CYT Bldg (354)",TBA,,
COMP,2012,Object-Oriented Programming and Data Structures,4,,LA3 (2287),Th 06:00PM - 07:50PM,"G012, LSK Bldg (199)",TBA,,
COMP,2012H,Honors Object-Oriented Programming and Data Structures,5,,L1 (2288),TuTh 01:00PM - 02:50PM,"LG3008, Lift 10-12 (82)","QUAN, Long",,
COMP,2012H,Honors Object-Oriented Programming and Data Structures,5,,LA1 (2289),Fr 06:00PM - 07:50PM,"Rm 2404, Lift 17-18 (81)",TBA,,
COMP,2211,Introduction to Artificial Intelligence,3,,L1 (2290),MoWe 09:00AM - 10:20AM,Lecture Theater J (300),"TSOI, Yau Chat",,
COMP,2211,Introduction to Artificial Intelligence,3,,LA1 (2291),Tu 06:00PM - 07:50PM,"LTL, CYT Bldg (354)",TBA,,
COMP,2211,Introduction to Artificial Intelligence,3,,LA2 (4527),Fr 10:30AM - 12:20PM,"LG5202, Lift 10-12 (104)",TBA,,
COMP,2611,Computer Organization,4,,L1 (2292),TuTh 10:30AM - 11:50AM,"Rm 4619, Lift 31-32 (126)","LI, Xin",,
COMP,2611,Computer Organization,4,,L2 (2294),MoWe 09:00AM - 10:20AM,"Rm 2464, Lift 25-26 (122)","LI, Xin",,
COMP,2611,Computer Organization,4,,T1 (2299),Tu 09:00AM - 09:50AM,"Rm 4621, Lift 31-32 (126)",TBA,,
COMP,2611,Computer Organization,4,,T2 (2301),Tu 12:00PM - 12:50PM,"Rm 2465, Lift 25-26 (122)",TBA,,
COMP,2611,Computer Organization,4,,LA1 (2296),Th 12:00PM - 12:50PM,"Rm 2465, Lift 25-26 (122)",TBA,,
COMP,2611,Computer Organization,4,,LA2 (2298),We 07:00PM - 07:50PM,"Rm 5403, Lift 17-18 (134)",TBA,,
COMP,2633,Competitive Programming in Cybersecurity I,0,,LA1 (2302),Fr 06:00PM - 09:50PM,"Rm 4210, Lift 19 (67)","LAM, Ngok",,
COMP,2711,Discrete Mathematical Tools for Computer Science,4,Common Core (QR) for 36-credit program,L1 (2303),WeFr 04:30PM - 05:50PM,"Rm 2407, Lift 17-18 (126)","PAPADIAS, Dimitrios",,
COMP,2711,Discrete Mathematical Tools for Computer Science,4,Common Core (QR) for 36-credit program,L2 (2305),MoWe 10:30AM - 11:50AM,"LG6101, Teaching Hub (150)","PARREAUX, Lionel",,
COMP,2711,Discrete Mathematical Tools for Computer Science,4,Common Core (QR) for 36-credit program,L3 (2307),01-SEP-2026 - 29-SEP-2026 TuTh 01:30PM - 02:50PM,Lecture Theater B (317),"ZHOU, Mingxun",,
COMP,2711,Discrete Mathematical Tools for Computer Science,4,Common Core (QR) for 36-credit program,T1 (2309),Fr 06:00PM - 06:50PM,"Rm 2407, Lift 17-18 (126)",TBA,,
COMP,2711,Discrete Mathematical Tools for Computer Science,4,Common Core (QR) for 36-credit program,T2 (2311),We 03:00PM - 03:50PM,Lecture Theater J (300),TBA,,
COMP,2711,Discrete Mathematical Tools for Computer Science,4,Common Core (QR) for 36-credit program,T3 (2312),Fr 03:00PM - 03:50PM,Lecture Theater C (211),TBA,,
COMP,2711H,Honors Discrete Mathematical Tools for Computer Science,4,,L1 (2313),MoWe 10:30AM - 11:50AM,"G001, CYT Bldg (92)","ARYA, Sunil",,
COMP,2711H,Honors Discrete Mathematical Tools for Computer Science,4,,T1 (2314),We 04:30PM - 05:20PM,"G001, CYT Bldg (92)",TBA,,
COMP,3111,Software Engineering,4,[BLD] Blended learning,L1 (2315),Th 10:30AM - 12:20PM,Lecture Theater C (211),"LEUNG, Wai Ting",,> The class is delivered in a blended learning mode > Co-list with COMP 3111H L1
COMP,3111,Software Engineering,4,[BLD] Blended learning,L2 (2317),We 01:00PM - 02:50PM,"Rm 2502, Lift 25-26 (120)","LEUNG, Wai Ting",,> The class is delivered in a blended learning mode
COMP,3111,Software Engineering,4,[BLD] Blended learning,LA1 (2319),Mo 06:00PM - 07:50PM,"G002, CYT Bldg (126)",TBA,,
COMP,3111,Software Engineering,4,[BLD] Blended learning,LA2 (2321),Fr 11:00AM - 12:50PM,"Rm 2502, Lift 25-26 (120)",TBA,,
COMP,3111H,Honors Software Engineering,4,,L1 (2322),Th 10:30AM - 12:20PM,Lecture Theater C (211),"LEUNG, Wai Ting",,> Co-list with COMP 3111 L1
COMP,3111H,Honors Software Engineering,4,,LA1 (2323),Mo 06:00PM - 07:50PM,"Rm 4210, Lift 19 (67)",TBA,,
COMP,3211,"Learning, Reasoning, and Decision Making in AI",3,,L1 (2324),WeFr 03:00PM - 04:20PM,"Rm 2502, Lift 25-26 (120)","XU, Dan",,
COMP,3211,"Learning, Reasoning, and Decision Making in AI",3,,T1 (2325),Fr 02:00PM - 02:50PM,"Rm 2407, Lift 17-18 (126)",TBA,,
COMP,3213,Introduction to Generative Artificial Intelligence,3,,L1 (2326),TuTh 10:30AM - 11:50AM,"Rm 2404, Lift 17-18 (81)","LI, Chaojian",,
COMP,3213,Introduction to Generative Artificial Intelligence,3,,LA1 (2327),Fr 09:30AM - 10:20AM,"Rm 6555, Lift 29-30 (88)",TBA,,
COMP,3511,Operating Systems,3,,L1 (2328),TuTh 09:00AM - 10:20AM,"Rm 4619, Lift 31-32 (126)","LI, Mo",,
COMP,3511,Operating Systems,3,,L2 (2330),04-SEP-2026 - 02-OCT-2026 Mo 01:30PM - 02:50PM,Lecture Theater B (317),"WANG, Wei",,
COMP,3511,Operating Systems,3,,L3 (2332),TuTh 03:00PM - 04:20PM,"G010, CYT Bldg (140)","LI, Bo",,
COMP,3511,Operating Systems,3,,LA1 (2334),03-SEP-2026 - 03-SEP-2026 Th 06:00PM - 07:50PM,"G010, CYT Bldg (140)",TBA,,
COMP,3511,Operating Systems,3,,LA2 (2336),Tu 06:00PM - 07:50PM,"G010, CYT Bldg (140)",TBA,,
COMP,3511,Operating Systems,3,,LA3 (2337),Mo 06:00PM - 07:50PM,Lecture Theater E (143),TBA,,
COMP,3631,Cryptography,3,,L1 (2338),MoWe 10:30AM - 11:50AM,"Rm 2404, Lift 17-18 (81)","DING, Cunsheng",,
COMP,3711,Design and Analysis of Algorithms,3,,L1 (2339),WeFr 04:30PM - 05:50PM,"LG6102, Teaching Hub (150)","YI, Ke",,
COMP,3711,Design and Analysis of Algorithms,3,,L2 (2341),MoWe 10:30AM - 11:50AM,"LG4101, Teaching Hub (150)","MA, Xiaojuan",,
COMP,3711,Design and Analysis of Algorithms,3,,T1 (2343),Mo 03:30PM - 04:20PM,"Rm 5403, Lift 17-18 (134)",TBA,,
COMP,3711,Design and Analysis of Algorithms,3,,T2 (2345),We 03:00PM - 03:50PM,"G010, CYT Bldg (140)",TBA,,
COMP,3721,Theory of Computation,3,,L1 (2346),MoWe 09:00AM - 10:20AM,"Rm 6555, Lift 29-30 (88)","ZHANG, Nevin Lianwen",,
COMP,3721,Theory of Computation,3,,T1 (2347),Fr 11:00AM - 11:50AM,"Rm 2504, Lift 25-26 (84)",TBA,,
COMP,4021,Internet Computing,3,[SPO] Self-paced online delivery,LX (2348),TBA,TBA,"LAM, Gibson",,> The class is delivered in a self-paced online mode
COMP,4021,Internet Computing,3,[SPO] Self-paced online delivery,LAX (2349),TBA,TBA,TBA,,
COMP,4211,Machine Learning,3,,L1 (2350),MoWe 10:30AM - 11:50AM,"Rm 4620, Lift 31-32 (126)","KWOK, James Tin Yau",,
COMP,4211,Machine Learning,3,,T1 (2351),We 01:30PM - 02:20PM,"Rm 2407, Lift 17-18 (126)",TBA,,
COMP,4212,Reinforcement Learning,3,,L1 (2352),WeFr 04:30PM - 05:50PM,"Rm 2465, Lift 25-26 (122)","CHEN, Long",,
COMP,4212,Reinforcement Learning,3,,LA1 (2353),Th 06:00PM - 06:50PM,"Rm 2306, Lift 17-18 (111)",TBA,,
COMP,4221,Introduction to Natural Language Processing,3,,L1 (2354),TuTh 03:00PM - 04:20PM,"Rm 2306, Lift 17-18 (111)","FUNG, Yi R. (May)",,
COMP,4221,Introduction to Natural Language Processing,3,,T1 (2355),Tu 06:00PM - 06:50PM,"Rm 4619, Lift 31-32 (126)",TBA,,
COMP,4331,Data Mining,3,,L1 (2356),Mo 01:30PM - 02:50PM,"Rm 5403, Lift 17-18 (134)","KWOK, James Tin Yau",,
COMP,4331,Data Mining,3,,T1 (2357),Tu 10:30AM - 11:20AM,"Rm 4621, Lift 31-32 (126)",TBA,,
COMP,4411,Computer Graphics,3,,L1 (2358),WeFr 01:30PM - 02:50PM,"Rm 1527, Lift 22 (74)","TANG, Chi Keung",,
COMP,4411,Computer Graphics,3,,LA1 (2359),Mo 09:30AM - 10:20AM,"Rm 4210, Lift 19 (67)",TBA,,
COMP,4421,Image Processing,3,,L1 (2360),TuTh 01:30PM - 02:50PM,"Rm 4621, Lift 31-32 (126)","CHEN, Hao",,
COMP,4421,Image Processing,3,,T1 (2361),Fr 12:00PM - 12:50PM,"Rm 2306, Lift 17-18 (111)",TBA,,
COMP,4471,Deep Learning in Computer Vision,3,,L1 (2362),TuTh 04:30PM - 05:50PM,"Rm 2502, Lift 25-26 (120)","CHEN, Qifeng",,
COMP,4471,Deep Learning in Computer Vision,3,,LA1 (2363),Mo 05:00PM - 05:50PM,"Rm 2502, Lift 25-26 (120)",TBA,,
COMP,4521,Mobile Application Development,3,,L1 (2364),05-SEP-2026 - 24-OCT-2026 Sa 09:00AM - 11:50AM,"Rm 4619, Lift 31-32 (126)","SZETO, Lok Chun",,
COMP,4521,Mobile Application Development,3,,LA1 (2365),Fr 10:30AM - 12:20PM,"Rm 4619, Lift 31-32 (126)",TBA,,
COMP,4611,Design and Analysis of Computer Architectures,3,,L1 (2366),TuTh 01:30PM - 02:50PM,"Rm 2404, Lift 17-18 (81)","CHEN, Kai",,
COMP,4611,Design and Analysis of Computer Architectures,3,,T1 (2367),Tu 11:30AM - 12:20PM,"G009A, CYT Bldg (80)",TBA,,
COMP,4633,Competitive Programming in Cybersecurity III,2,,LA1 (2368),Fr 06:00PM - 09:50PM,TBA,"LAM, Ngok",,> Classes held in Room 4210 Instructor Consent Required
COMP,4651,Cloud Computing and Big Data Systems,3,,L1 (2369),TuTh 03:00PM - 04:20PM,"Rm 5583, Lift 29-30 (80)","GUO, Song",,
COMP,4651,Cloud Computing and Big Data Systems,3,,LA1 (2370),Tu 06:00PM - 06:50PM,"Rm 6555, Lift 29-30 (88)",TBA,,
COMP,4900,Academic and Professional Development,0,,T1 (2371),We 06:00PM - 06:50PM,Lecture Theater A (401),"LEUNG, Wai Ting",,
COMP,4900,Academic and Professional Development,0,,T2 (2372),TBA,TBA,"PAPADOPOULOS, Dimitris",,
COMP,4901B,Large Language Models,3,,L1 (2373),TuTh 04:30PM - 05:50PM,"Rm 2404, Lift 17-18 (81)","FUNG, Yi R. (May)",,
COMP,4910,Co-op Program,6,,R1 (2374),TBA,TBA,TBA,,Instructor Consent Required
COMP,4971D,Independent Work,4,,R1 (4540),TBA,TBA,"NARECHANIA, Arpit Ajay",,Instructor Consent Required
COMP,4981,Final Year Project,6,,R1 (2375),TBA,TBA,TBA,,> The credit load will usually be spread in the following pattern: Summer: 1; Fall: 2; Spring: 3 Instructor Consent Required
COMP,4981H,Final Year Thesis,6,,R1 (2376),TBA,TBA,TBA,,> The credit load will usually be spread in the following pattern: Summer: 1; Fall: 2; Spring: 3 Instructor Consent Required
COMP,5211,Advanced Artificial Intelligence,3,,L1 (1169),MoWe 10:30AM - 11:50AM,"Rm 4580, Lift 27-28 (83)","LIN, Fangzhen",,
COMP,5212,Machine Learning,3,,L1 (1170),TuTh 04:30PM - 05:50PM,"Rm 6591, Lift 31-32 (88)","ZHANG, Zihan",,
COMP,5222,Advanced Machine Learning with Graphs,3,,L1 (1171),TuTh 10:30AM - 11:50AM,"Rm 6573, Lift 29-30 (88)","SONG, Yangqiu",,> COMP 5222 is not co-listing with MATH 5471 in Fall 2026-27
COMP,5331,Knowledge Discovery in Databases,3,,L1 (1172),WeFr 01:30PM - 02:50PM,"LG6102, Teaching Hub (150)","WONG, Raymond Chi Wing",,
COMP,5411,Advanced Computer Graphics,3,,L1 (1173),MoWe 12:00PM - 01:20PM,"LG3008, Lift 10-12 (82)","SANDER, Pedro",,
COMP,5621,Computer Networks,3,,L1 (1174),WeFr 03:00PM - 04:20PM,"Rm 2464, Lift 25-26 (122)","OUYANG, Xiaomin",,
COMP,5713,Computational Geometry,3,,L1 (1175),TuTh 03:00PM - 04:20PM,"G009A, CYT Bldg (80)","CHENG, Siu Wing",,
COMP,6411D,Data Visualization,3,,L1 (1176),TuTh 12:00PM - 01:20PM,"Rm 2407, Lift 17-18 (126)","NARECHANIA, Arpit Ajay",,
COMP,6613F,Introduction to Quantum Information Processing,3,,L1 (1177),Fr 10:30AM - 01:20PM,"Rm 5404, Lift 17-18 (93)","JACOBSEN, Arno",,
COMP,6911,Computer Science and Engineering Seminar I,0,,T1 (1178),Mo 04:00PM - 04:50PM,Lecture Theater F (150),TBA,,
COMP,6912,Computer Science and Engineering Seminar II,1,,T1 (1179),Mo 04:00PM - 04:50PM,TBA,TBA,,> Classes held in LTF
COMP,6922A,Research Project,1,,R1 (4609),TBA,TBA,"SONG, Yangqiu",,
COMP,6931A,Independent Studies,3,,R1 (1180),TBA,TBA,TBA,,Instructor Consent Required
COMP,6990,MPhil Thesis Research,0,,R1 (1181),TBA,TBA,TBA,,
COMP,7990,Doctoral Thesis Research,0,,R1 (1182),TBA,TBA,TBA,,
CPEG,1930,Academic and Professional Development I,0,,T01 (2150),We 06:00PM - 06:50PM,"Rm 2129A, Lift 19 (28)",TBA,,
CPEG,1930,Academic and Professional Development I,0,,T02 (2151),We 06:00PM - 06:50PM,TBA,TBA,,> Classes held in Room 2129A
CPEG,1930,Academic and Professional Development I,0,,T03 (2152),We 06:00PM - 06:50PM,TBA,TBA,,> Classes held in Room 2129A
CPEG,1930,Academic and Professional Development I,0,,T04 (2153),We 06:00PM - 06:50PM,"Rm 2129B, Lift 19 (28)",TBA,,
CPEG,1930,Academic and Professional Development I,0,,T05 (2154),We 06:00PM - 06:50PM,TBA,TBA,,> Classes held in Room 2129B
CPEG,1930,Academic and Professional Development I,0,,T06 (2155),We 06:00PM - 06:50PM,TBA,TBA,,> Classes held in Room 2129B
CPEG,1930,Academic and Professional Development I,0,,T07 (2156),We 06:00PM - 06:50PM,"Rm 2129C, Lift 19 (28)",TBA,,
CPEG,1930,Academic and Professional Development I,0,,T08 (2157),We 06:00PM - 06:50PM,TBA,TBA,,> Classes held in Room 2129C
CPEG,1930,Academic and Professional Development I,0,,T09 (2158),We 06:00PM - 06:50PM,TBA,TBA,,> Classes held in Room 2129C
CPEG,1930,Academic and Professional Development I,0,,T10 (2159),We 06:00PM - 06:50PM,"Rm 2130A, Lift 19 (28)",TBA,,
CPEG,1930,Academic and Professional Development I,0,,T11 (2160),We 06:00PM - 06:50PM,TBA,TBA,,> Classes held in Room 2130A
CPEG,1930,Academic and Professional Development I,0,,T12 (2161),We 06:00PM - 06:50PM,TBA,TBA,,> Classes held in Room 2130A
CPEG,1930,Academic and Professional Development I,0,,T13 (2162),We 06:00PM - 06:50PM,"Rm 2130B, Lift 19 (28)",TBA,,
CPEG,1930,Academic and Professional Development I,0,,T14 (2163),We 06:00PM - 06:50PM,TBA,TBA,,> Classes held in Room 2130B
CPEG,1930,Academic and Professional Development I,0,,T15 (2164),We 06:00PM - 06:50PM,TBA,TBA,,> Classes held in Room 2130B
CPEG,1930,Academic and Professional Development I,0,,T16 (2165),We 06:00PM - 06:50PM,"Rm 2130C, Lift 19 (28)",TBA,,
CPEG,1930,Academic and Professional Development I,0,,T17 (2166),We 06:00PM - 06:50PM,TBA,TBA,,> Classes held in Room 2130C
CPEG,1930,Academic and Professional Development I,0,,T18 (2167),We 06:00PM - 06:50PM,TBA,TBA,,> Classes held in Room 2130C
CPEG,1930,Academic and Professional Development I,0,,T19 (2168),We 06:00PM - 06:50PM,"Rm 2131A, Lift 19 (28)",TBA,,
CPEG,1930,Academic and Professional Development I,0,,T20 (2169),We 06:00PM - 06:50PM,TBA,TBA,,> Classes held in Room 2131A
CPEG,1930,Academic and Professional Development I,0,,T21 (2170),We 06:00PM - 06:50PM,TBA,TBA,,> Classes held in Room 2131A
CPEG,1930,Academic and Professional Development I,0,,T22 (2171),We 06:00PM - 06:50PM,"Rm 2131B, Lift 19 (28)",TBA,,
CPEG,1930,Academic and Professional Development I,0,,T23 (2172),We 06:00PM - 06:50PM,TBA,TBA,,> Classes held in Room 2131B
CPEG,1971,Industrial Experience,0,,R1 (2173),TBA,TBA,TBA,,Instructor Consent Required
CPEG,2930,Academic and Professional Development II,0,,T01 (2174),We 06:00PM - 06:50PM,TBA,TBA,,> Classes held in Room 2129A
CPEG,2930,Academic and Professional Development II,0,,T02 (2175),We 06:00PM - 06:50PM,TBA,TBA,,> Classes held in Room 2129A
CPEG,2930,Academic and Professional Development II,0,,T03 (2176),We 06:00PM - 06:50PM,TBA,TBA,,> Classes held in Room 2129A
CPEG,2930,Academic and Professional Development II,0,,T04 (2177),We 06:00PM - 06:50PM,TBA,TBA,,> Classes held in Room 2129B
CPEG,2930,Academic and Professional Development II,0,,T05 (2178),We 06:00PM - 06:50PM,TBA,TBA,,> Classes held in Room 2129B
CPEG,2930,Academic and Professional Development II,0,,T06 (2179),We 06:00PM - 06:50PM,TBA,TBA,,> Classes held in Room 2129B
CPEG,2930,Academic and Professional Development II,0,,T07 (2180),We 06:00PM - 06:50PM,TBA,TBA,,> Classes held in Room 2129C
CPEG,2930,Academic and Professional Development II,0,,T08 (2181),We 06:00PM - 06:50PM,TBA,TBA,,> Classes held in Room 2129C
CPEG,2930,Academic and Professional Development II,0,,T09 (2182),We 06:00PM - 06:50PM,TBA,TBA,,> Classes held in Room 2129C
CPEG,2930,Academic and Professional Development II,0,,T10 (2183),We 06:00PM - 06:50PM,TBA,TBA,,> Classes held in Room 2130A
CPEG,2930,Academic and Professional Development II,0,,T11 (2184),We 06:00PM - 06:50PM,TBA,TBA,,> Classes held in Room 2130A
CPEG,2930,Academic and Professional Development II,0,,T12 (2185),We 06:00PM - 06:50PM,TBA,TBA,,> Classes held in Room 2130A
CPEG,2930,Academic and Professional Development II,0,,T13 (2186),We 06:00PM - 06:50PM,TBA,TBA,,> Classes held in Room 2130B
CPEG,2930,Academic and Professional Development II,0,,T14 (2187),We 06:00PM - 06:50PM,TBA,TBA,,> Classes held in Room 2130B
CPEG,2930,Academic and Professional Development II,0,,T15 (2188),We 06:00PM - 06:50PM,TBA,TBA,,> Classes held in Room 2130B
CPEG,2930,Academic and Professional Development II,0,,T16 (2189),We 06:00PM - 06:50PM,TBA,TBA,,> Classes held in Room 2130C
CPEG,2930,Academic and Professional Development II,0,,T17 (2190),We 06:00PM - 06:50PM,TBA,TBA,,> Classes held in Room 2130C
CPEG,2930,Academic and Professional Development II,0,,T18 (2191),We 06:00PM - 06:50PM,TBA,TBA,,> Classes held in Room 2130C
CPEG,2930,Academic and Professional Development II,0,,T19 (2192),We 06:00PM - 06:50PM,TBA,TBA,,> Classes held in Room 2131A
CPEG,2930,Academic and Professional Development II,0,,T20 (2193),We 06:00PM - 06:50PM,TBA,TBA,,> Classes held in Room 2131A
CPEG,2930,Academic and Professional Development II,0,,T21 (2194),We 06:00PM - 06:50PM,TBA,TBA,,> Classes held in Room 2131A
CPEG,2930,Academic and Professional Development II,0,,T22 (2195),We 06:00PM - 06:50PM,TBA,TBA,,> Classes held in Room 2131B
CPEG,2930,Academic and Professional Development II,0,,T23 (2196),We 06:00PM - 06:50PM,TBA,TBA,,> Classes held in Room 2131B
CPEG,3930,Academic and Professional Development III,0,,T01 (2197),We 06:00PM - 06:50PM,TBA,TBA,,> Classes held in Room 2129A
CPEG,3930,Academic and Professional Development III,0,,T02 (2198),We 06:00PM - 06:50PM,TBA,TBA,,> Classes held in Room 2129A
CPEG,3930,Academic and Professional Development III,0,,T03 (2199),We 06:00PM - 06:50PM,TBA,TBA,,> Classes held in Room 2129A
CPEG,3930,Academic and Professional Development III,0,,T04 (2200),We 06:00PM - 06:50PM,TBA,TBA,,> Classes held in Room 2129B
CPEG,3930,Academic and Professional Development III,0,,T05 (2201),We 06:00PM - 06:50PM,TBA,TBA,,> Classes held in Room 2129B
CPEG,3930,Academic and Professional Development III,0,,T06 (2202),We 06:00PM - 06:50PM,TBA,TBA,,> Classes held in Room 2129B
CPEG,3930,Academic and Professional Development III,0,,T07 (2203),We 06:00PM - 06:50PM,TBA,TBA,,> Classes held in Room 2129C
CPEG,3930,Academic and Professional Development III,0,,T08 (2204),We 06:00PM - 06:50PM,TBA,TBA,,> Classes held in Room 2129C
CPEG,3930,Academic and Professional Development III,0,,T09 (2205),We 06:00PM - 06:50PM,TBA,TBA,,> Classes held in Room 2129C
CPEG,3930,Academic and Professional Development III,0,,T10 (2206),We 06:00PM - 06:50PM,TBA,TBA,,> Classes held in Room 2130A
CPEG,3930,Academic and Professional Development III,0,,T11 (2207),We 06:00PM - 06:50PM,TBA,TBA,,> Classes held in Room 2130A
CPEG,3930,Academic and Professional Development III,0,,T12 (2208),We 06:00PM - 06:50PM,TBA,TBA,,> Classes held in Room 2130A
CPEG,3930,Academic and Professional Development III,0,,T13 (2209),We 06:00PM - 06:50PM,TBA,TBA,,> Classes held in Room 2130B
CPEG,3930,Academic and Professional Development III,0,,T14 (2210),We 06:00PM - 06:50PM,TBA,TBA,,> Classes held in Room 2130B
CPEG,3930,Academic and Professional Development III,0,,T15 (2211),We 06:00PM - 06:50PM,TBA,TBA,,> Classes held in Room 2130B
CPEG,3930,Academic and Professional Development III,0,,T16 (2212),We 06:00PM - 06:50PM,TBA,TBA,,> Classes held in Room 2130C
CPEG,3930,Academic and Professional Development III,0,,T17 (2213),We 06:00PM - 06:50PM,TBA,TBA,,> Classes held in Room 2130C
CPEG,3930,Academic and Professional Development III,0,,T18 (2214),We 06:00PM - 06:50PM,TBA,TBA,,> Classes held in Room 2130C
CPEG,3930,Academic and Professional Development III,0,,T19 (2215),We 06:00PM - 06:50PM,TBA,TBA,,> Classes held in Room 2131A
CPEG,3930,Academic and Professional Development III,0,,T20 (2216),We 06:00PM - 06:50PM,TBA,TBA,,> Classes held in Room 2131A
CPEG,3930,Academic and Professional Development III,0,,T21 (2217),We 06:00PM - 06:50PM,TBA,TBA,,> Classes held in Room 2131A
CPEG,3930,Academic and Professional Development III,0,,T22 (2218),We 06:00PM - 06:50PM,TBA,TBA,,> Classes held in Room 2131B
CPEG,3930,Academic and Professional Development III,0,,T23 (2219),We 06:00PM - 06:50PM,TBA,TBA,,> Classes held in Room 2131B
CPEG,4901,Computer Engineering Final Year Project in COMP,6,,R1 (2220),TBA,TBA,TBA,,> The credit load will usually be spread in the following pattern: Summer: 1; Fall: 2; Spring: 3 Instructor Consent Required
CPEG,4902,Computer Engineering Final Year Thesis in COMP,6,,R1 (2221),TBA,TBA,TBA,,> The credit load will usually be spread in the following pattern: Summer: 1; Fall: 2; Spring: 3 Instructor Consent Required
CPEG,4910,Co-op Program,6,,R1 (2222),TBA,TBA,TBA,,Instructor Consent Required
CPEG,4911,Computer Engineering Final Year Project in ELEC,6,,R1 (2223),TBA,TBA,TBA,,> The credit load will usually be spread in the following pattern: Summer: 1; Fall: 2; Spring: 3 Instructor Consent Required
CPEG,4912,Computer Engineering Final Year Thesis in ELEC,6,,R1 (2224),TBA,TBA,TBA,,> The credit load will usually be spread in the following pattern: Summer: 1; Fall: 2; Spring: 3 Instructor Consent Required
CSIT,5100,Engineering Reliable Software Systems,3,,L1 (1813),Mo 07:00PM - 09:50PM,"Rm 2502, Lift 25-26 (120)","CHEUNG, Shing-Chi",,
CSIT,5210,Data Mining and Knowledge Discovery,3,,L1 (1814),Th 12:30PM - 03:20PM,"Rm 4, 30/F, Tower 1,Millennity","WONG, Raymond Chi Wing",,> CSIT 5210 is not co-listing with MSBD 5002 in Fall 2026-27
CSIT,5410,Recognition Systems,3,,L1 (1815),Th 07:00PM - 09:50PM,Lecture Theater J (300),"CHUNG, Albert Chi Shing",,
CSIT,5500,Advanced Algorithms,3,,L1 (1816),Tu 07:00PM - 09:50PM,"Rm 5403, Lift 17-18 (134)","CHENG, Siu Wing",,
CSIT,5610,Computer Networks: An Internet Perspective,3,,L1 (1817),We 07:00PM - 09:50PM,Lecture Theater E (143),"BENSAOU, Brahim",,
CSIT,5730,Principles of Cybersecurity,3,,L1 (1818),Mo 09:30AM - 12:20PM,"Rm 3, 30/F, Tower 1,Millennity","WANG, Shuai",,
CSIT,5760,Blockchain and Smart Contracts,3,,L1 (1819),Sa 10:00AM - 12:50PM,"Rm 2502, Lift 25-26 (120)","RAJKHOWA, Pritom",,
CSIT,5910,Machine Learning,3,,L1 (1820),Fr 03:30PM - 06:20PM,"Rm 3, 30/F, Tower 1,Millennity","ZHANG, Nevin Lianwen",,
CSIT,6000U,Enterprise Software Engineering,3,,L1 (1821),We 07:00PM - 09:50PM,"Rm 2502, Lift 25-26 (120)","ZHANG, Charles Chuan",,
CSIT,6000V,Advanced AI Computing and Systems,3,,L1 (1822),Th 07:00PM - 09:50PM,"Rm 2502, Lift 25-26 (120)","CHEN, Kai",,
CSIT,6910A,Independent Project,3,,R1 (4570),TBA,TBA,TBA,,Instructor Consent Required
CSIT,6910D,Independent Project,3,,R1 (4571),TBA,TBA,TBA,,Instructor Consent Required
DASC,2010,Calculus for Data Analytics in Science,3,,L1 (3651),TuTh 10:30AM - 11:50AM,"Rm 5404, Lift 17-18 (93)","LEUNG, Shing Yu",,
DASC,2010,Calculus for Data Analytics in Science,3,,T1 (3652),Tu 05:00PM - 05:50PM,"G002, CYT Bldg (126)","LEUNG, Shing Yu",,
DASC,2210,A Survey on Big Data in Science and Society,1,,L1 (3653),Th 01:30PM - 02:50PM,"Rm 2464, Lift 25-26 (122)","WOON, Wilson",,
DASC,3120,Data Structures for Data Analytics in Science,3,,L1 (3654),WeFr 03:00PM - 04:20PM,"Rm 5583, Lift 29-30 (80)","WOON, Wilson",,
DASC,3120,Data Structures for Data Analytics in Science,3,,T1 (3655),Th 04:30PM - 05:20PM,"LG3009, Lift 10-12 (88)","WOON, Wilson",,
DASC,3230,Statistical Modeling and Machine Learning,3,,L1 (3656),TuTh 09:00AM - 10:20AM,"Rm 2404, Lift 17-18 (81)","CHEN, Junfeng",,
DASC,3230,Statistical Modeling and Machine Learning,3,,T1 (3658),Mo 11:00AM - 11:50AM,"Rm 5508, Lift 25-26 (30)","CHEN, Junfeng",,
DASC,3230,Statistical Modeling and Machine Learning,3,,T2 (3660),We 01:30PM - 02:20PM,"Rm 5560, Lift 27-28 (30)","CHEN, Junfeng",,
DASC,4010,Practical Artificial Intelligence in Science,3,,L1 (3661),TuTh 12:00PM - 01:20PM,"Rm 1409, Lift 25-26 (60)","ZHAI, Chengxing",,
DASC,4300,Capstone Project for Data Analytics in Science,3,,L1 (3662),TuTh 10:30AM - 11:50AM,"Rm 2304, Lift 17-18 (76)","WOON, Wilson",,
DBAB,5130,Frontiers in Finance Research,2,[PU] Putonghua [C] Require Chinese reading,L1 (4601),TBA,TBA,"LOU, Dong",,> Class Duration/Dates : 03-Sep-2026 to 04-Sep-2026
DBAB,5160,Frontiers in Management Research,2,[PU] Putonghua [C] Require Chinese reading,L1 (4604),TBA,TBA,TBA,,"> Instructor : WEI, Jie and NING, Xiangdong > Class Duration/Dates : 10-Sep-2026 to 11-Sep-2026"
DBAB,5205,Advanced Manufacturing and High-end Materials,1,[PU] Putonghua [C] Require Chinese reading,L1 (4607),TBA,TBA,TBA,,"> Instructor : PANG, Feng and GE, Honglin > Class Duration/Dates : 13-Sep-2026"
DBAB,5207,Artificial Intelligence and Data Science,1,[PU] Putonghua [C] Require Chinese reading,L1 (4602),TBA,TBA,"GUO, Yike LI, Jin",,> Class Duration/Dates : 06-Sep-2026
DBAB,5209,Chip Technology,1,[PU] Putonghua [C] Require Chinese reading,L1 (4603),TBA,TBA,"CHENG, Kwang-Ting Tim",,> Class Duration/Dates : 05-Sep-2026
DBAB,5211,Life and Health Technology,1,[PU] Putonghua [C] Require Chinese reading,L1 (4605),TBA,TBA,TBA,,"> Instructor : QIAO, Jie and HE, Ruyi > Class Duration/Dates : 12-Sep-2026"
DISC,5103,Digital Twins for Engineering Systems and Smart Cities,3,,L1 (1823),Th 07:00PM - 09:50PM,"Rm 4502, Lift 25-26 (60)","CHENG, Jack Chin Pang",,
DISC,5105,Autonomous Construction and Robotics,3,,L1 (1824),Fr 07:00PM - 09:50PM,"Rm 4502, Lift 25-26 (60)","YU, Yantao",,
DISC,5203,Computer Methods for Structural Engineering,3,,L1 (1825),Tu 07:00PM - 09:50PM,"Rm 4502, Lift 25-26 (60)","DIMITRAKOPOULOS, Ilias",,
DISC,5205,Smart Transportation Planning,3,,L1 (1826),We 07:00PM - 09:50PM,"Rm 4502, Lift 25-26 (60)","JIAN, Sisi",,
DISC,5207,Circular Economy in Infrastructure Development,3,,L1 (1827),Mo 07:00PM - 09:50PM,"Rm 1410, Lift 25-26 (60)","LO, Irene Man Chi TSANG, Dan",,
DISC,6980,MSc Project,6,,R1 (4587),TBA,TBA,TBA,,Instructor Consent Required
DRAP,5001,Introduction to Drug Regulatory Science with Quality by Design,3,,L1 (1545),Tu 07:00PM - 09:50PM,"Rm 2302, Lift 17-18 (74)","TAM, Sunny WONG, Alan Chi YANG, Long",,> For MSc(DRAP) students only
DRAP,5002,"Drugs, Biologics and Medical Devices Development: Leadership Role",3,,L1 (1546),Sa 09:30AM - 12:20PM,"Rm 2302, Lift 17-18 (74)","KO, Richard TAM, Sunny TSIM, Karl Wah Keung",,> For MSc(DRAP) students only
DRAP,5101,Global Pharmaceutical Policy: Rationales and Stakeholders,3,,L1 (1547),We 07:00PM - 09:50PM,"G009B, CYT Bldg (70)","DU, Xin TAM, Sunny",,> For MSc(DRAP) students only
DRAP,5103,"Big Data, Artificial Intelligence and Machine Learning in Drug Safety",3,,L1 (1548),Th 07:00PM - 09:50PM,"G009B, CYT Bldg (70)","BAO, Jing LEUNG, Ka Wing TAM, Sunny WAYE, Mary Miu Yee",,> For MSc(DRAP) students only
DRAP,6201,Industrial Internship,3,,R1 (1549),TBA,TBA,"LEUNG, Ka Wing TSIM, Karl Wah Keung",,> For MSc(DRAP) students only
DRAP,6202,Regulatory Affairs Capstone Project,3,,R1 (1550),TBA,TBA,"LEUNG, Ka Wing TSIM, Karl Wah Keung",,> For MSc(DRAP) students only
DSAA,7990,Doctoral Thesis Research,0,,R1 (4507),TBA,TBA,TBA,,
DSCT,4900,Academic and Professional Development,0,,T1 (3663),We 06:00PM - 06:50PM,TBA,"CAI, Jianfeng SONG, Yangqiu YU, Chi Wai",,
DSCT,4900,Academic and Professional Development,0,,T2 (4554),TBA,TBA,"CAI, Jianfeng SONG, Yangqiu YU, Chi Wai",,
ECON,1220,Thinking like an Economist I: Microeconomics,3,Common Core (SA) for 36-credit program Common Core (SA) for 30-credit prog in 22-24 Common Core (SA) for 30-credit prog in 25 Common Core (SA) for 30-credit prog fr 26,L1 (2628),WeFr 03:00PM - 04:20PM,"Rm 2407, Lift 17-18 (126)","SIU, Kam Wing",,
ECON,1220,Thinking like an Economist I: Microeconomics,3,Common Core (SA) for 36-credit program Common Core (SA) for 30-credit prog in 22-24 Common Core (SA) for 30-credit prog in 25 Common Core (SA) for 30-credit prog fr 26,T1 (2629),Mo 11:00AM - 11:50AM,"Rm 4621, Lift 31-32 (126)","SIU, Kam Wing",,
ECON,1221,Thinking like an Economist II: Macroeconomics,3,Common Core (SA) for 36-credit program Common Core (SA) for 30-credit prog in 22-24 Common Core (SA) for 30-credit prog in 25 Common Core (SA) for 30-credit prog fr 26,L1 (2630),TuTh 09:00AM - 10:20AM,"Rm 2502, Lift 25-26 (120)","SIU, Kam Wing",,
ECON,1221,Thinking like an Economist II: Macroeconomics,3,Common Core (SA) for 36-credit program Common Core (SA) for 30-credit prog in 22-24 Common Core (SA) for 30-credit prog in 25 Common Core (SA) for 30-credit prog fr 26,T1 (2631),Mo 06:00PM - 06:50PM,"G012, LSK Bldg (199)","SIU, Kam Wing",,
ECON,2103,Principles of Microeconomics,3,Common Core (SA) for 36-credit program,L1 (2632),TuTh 12:00PM - 01:20PM,"G001, CYT Bldg (92)","KELLER, Wolfgang",,
ECON,2103,Principles of Microeconomics,3,Common Core (SA) for 36-credit program,L2 (2634),TuTh 09:00AM - 10:20AM,"Rm 4579, Lift 27-28 (60)","LI, Xuan",,
ECON,2103,Principles of Microeconomics,3,Common Core (SA) for 36-credit program,L3 (2636),TuTh 01:30PM - 02:50PM,"Rm 1001, LSK Bldg (75)","LI, Xuan",,
ECON,2103,Principles of Microeconomics,3,Common Core (SA) for 36-credit program,T1 (2638),Th 04:00PM - 04:50PM,"Rm 1014, LSK Bldg (80)","KELLER, Wolfgang",,
ECON,2103,Principles of Microeconomics,3,Common Core (SA) for 36-credit program,T2 (2640),Tu 06:00PM - 06:50PM,"Rm 1011, LSK Bldg (80)","LI, Xuan",,
ECON,2103,Principles of Microeconomics,3,Common Core (SA) for 36-credit program,T3 (2641),Tu 05:00PM - 05:50PM,"Rm 1014, LSK Bldg (80)","LI, Xuan",,
ECON,2113,Microeconomics,3,,L01 (2642),TuTh 03:00PM - 04:20PM,"Rm 1034, LSK Bldg (80)","HONG, Bei Hailey",,
ECON,2113,Microeconomics,3,,L02 (2644),TuTh 12:00PM - 01:20PM,"Rm 1034, LSK Bldg (80)","HONG, Bei Hailey",,
ECON,2113,Microeconomics,3,,L03 (2646),TuTh 01:30PM - 02:50PM,"Rm 1034, LSK Bldg (80)","HONG, Bei Hailey",,
ECON,2113,Microeconomics,3,,L04 (2648),MoWe 10:30AM - 11:50AM,"Rm 1034, LSK Bldg (80)","HONG, Bei Hailey",,
ECON,2113,Microeconomics,3,,L05 (2650),MoWe 12:00PM - 01:20PM,"Rm 1034, LSK Bldg (80)","HONG, Bei Hailey",,
ECON,2113,Microeconomics,3,,L06 (2652),MoWe 09:00AM - 10:20AM,"Rm 1003, LSK Bldg (75)","YU, Yan",,
ECON,2113,Microeconomics,3,,L07 (2654),Mo 03:00PM - 04:20PM,"Rm 1005, LSK Bldg (75)","YU, Yan",,
ECON,2113,Microeconomics,3,,L08 (2656),WeFr 03:00PM - 04:20PM,"Rm 2404, Lift 17-18 (81)","ZHANG, Wenwen",,
ECON,2113,Microeconomics,3,,L09 (2658),WeFr 04:30PM - 05:50PM,"Rm 2404, Lift 17-18 (81)","ZHANG, Wenwen",,
ECON,2113,Microeconomics,3,,L10 (2660),WeFr 01:30PM - 02:50PM,"Rm 2404, Lift 17-18 (81)","ZHANG, Wenwen",,
ECON,2113,Microeconomics,3,,T01 (2662),We 06:00PM - 06:50PM,"Rm 1001, LSK Bldg (75)","HONG, Bei Hailey",,
ECON,2113,Microeconomics,3,,T02 (2664),We 09:00AM - 09:50AM,"Rm 1010, LSK Bldg (80)","HONG, Bei Hailey",,
ECON,2113,Microeconomics,3,,T03 (2665),Tu 06:00PM - 06:50PM,"Rm 1001, LSK Bldg (75)","HONG, Bei Hailey",,
ECON,2113,Microeconomics,3,,T04 (2666),Th 05:00PM - 05:50PM,"Rm 1014, LSK Bldg (80)","HONG, Bei Hailey",,
ECON,2113,Microeconomics,3,,T05 (2667),Mo 06:00PM - 06:50PM,"Rm 1001, LSK Bldg (75)","HONG, Bei Hailey",,
ECON,2113,Microeconomics,3,,T06 (2668),Fr 05:00PM - 05:50PM,"LG3008, Lift 10-12 (82)","YU, Yan",,
ECON,2113,Microeconomics,3,,T07 (2669),Fr 02:00PM - 02:50PM,"LG3008, Lift 10-12 (82)","YU, Yan",,
ECON,2113,Microeconomics,3,,T08 (2670),Th 06:00PM - 06:50PM,"Rm 1005, LSK Bldg (75)","ZHANG, Wenwen",,
ECON,2113,Microeconomics,3,,T09 (2671),Mo 09:30AM - 10:20AM,"Rm 1034, LSK Bldg (80)","ZHANG, Wenwen",,
ECON,2113,Microeconomics,3,,T10 (2672),Fr 10:30AM - 11:20AM,"LG3008, Lift 10-12 (82)","ZHANG, Wenwen",,
ECON,2123,Macroeconomics,3,Common Core (SA) for 36-credit program,L01 (2673),TuTh 03:00PM - 04:20PM,"LG3008, Lift 10-12 (82)","DORDAL CARRERAS, Marc",,
ECON,2123,Macroeconomics,3,Common Core (SA) for 36-credit program,L02 (2675),TuTh 09:00AM - 10:20AM,"Rm 1011, LSK Bldg (80)","DORDAL CARRERAS, Marc",,
ECON,2123,Macroeconomics,3,Common Core (SA) for 36-credit program,L03 (2677),Mo 03:00PM - 04:20PM,"Rm 1034, LSK Bldg (80)","CHEN, Zhang",,
ECON,2123,Macroeconomics,3,Common Core (SA) for 36-credit program,L04 (2679),Mo 01:30PM - 02:50PM,"Rm 1034, LSK Bldg (80)","CHEN, Zhang",,
ECON,2123,Macroeconomics,3,Common Core (SA) for 36-credit program,L05 (2681),Mo 04:30PM - 05:50PM,"Rm 1034, LSK Bldg (80)","CHEN, Zhang",,
ECON,2123,Macroeconomics,3,Common Core (SA) for 36-credit program,L06 (2683),TuTh 04:30PM - 05:50PM,"Rm 1011, LSK Bldg (80)","DING, Fei",,
ECON,2123,Macroeconomics,3,Common Core (SA) for 36-credit program,L07 (2685),TuTh 12:00PM - 01:20PM,"Rm 1011, LSK Bldg (80)","DING, Fei",,
ECON,2123,Macroeconomics,3,Common Core (SA) for 36-credit program,L08 (2687),WeFr 03:00PM - 04:20PM,"Rm 1034, LSK Bldg (80)","DING, Fei",,
ECON,2123,Macroeconomics,3,Common Core (SA) for 36-credit program,L09 (2689),MoWe 12:00PM - 01:20PM,"Rm 1527, Lift 22 (74)","DING, Fei",,
ECON,2123,Macroeconomics,3,Common Core (SA) for 36-credit program,L10 (2691),WeFr 01:30PM - 02:50PM,"Rm 1034, LSK Bldg (80)","LI, Yao Amber",,
ECON,2123,Macroeconomics,3,Common Core (SA) for 36-credit program,T01 (2693),Th 04:30PM - 05:20PM,"LG3008, Lift 10-12 (82)","DORDAL CARRERAS, Marc",,
ECON,2123,Macroeconomics,3,Common Core (SA) for 36-credit program,T02 (2695),Tu 06:00PM - 06:50PM,"Rm 1010, LSK Bldg (80)","DORDAL CARRERAS, Marc",,
ECON,2123,Macroeconomics,3,Common Core (SA) for 36-credit program,T03 (2696),Fr 04:30PM - 05:20PM,"Rm 1010, LSK Bldg (80)","CHEN, Zhang",,
ECON,2123,Macroeconomics,3,Common Core (SA) for 36-credit program,T04 (2697),Mo 10:30AM - 11:20AM,"Rm 1014, LSK Bldg (80)","CHEN, Zhang",,
ECON,2123,Macroeconomics,3,Common Core (SA) for 36-credit program,T05 (2698),Mo 09:30AM - 10:20AM,"Rm 1010, LSK Bldg (80)","CHEN, Zhang",,
ECON,2123,Macroeconomics,3,Common Core (SA) for 36-credit program,T06 (2699),We 06:00PM - 06:50PM,"Rm 1007, LSK Bldg (80)","DING, Fei",,
ECON,2123,Macroeconomics,3,Common Core (SA) for 36-credit program,T07 (2700),Th 02:00PM - 02:50PM,"Rm 1007, LSK Bldg (80)","DING, Fei",,
ECON,2123,Macroeconomics,3,Common Core (SA) for 36-credit program,T08 (2701),We 09:30AM - 10:20AM,"Rm 1014, LSK Bldg (80)","DING, Fei",,
ECON,2123,Macroeconomics,3,Common Core (SA) for 36-credit program,T09 (2702),Fr 12:30PM - 01:20PM,"Rm 1014, LSK Bldg (80)","DING, Fei",,
ECON,2123,Macroeconomics,3,Common Core (SA) for 36-credit program,T10 (2703),Th 11:00AM - 11:50AM,"Rm 1014, LSK Bldg (80)","LI, Yao Amber",,
ECON,2174,Mathematics for Economists,4,,L1 (2704),MoWe 12:00PM - 01:20PM,"Rm 1010, LSK Bldg (80)","LI, Jiangtao",,
ECON,2174,Mathematics for Economists,4,,T1 (2705),We 06:00PM - 06:50PM,"Rm 6573, Lift 29-30 (88)","LI, Jiangtao",,
ECON,3014,Managerial Microeconomics,4,,L1 (2706),MoWe 12:00PM - 01:20PM,"Rm 2404, Lift 17-18 (81)","MENG, Xiaoxuan",,
ECON,3014,Managerial Microeconomics,4,,T1 (2707),Mo 06:00PM - 06:50PM,"Rm 1034, LSK Bldg (80)","MENG, Xiaoxuan",,
ECON,3024,Managerial Macroeconomics,4,,L1 (2708),MoWe 10:30AM - 11:50AM,"LG3008, Lift 10-12 (82)","LU, Yang",,
ECON,3024,Managerial Macroeconomics,4,,T1 (2709),Fr 12:00PM - 12:50PM,"Rm 1011, LSK Bldg (80)","LU, Yang",,
ECON,3133,Microeconomic Theory II,4,,L1 (2710),TuTh 09:00AM - 10:20AM,"Rm 2302, Lift 17-18 (74)","AU, Pak Hung",,
ECON,3133,Microeconomic Theory II,4,,L2 (2712),TuTh 04:30PM - 05:50PM,"G009A, CYT Bldg (80)","AU, Pak Hung",,
ECON,3133,Microeconomic Theory II,4,,T1 (2714),Th 06:00PM - 06:50PM,"G001, LSK Bldg (75)","AU, Pak Hung",,
ECON,3133,Microeconomic Theory II,4,,T2 (2716),Tu 03:00PM - 03:50PM,"Rm 1010, LSK Bldg (80)","AU, Pak Hung",,
ECON,3143,Macroeconomic Theory II,4,,L1 (2717),WeFr 04:30PM - 05:50PM,"Rm 1034, LSK Bldg (80)","QIU, Zhesheng",,
ECON,3143,Macroeconomic Theory II,4,,L2 (2719),TuTh 01:30PM - 02:50PM,"Rm 1011, LSK Bldg (80)","XU, Juanyi",,
ECON,3143,Macroeconomic Theory II,4,,T1 (2721),We 09:30AM - 10:20AM,"Rm 1011, LSK Bldg (80)","QIU, Zhesheng",,
ECON,3143,Macroeconomic Theory II,4,,T2 (2723),Th 03:00PM - 03:50PM,"Rm 6602, Lift 31-32 (60)","XU, Juanyi",,
ECON,3334,Introduction to Econometrics,4,,L1 (2724),WeFr 04:30PM - 05:50PM,"G009B, CYT Bldg (70)","SUNADA, Kohei",,
ECON,3334,Introduction to Econometrics,4,,L2 (2726),Mo 04:30PM - 05:50PM,"Rm 1007, LSK Bldg (80)","HUANG, Jiaming",,
ECON,3334,Introduction to Econometrics,4,,L3 (2728),Mo 01:30PM - 02:50PM,"Rm 1009, LSK Bldg (80)","HUANG, Jiaming",,
ECON,3334,Introduction to Econometrics,4,,T1 (2730),Fr 10:30AM - 11:20AM,"Rm 1011, LSK Bldg (80)","SUNADA, Kohei",,
ECON,3334,Introduction to Econometrics,4,,T2 (2732),Th 04:30PM - 05:20PM,"Rm 1010, LSK Bldg (80)","HUANG, Jiaming",,
ECON,3334,Introduction to Econometrics,4,,T3 (2733),Mo 09:00AM - 09:50AM,"Rm 1014, LSK Bldg (80)","HUANG, Jiaming",,
ECON,3800,ECON UG Honors Thesis I,2,,R1 (2734),TBA,TBA,"WU, Qinggong",,Instructor Consent Required
ECON,4124,Applied Game Theory,4,,L1 (2735),MoWe 10:30AM - 11:50AM,"Rm 2302, Lift 17-18 (74)","LIM, Woo Young",,
ECON,4124,Applied Game Theory,4,,T1 (2736),Mo 05:00PM - 05:50PM,"Rm 1011, LSK Bldg (80)","LIM, Woo Young",,
ECON,4134,Economics of Uncertainty and Information,4,,L1 (2737),TuTh 01:30PM - 02:50PM,"Rm 1033, LSK Bldg (51)","AU, Pak Hung",,
ECON,4134,Economics of Uncertainty and Information,4,,T1 (2738),Th 03:00PM - 03:50PM,"Rm 1014, LSK Bldg (80)","AU, Pak Hung",,
ECON,4255,Law and Economics,4,,L1 (2739),WeFr 03:00PM - 04:20PM,"Rm 1033, LSK Bldg (51)","HAN, Sirui",,
ECON,4255,Law and Economics,4,,T1 (2740),We 06:00PM - 06:50PM,"Rm 1034, LSK Bldg (80)","HAN, Sirui",,
ECON,4305,Applied Machine Learning for Economic and Financial Analysis,4,,L1 (2741),TuTh 10:30AM - 11:50AM,"Rm 1034, LSK Bldg (80)","NG, Chi Yung",,
ECON,4305,Applied Machine Learning for Economic and Financial Analysis,4,,T1 (2742),Tu 06:00PM - 06:50PM,"Rm 1009, LSK Bldg (80)","NG, Chi Yung",,
ECON,4334,Money and Banking,4,,L1 (2743),TuTh 12:00PM - 01:20PM,"Rm 1033, LSK Bldg (51)","COOK, David Edward",,
ECON,4334,Money and Banking,4,,T1 (2744),Th 06:00PM - 06:50PM,"Rm 1033, LSK Bldg (51)","COOK, David Edward",,
ECON,4364,International Trade and Investment,4,,L1 (2745),WeFr 04:30PM - 05:50PM,"Rm 1033, LSK Bldg (51)","LI, Yao Amber",,
ECON,4364,International Trade and Investment,4,,T1 (2746),Fr 12:00PM - 12:50PM,"Rm 1033, LSK Bldg (51)","LI, Yao Amber",,
ECON,4434,Economic Development and Growth,4,,L1 (2747),TuTh 04:30PM - 05:50PM,"Rm 1034, LSK Bldg (80)","SHIUE, Carol Hua",,
ECON,4434,Economic Development and Growth,4,,T1 (2748),Th 09:30AM - 10:20AM,"Rm 1010, LSK Bldg (80)","SHIUE, Carol Hua",,
ECON,4670,Economics Research and Communication,0,,LA1 (2749),TBA,TBA,"WU, Qinggong",,
ECON,4800,ECON UG Honors Thesis II,3,,R1 (2750),TBA,TBA,"WU, Qinggong",,Instructor Consent Required
ECON,4999B,Quantitative Macroeconomics with AI Integration,4,,L1 (2751),Mo 01:30PM - 02:50PM,"Rm 1033, LSK Bldg (51)","LU, Yang",,
ECON,4999B,Quantitative Macroeconomics with AI Integration,4,,T1 (2752),Tu 03:00PM - 03:50PM,"Rm 1033, LSK Bldg (51)","LU, Yang",,
ECON,4999Z,Global Macroeconomics and International Investment Strategy,4,,L1 (2753),WeFr 01:30PM - 02:50PM,"Rm 1033, LSK Bldg (51)","KITNEY, Paul",,
ECON,4999Z,Global Macroeconomics and International Investment Strategy,4,,T1 (2754),Fr 10:30AM - 11:20AM,"Rm 1033, LSK Bldg (51)","KITNEY, Paul",,
ECON,5040,Economics of Financial Technology,2,,L1 (1265),30-OCT-2026 - 18-DEC-2026 Fr 02:00PM - 05:20PM,"G003, LSK Bldg (75)","NG, Chi Yung",,> For MSc(ECON) students only > Add/Drop Deadline : 02-Nov-2026
ECON,5040,Economics of Financial Technology,2,,L2 (1266),30-OCT-2026 - 18-DEC-2026 Fr 06:30PM - 09:50PM,"Rm 1003, LSK Bldg (75)","NG, Chi Yung",,> For MSc(FinTech) students only > Add/Drop Deadline : 02-Nov-2026
ECON,5060,Applied Machine Learning for Economic and Financial Analysis,2,,L1 (1249),28-AUG-2026 - 16-OCT-2026 Fr 02:00PM - 05:20PM,"Rm 2, 31/F, Tower 1,Millennity","NG, Chi Yung",,> For MSc(ECON) students only > Add/Drop Deadline : 31-Aug-2026
ECON,5100,Mathematics for Business and Economics,3,,L1 (1252),MoWe 12:00PM - 01:20PM,"Rm 1007, LSK Bldg (80)","TANG, Rui",,> For MPhil and PhD students in SBM only
ECON,5101,Econometric Thinking for Business Strategists,2,,L1 (1261),26-OCT-2026 - 14-DEC-2026 Mo 07:00PM - 10:20PM,"Rm 1007, LSK Bldg (80)","HE, Dean",,> For MSc(ECON) students only > Add/Drop Deadline : 02-Nov-2026
ECON,5101,Econometric Thinking for Business Strategists,2,,L2 (1262),27-OCT-2026 - 15-DEC-2026 Tu 06:00PM - 09:20PM,"G003, LSK Bldg (75)","HE, Dean",,> For MSc(GO) students only > Add/Drop Deadline : 02-Nov-2026
ECON,5101,Econometric Thinking for Business Strategists,2,,L3 (1267),31-OCT-2026 - 31-OCT-2026 Sa 09:30AM - 01:00PM,"Rm 6555, Lift 29-30 (88)","HE, Dean",,> For FT-MBA; PT-MBA; MBA (Bi-weekly); Digital MBA and MBA Exchange students only > Add/Drop Deadline : 02-Nov-2026
ECON,5110,Managerial Microeconomics,2,[BLD] Blended learning,L1 (1238),25-AUG-2026 - 22-SEP-2026 Tu 09:30AM - 01:00PM,"Rm 2003, LSK Bldg","FONG, Yuk Fai",,> The class is delivered in a conventional face-to-face mode > For FT-MBA Year 1 students only > Add/Drop Deadline : 31-Aug-2026
ECON,5110,Managerial Microeconomics,2,[BLD] Blended learning,L2 (1268),31-OCT-2026 - 31-OCT-2026 Sa 02:00PM - 05:30PM,"Rm 2003, LSK Bldg","FONG, Yuk Fai",,> The class is delivered in a conventional face-to-face mode > For PT-MBA Year 1 students only > Add/Drop Deadline : 02-Nov-2026
ECON,5110,Managerial Microeconomics,2,[BLD] Blended learning,L3 (1269),31-OCT-2026 - 12-DEC-2026 Sa 09:00AM - 11:00AM,TBA,"SZYDLOWSKI, Martin Adam",,> This class is delivered in a blended learning mode > For Digital MBA Year 2 students only > Add/Drop Deadline : 02-Nov-2026
ECON,5130,Microeconomic Analysis,4,,L1 (1237),24-AUG-2026 - 31-AUG-2026 MoWe 09:15AM - 12:05PM,"Rm 2, 31/F, Tower 1,Millennity","FONG, Yuk Fai",,> For MSc(ECON) students only > Add/Drop Deadline : 31-Aug-2026
ECON,5130,Microeconomic Analysis,4,,L2 (1240),25-AUG-2026 - 13-OCT-2026 TuTh 11:00AM - 12:50PM,"Rm 2, 31/F, Tower 1,Millennity","LI, Jiangtao",,> For MSc(ECON) students only > Add/Drop Deadline : 31-Aug-2026
ECON,5130,Microeconomic Analysis,4,,L3 (1242),25-AUG-2026 - 13-OCT-2026 TuTh 02:00PM - 03:50PM,"Rm 2, 31/F, Tower 1,Millennity","LI, Jiangtao",,> For MSc(ECON) students only > Add/Drop Deadline : 31-Aug-2026
ECON,5140,Macroeconomic Analysis,4,,L1 (1243),25-AUG-2026 - 27-AUG-2026 TuTh 06:00PM - 07:50PM,"Rm 2503, Lift 25-26 (87)","XU, Juanyi",,> For MSc(ECON) students only > Add/Drop Deadline : 31-Aug-2026
ECON,5140,Macroeconomic Analysis,4,,L2 (1233),24-AUG-2026 - 24-AUG-2026 Mo 02:00PM - 03:50PM,"Rm 2, 31/F, Tower 1,Millennity","COOK, David Edward",,> For MSc(ECON) students only > Add/Drop Deadline : 31-Aug-2026
ECON,5140,Macroeconomic Analysis,4,,L3 (1234),24-AUG-2026 - 24-AUG-2026 Mo 04:00PM - 05:50PM,"Rm 2, 31/F, Tower 1,Millennity","COOK, David Edward",,> For MSc(ECON) students only > Add/Drop Deadline : 31-Aug-2026
ECON,5150,Mathematical Foundations for Economic Analysis,2,,L1 (1232),24-AUG-2026 - 05-OCT-2026 Mo 07:00PM - 10:20PM,"Rm 6555, Lift 29-30 (88)","ZHU, Tao",,> For MSc(ECON) students only > Add/Drop Deadline : 31-Aug-2026
ECON,5150,Mathematical Foundations for Economic Analysis,2,,L2 (1246),26-AUG-2026 - 26-AUG-2026 We 07:00PM - 10:20PM,"Rm 2503, Lift 25-26 (87)","ZHU, Tao",,> For MSc(ECON) students only > Add/Drop Deadline : 31-Aug-2026
ECON,5150,Mathematical Foundations for Economic Analysis,2,,L3 (1239),25-AUG-2026 - 06-OCT-2026 Tu 07:00PM - 10:20PM,"LG3009, Lift 10-12 (88)","ZHU, Tao",,> For MSc(ECON) students only > Add/Drop Deadline : 31-Aug-2026
ECON,5200,Global Macroeconomics,2,,L1 (1235),24-AUG-2026 - 05-OCT-2026 Mo 09:00AM - 12:20PM,"Rm 5, 30/F, Tower 1,Millennity","RAO, Milind Shankar",,> For MSc(GO) students only > Add/Drop Deadline : 31-Aug-2026
ECON,5200,Global Macroeconomics,2,,L2 (1236),24-AUG-2026 - 05-OCT-2026 Mo 03:30PM - 06:50PM,"Rm 5, 30/F, Tower 1,Millennity","RAO, Milind Shankar",,> For MSc(GO) students only > Add/Drop Deadline : 31-Aug-2026
ECON,5200,Global Macroeconomics,2,,L3 (1247),26-AUG-2026 - 07-OCT-2026 We 03:30PM - 06:50PM,"Rm 5, 30/F, Tower 1,Millennity","RAO, Milind Shankar",,> For MSc(GO) students only > Venue on 10-Oct-2026 : LTA and LTC > Add/Drop Deadline : 31-Aug-2026
ECON,5200,Global Macroeconomics,2,,L4 (1248),26-AUG-2026 - 07-OCT-2026 We 09:00AM - 12:20PM,"Rm 5, 30/F, Tower 1,Millennity","RAO, Milind Shankar",,> For MSc(GO) students only > Venue on 10-Oct-2026 : LTA and LTC > Add/Drop Deadline : 31-Aug-2026
ECON,5200,Global Macroeconomics,2,,L5 (1264),29-OCT-2026 - 17-DEC-2026 Th 07:00PM - 10:30PM,TBA,"KITNEY, Paul",,"> For FT-MBA; PT-MBA; MBA (Bi-weekly); Digital MBA and MBA Exchange students only > Venue : Business School Central in Admiralty, 4/F United Centre, 95 Queensway, Admiralty, Hong Kong > Add/Drop Deadline : 02-Nov-2026"
ECON,5210,Microeconomic Theory I,4,,L1 (1253),MoWe 06:00PM - 07:50PM,"Rm 1009, LSK Bldg (80)","TANG, Rui",,> For MPhil and PhD students in SBM only
ECON,5250,Macroeconomic Theory I,4,,L1 (1254),TuTh 12:00PM - 01:50PM,"Rm 1007, LSK Bldg (80)","DORDAL CARRERAS, Marc",,> For MPhil and PhD students in SBM only
ECON,5280,Applied Econometrics,4,,L1 (1241),25-AUG-2026 - 13-OCT-2026 TuTh 09:00AM - 10:50AM,"Rm 2, 31/F, Tower 1,Millennity","FENG, Junlong",,> For MSc(ECON) students only > Add/Drop Deadline : 31-Aug-2026
ECON,5280,Applied Econometrics,4,,L2 (1244),25-AUG-2026 - 15-OCT-2026 Tu 04:00PM - 05:50PM,"Rm 2, 31/F, Tower 1,Millennity","FENG, Junlong",,> For MSc(ECON) students only > Add/Drop Deadline : 31-Aug-2026
ECON,5280,Applied Econometrics,4,,L3 (1245),25-AUG-2026 - 27-AUG-2026 TuTh 08:00PM - 09:50PM,"Rm 2503, Lift 25-26 (87)","FENG, Junlong",,> For MSc(ECON) students only > Add/Drop Deadline : 31-Aug-2026
ECON,5344,Macro Investment Strategy,2,,L1 (1263),28-OCT-2026 - 16-DEC-2026 We 07:00PM - 10:20PM,TBA,"KITNEY, Paul",,> For MSc(ECON) students only > Add/Drop Deadline : 02-Nov-2026
ECON,5345,Quantitative Macroeconomics,4,,L1 (1255),Tu 02:00PM - 05:50PM,"Rm 1026, LSK Bldg (28)","LEE, Byoungchan",,> For MPhil(ECON) and PhD(ECON) students only
ECON,5348,Financial Economics: Corporate Finance,2,,L1 (1250),28-AUG-2026 - 16-OCT-2026 Fr 09:00AM - 12:20PM,"Rm 2, 31/F, Tower 1,Millennity","DING, Fei",,> For MSc(ECON) students only > Add/Drop Deadline : 31-Aug-2026
ECON,6121C,Long-Run Economic Growth,4,,L1 (1256),TuTh 12:00PM - 01:50PM,"Rm 1026, LSK Bldg (28)","SHIUE, Carol Hua",,> For MPhil(ECON) and PhD(ECON) students only
ECON,6121F,Advances in International Trade,4,,L1 (1257),TuTh 03:00PM - 04:50PM,"Rm 1027, LSK Bldg (40)","KELLER, Wolfgang",,> For MPhil(ECON) and PhD(ECON) students only
ECON,6130F,International Finance,2,,L1 (1251),29-AUG-2026 - 17-OCT-2026 Sa 09:00AM - 12:20PM,"Rm 1007, LSK Bldg (80)","DEVEREUX, Michael Bernard",,> For MSc(ECON) students only > Add/Drop Deadline : 31-Aug-2026
ECON,6900,Economics Practicum,2,,R1 (4484),TBA,TBA,"WANG, Peng",,> For MSc(ECON) students only
ECON,6970A,Independent Study,1,,R1 (4485),TBA,TBA,"WANG, Peng",,> For MSc(ECON) students only > Add/Drop Deadline : 14-Sep-2026
ECON,6980,Independent Project,6,,R1 (4483),TBA,TBA,"FENG, Junlong SUNADA, Kohei XU, Juanyi",,> For MSc(ECON) students only > Add/Drop Deadline : 14-Sep-2026 > Extended Drop Deadline : 29-Sep-2026
ECON,6990,MPhil Thesis Research,0,,R1 (1258),TBA,TBA,TBA,,> For MPhil(ECON) students only
ECON,7800G,Economics Seminar,1,,T1 (1259),Mo 10:00AM - 10:50AM,TBA,"HUANG, Jiaming",,> For MPhil(ECON) and PhD(ECON) students only
ECON,7990,Doctoral Thesis Research,0,,R1 (1260),TBA,TBA,TBA,,> For PhD(ECON) students only
EEMT,5220,Six Sigma Quality Management,3,,L1 (1828),Tu 07:00PM - 09:50PM,Lecture Theater K (106),"TSUNG, Fugee",,
EEMT,5300,Global Supply Chain Management,3,,L1 (1829),Fr 07:00PM - 09:50PM,"G009A, CYT Bldg (80)","QIU, Xuan",,
EEMT,5360,Enterprise Systems for Digital Transformation,3,,L1 (1892),05-SEP-2026 - 17-OCT-2026 Sa 02:00PM - 04:50PM,"Rm 1034, LSK Bldg (80)","LAU, Ronald",,> Add/Drop Deadline : 10-Sep-2026 > Extended Drop Deadline : 17-Sep-2026
EEMT,5510,Engineering Economics and Cost Management,3,,L1 (1830),Th 07:00PM - 09:50PM,"Rm 5, 30/F, Tower 1,Millennity","QI, Jin",,
EEMT,5990,Problem Solving for Engineering Managers,1,,L1 (1788),29-AUG-2026 - 29-AUG-2026 Sa 02:00PM - 09:20PM,TBA,"QIU, Xuan",,
EEMT,6900,Independent Study,3,,R1 (4585),TBA,TBA,TBA,,Instructor Consent Required
EESM,5000,CMOS VLSI Design,3,,L1 (1191),Th 03:30PM - 06:20PM,"Rm 2, 30/F, Tower 1,Millennity","SARFRAZ, Khawar",,
EESM,5000,CMOS VLSI Design,3,,L2 (1192),Th 07:00PM - 09:50PM,"Rm 2, 30/F, Tower 1,Millennity","SARFRAZ, Khawar",,
EESM,5060,Embedded Systems,3,,L1 (1193),Tu 03:30PM - 06:20PM,"Rm 2, 30/F, Tower 1,Millennity","TSUI, Chi Ying ZHANG, Wei",,Instructor Consent Required
EESM,5060,Embedded Systems,3,,L2 (1194),Tu 07:00PM - 09:50PM,"Rm 1, 30/F, Tower 1,Millennity","TSUI, Chi Ying ZHANG, Wei",,Instructor Consent Required
EESM,5100,Analog IC Analysis and Design,3,,L1 (1195),We 12:30PM - 03:20PM,"Rm 3, 30/F, Tower 1,Millennity","KI, Wing Hung",,
EESM,5100,Analog IC Analysis and Design,3,,L2 (1196),We 07:00PM - 09:50PM,"Rm 2, 30/F, Tower 1,Millennity","MAN, Tsz Yin",,
EESM,5200,Semiconductor Devices for Integrated Circuit Designs,3,[BLD] Blended learning,L1 (1197),Mo 12:30PM - 03:20PM,"Rm 2, 30/F, Tower 1,Millennity","CHAN, Mansun",,> The class is delivered in a blended learning mode
EESM,5200,Semiconductor Devices for Integrated Circuit Designs,3,[BLD] Blended learning,L2 (1198),Mo 07:00PM - 09:50PM,"Rm 4502, Lift 25-26 (60)","CHAN, Mansun",,> The class is delivered in a blended learning mode
EESM,5536,Digital Communications: From Fundamentals to AI-Native Networks,3,,L1 (1199),Th 07:00PM - 09:50PM,"Rm 1033, LSK Bldg (51)","BEN LETAIEF, Khaled",,
EESM,5536,Digital Communications: From Fundamentals to AI-Native Networks,3,,L2 (1200),Th 12:30PM - 03:20PM,"Rm 2, 30/F, Tower 1,Millennity","SONG, Shenghui",,
EESM,5539,Wireless Communication Networks,3,,L1 (1201),Tu 07:00PM - 09:50PM,"Rm 4619, Lift 31-32 (126)","LAU, Vincent Kin Nang",,
EESM,5540,Introduction to Telecommunication Networks,3,,L1 (1202),Mo 07:00PM - 09:50PM,"Rm 2464, Lift 25-26 (122)","WONG, Kai Sun Albert",,
EESM,5548,Mobile Edge Computing and Edge AI for 6G,3,,L1 (1203),We 07:00PM - 09:50PM,"Rm 4620, Lift 31-32 (126)","ZHANG, Jun",,
EESM,5650,Digital Communication Networks and Systems,3,,L1 (1204),Th 07:00PM - 09:50PM,"Rm 4620, Lift 31-32 (126)","MURCH, Ross",,
EESM,5730,Modern Control Systems Design,3,,L1 (1205),Tu 07:00PM - 09:50PM,"Rm 2464, Lift 25-26 (122)","SHI, Ling",,
EESM,5790,Business for Electronic Engineers,3,,L1 (1206),We 07:00PM - 09:50PM,"Rm 4619, Lift 31-32 (126)","WONG, Kai Sun Albert",,
EESM,5800,"Modern Robotics: Theory, Development, and Case Study",3,,L1 (1207),Fr 07:00PM - 09:50PM,"G002, CYT Bldg (126)","SHEN, Yajing",,
EESM,5840,Introduction to Microsensors,3,,L1 (1208),Mo 07:00PM - 09:50PM,"Rm 2465, Lift 25-26 (122)","CHAU, Kevin",,
EESM,6900,Independent Study,3,,T1 (4566),TBA,TBA,TBA,,Instructor Consent Required
EESM,6980G,MSc Project,3,,R1 (4551),TBA,TBA,TBA,,Instructor Consent Required
EESM,6980H,MSc Project,3,,R1 (4553),TBA,TBA,TBA,,Instructor Consent Required
ELBT,5001,Biotech Venture Leadership: Navigating Science and Business,3,,L1 (1551),05-SEP-2026 - 24-OCT-2026 Sa 02:30PM - 05:20PM,"Rm 4580, Lift 27-28 (83)","LAW, Rocky TSIM, Karl Wah Keung",,> For MSc(ELBT) students only
ELBT,5002,Biotech Entrepreneurship: Opportunity to Commercialization,3,,L1 (1552),Tu 07:00PM - 09:50PM,"G009B, CYT Bldg (70)","LAW, Rocky",,> For MSc(ELBT) students only
ELBT,5102,Legal Frameworks for Biotech Business,3,,L1 (1553),We 07:00PM - 09:50PM,"Rm 2302, Lift 17-18 (74)","LAW, Rocky",,> For MSc(ELBT) students only
ELBT,5103,Applications of AI in Different Biotech Sectors,3,,L1 (1554),Mo 07:00PM - 09:50PM,"Rm 6602, Lift 31-32 (60)","LAW, Rocky",,> For MSc(ELBT) students only
ELBT,5104,"Managing Biotech Projects, Teams and Operations",3,,L1 (1555),Fr 07:00PM - 09:50PM,"Rm 1, 30/F, Tower 1,Millennity","LAW, Rocky",,> For MSc(ELBT) students only
ELEC,1010,Electronic and Information Technology,3,Common Core (S&T) for 36-credit program Common Core (SSC-S&T) for 36-credit program Common Core (T) for 30-credit prog in 22-24 Common Core (T) for 30-credit prog in 25 Common Core (T) for 30-credit prog fr 26,L1 (2377),TuTh 04:30PM - 05:20PM,Lecture Theater A (401),"GUAN, Isabel",,
ELEC,1010,Electronic and Information Technology,3,Common Core (S&T) for 36-credit program Common Core (SSC-S&T) for 36-credit program Common Core (T) for 30-credit prog in 22-24 Common Core (T) for 30-credit prog in 25 Common Core (T) for 30-credit prog fr 26,T1 (2379),Fr 01:00PM - 01:50PM,"LG3008, Lift 10-12 (82)","GUAN, Isabel",,
ELEC,1010,Electronic and Information Technology,3,Common Core (S&T) for 36-credit program Common Core (SSC-S&T) for 36-credit program Common Core (T) for 30-credit prog in 22-24 Common Core (T) for 30-credit prog in 25 Common Core (T) for 30-credit prog fr 26,T2 (2381),Th 12:00PM - 12:50PM,"Rm 2504, Lift 25-26 (84)","GUAN, Isabel",,
ELEC,1010,Electronic and Information Technology,3,Common Core (S&T) for 36-credit program Common Core (SSC-S&T) for 36-credit program Common Core (T) for 30-credit prog in 22-24 Common Core (T) for 30-credit prog in 25 Common Core (T) for 30-credit prog fr 26,T3 (2382),We 05:00PM - 05:50PM,"Rm 2504, Lift 25-26 (84)","GUAN, Isabel",,
ELEC,1010,Electronic and Information Technology,3,Common Core (S&T) for 36-credit program Common Core (SSC-S&T) for 36-credit program Common Core (T) for 30-credit prog in 22-24 Common Core (T) for 30-credit prog in 25 Common Core (T) for 30-credit prog fr 26,T4 (2383),Tu 03:00PM - 03:50PM,"G001, CYT Bldg (92)","GUAN, Isabel",,
ELEC,1010,Electronic and Information Technology,3,Common Core (S&T) for 36-credit program Common Core (SSC-S&T) for 36-credit program Common Core (T) for 30-credit prog in 22-24 Common Core (T) for 30-credit prog in 25 Common Core (T) for 30-credit prog fr 26,T5 (2384),We 01:00PM - 01:50PM,"Rm 2504, Lift 25-26 (84)","GUAN, Isabel",,
ELEC,1100,Introduction to Electro-Robot Design,4,,L1 (2385),WeFr 05:00PM - 05:50PM,"LG6101, Teaching Hub (150)","SHEN, Shaojie",,
ELEC,1100,Introduction to Electro-Robot Design,4,,L2 (2387),WeFr 04:00PM - 04:50PM,"LG6101, Teaching Hub (150)","WOO, Kam Tim",,
ELEC,1100,Introduction to Electro-Robot Design,4,,T1 (2394),Tu 01:30PM - 02:20PM,"Rm 2464, Lift 25-26 (122)","SHEN, Shaojie WOO, Kam Tim",,
ELEC,1100,Introduction to Electro-Robot Design,4,,T2 (2396),Th 10:30AM - 11:20AM,"G001, CYT Bldg (92)","SHEN, Shaojie WOO, Kam Tim",,
ELEC,1100,Introduction to Electro-Robot Design,4,,T3 (2397),Tu 10:30AM - 11:20AM,"G001, CYT Bldg (92)","SHEN, Shaojie WOO, Kam Tim",,
ELEC,1100,Introduction to Electro-Robot Design,4,,LA1 (2389),Mo 09:00AM - 11:50AM,"Rm 2133, Lift 19, 21, 22","SHEN, Shaojie WOO, Kam Tim",,
ELEC,1100,Introduction to Electro-Robot Design,4,,LA2 (2391),We 09:00AM - 11:50AM,"Rm 2133, Lift 19, 21, 22","SHEN, Shaojie WOO, Kam Tim",,
ELEC,1100,Introduction to Electro-Robot Design,4,,LA3 (2392),Th 01:30PM - 04:20PM,"Rm 2133, Lift 19, 21, 22","SHEN, Shaojie WOO, Kam Tim",,
ELEC,1100,Introduction to Electro-Robot Design,4,,LA4 (2393),We 01:00PM - 03:50PM,"Rm 2133, Lift 19, 21, 22","SHEN, Shaojie WOO, Kam Tim",,
ELEC,1150,"Information Technology Revolution: Past, Present and Future",3,Common Core (S&T) for 36-credit program Common Core (SSC-S&T) for 36-credit program Common Core (T) for 30-credit prog in 22-24 Common Core (T) for 30-credit prog in 25 Common Core (T) for 30-credit prog fr 26,L1 (2399),Mo 12:00PM - 01:50PM,"Rm 4620, Lift 31-32 (126)","GUAN, Isabel",,
ELEC,1150,"Information Technology Revolution: Past, Present and Future",3,Common Core (S&T) for 36-credit program Common Core (SSC-S&T) for 36-credit program Common Core (T) for 30-credit prog in 22-24 Common Core (T) for 30-credit prog in 25 Common Core (T) for 30-credit prog fr 26,T1 (2401),Fr 12:00PM - 01:20PM,"Rm 2407, Lift 17-18 (126)","GUAN, Isabel",,
ELEC,1200,A System View of Communications: from Signals to Packets,4,,L1 (2404),Mo 03:00PM - 03:50PM,"Rm 1527, Lift 22 (74)","MURCH, Ross",,
ELEC,1200,A System View of Communications: from Signals to Packets,4,,T1 (2406),Tu 12:30PM - 01:20PM,"G009A, CYT Bldg (80)","MURCH, Ross",,
ELEC,1200,A System View of Communications: from Signals to Packets,4,,LA1 (2405),Th 04:30PM - 07:20PM,"Rm 2133, Lift 19, 21, 22","MURCH, Ross",,
ELEC,1300,Introduction to Microelectronics and Integrated Circuits,4,,L1 (2407),Mo 03:00PM - 04:20PM,"Rm 6602, Lift 31-32 (60)","WONG, Man Hoi",,
ELEC,1300,Introduction to Microelectronics and Integrated Circuits,4,,T1 (2412),We 05:00PM - 05:50PM,"Rm 5508, Lift 25-26 (30)","WONG, Man Hoi",,
ELEC,1300,Introduction to Microelectronics and Integrated Circuits,4,,LA1 (2409),Tu 04:30PM - 07:20PM,"Rm 3112, Lift 19","WONG, Man Hoi",,
ELEC,1300,Introduction to Microelectronics and Integrated Circuits,4,,LA2 (2411),We 09:00AM - 11:50AM,"Rm 3112, Lift 19","WONG, Man Hoi",,
ELEC,1910,Academic and Professional Development I,0,,T01 (2414),We 06:00PM - 06:50PM,"Rm 2126A, Lift 19 (28)","BEN AYED, Ahmed",,
ELEC,1910,Academic and Professional Development I,0,,T02 (2415),We 06:00PM - 06:50PM,TBA,"CHAN, Mansun",,> Classes held in Room 2126A
ELEC,1910,Academic and Professional Development I,0,,T03 (2416),We 06:00PM - 06:50PM,TBA,"FAN, Zhiyong",,> Classes held in Room 2126A
ELEC,1910,Academic and Professional Development I,0,,T04 (2417),We 06:00PM - 06:50PM,"Rm 2126B, Lift 19 (28)","GUAN, Isabel",,
ELEC,1910,Academic and Professional Development I,0,,T05 (2418),We 06:00PM - 06:50PM,TBA,"LAU, Vincent Kin Nang",,> Classes held in Room 2126B
ELEC,1910,Academic and Professional Development I,0,,T06 (2419),We 06:00PM - 06:50PM,TBA,"LIN, Yen Hung",,> Classes held in Room 2126B
ELEC,1910,Academic and Professional Development I,0,,T07 (2420),We 06:00PM - 06:50PM,"Rm 2126C, Lift 19 (28)","LUONG, Howard Cam",,
ELEC,1910,Academic and Professional Development I,0,,T08 (2421),We 06:00PM - 06:50PM,TBA,"MIAO, Wenchao",,> Classes held in Room 2126C
ELEC,1910,Academic and Professional Development I,0,,T09 (2422),We 06:00PM - 06:50PM,TBA,"MOW, Wai Ho",,> Classes held in Room 2126C
ELEC,1910,Academic and Professional Development I,0,,T10 (2423),We 06:00PM - 06:50PM,"Rm 2126D, Lift 19 (34)","MURCH, Ross",,
ELEC,1910,Academic and Professional Development I,0,,T11 (2424),We 06:00PM - 06:50PM,TBA,"NEYTS, Kristiaan",,> Classes held in Room 2126D
ELEC,1910,Academic and Professional Development I,0,,T12 (2425),We 06:00PM - 06:50PM,TBA,"PAN, Ling",,> Classes held in Room 2126D
ELEC,1910,Academic and Professional Development I,0,,T13 (2426),We 06:00PM - 06:50PM,"Rm 2127A, Lift 19 (28)","PEREZ PALOMAR, Daniel",,
ELEC,1910,Academic and Professional Development I,0,,T14 (2427),We 06:00PM - 06:50PM,TBA,"POON, Andrew Wing On",,> Classes held in Room 2127A
ELEC,1910,Academic and Professional Development I,0,,T15 (2428),We 06:00PM - 06:50PM,TBA,"QU, Jianan",,> Classes held in Room 2127A
ELEC,1910,Academic and Professional Development I,0,,T16 (2429),We 06:00PM - 06:50PM,"Rm 2127B, Lift 19 (28)","SHAO, Qiming",,
ELEC,1910,Academic and Professional Development I,0,,T17 (2430),We 06:00PM - 06:50PM,TBA,"SHEN, Yajing",,> Classes held in Room 2127B
ELEC,1910,Academic and Professional Development I,0,,T18 (2431),We 06:00PM - 06:50PM,TBA,"SHI, Ling",,> Classes held in Room 2127B
ELEC,1910,Academic and Professional Development I,0,,T19 (2432),We 06:00PM - 06:50PM,"Rm 2127C, Lift 19 (28)","SRIVASTAVA, Abhishek Kumar",,
ELEC,1910,Academic and Professional Development I,0,,T20 (2433),We 06:00PM - 06:50PM,TBA,"TAN, Ping",,> Classes held in Room 2127C
ELEC,1910,Academic and Professional Development I,0,,T21 (2434),We 06:00PM - 06:50PM,TBA,"WANG, Ping",,> Classes held in Room 2127C
ELEC,1910,Academic and Professional Development I,0,,T22 (2435),We 06:00PM - 06:50PM,"Rm 2128A, Lift 19 (28)","WANG, Yiwen",,
ELEC,1910,Academic and Professional Development I,0,,T23 (2436),We 06:00PM - 06:50PM,TBA,"WONG, Man Hoi",,> Classes held in Room 2128A
ELEC,1910,Academic and Professional Development I,0,,T24 (2437),We 06:00PM - 06:50PM,TBA,"WOO, Kam Tim",,> Classes held in Room 2128A
ELEC,1910,Academic and Professional Development I,0,,T25 (2438),We 06:00PM - 06:50PM,"Rm 2128B, Lift 19 (28)","XIE, Yuan",,
ELEC,1910,Academic and Professional Development I,0,,T26 (2439),We 06:00PM - 06:50PM,TBA,"YANG, Yansong",,> Classes held in Room 2128B
ELEC,1910,Academic and Professional Development I,0,,T27 (2440),We 06:00PM - 06:50PM,TBA,"YU, Weichuan",,> Classes held in Room 2128B
ELEC,1910,Academic and Professional Development I,0,,T28 (2441),We 06:00PM - 06:50PM,"Rm 2128C, Lift 19 (28)","YUE, Chik Patrick",,
ELEC,1910,Academic and Professional Development I,0,,T29 (2442),We 06:00PM - 06:50PM,TBA,"ZHANG, Fumin",,> Classes held in Room 2128C
ELEC,1910,Academic and Professional Development I,0,,T30 (2443),We 06:00PM - 06:50PM,TBA,"ZHANG, Weijia",,> Classes held in Room 2128C
ELEC,1910,Academic and Professional Development I,0,,T31 (4491),We 06:00PM - 06:50PM,TBA,"ZHANG, Yihan",,
ELEC,1910,Academic and Professional Development I,0,,T32 (4492),We 06:00PM - 06:50PM,TBA,"ZHENG, Lizhong",,
ELEC,2100,Signals and Systems,4,,L1 (2444),MoWe 10:30AM - 11:50AM,"Rm 2464, Lift 25-26 (122)","MIAO, Wenchao",,
ELEC,2100,Signals and Systems,4,,L2 (2446),TuTh 01:30PM - 02:50PM,"Rm 2407, Lift 17-18 (126)","WONG, Kai Sun Albert",,
ELEC,2100,Signals and Systems,4,,T1 (2453),Fr 03:00PM - 03:50PM,"Rm 2304, Lift 17-18 (76)","MIAO, Wenchao WONG, Kai Sun Albert",,
ELEC,2100,Signals and Systems,4,,T2 (2455),Mo 04:30PM - 05:20PM,"Rm 6555, Lift 29-30 (88)","MIAO, Wenchao WONG, Kai Sun Albert",,
ELEC,2100,Signals and Systems,4,,T3 (2456),Fr 10:30AM - 11:20AM,"Rm 2406, Lift 17-18 (76)","MIAO, Wenchao WONG, Kai Sun Albert",,
ELEC,2100,Signals and Systems,4,,LA1 (2448),Fr 12:30PM - 01:20PM,"Rm 4225C, Lift 23, 24","MIAO, Wenchao WONG, Kai Sun Albert",,
ELEC,2100,Signals and Systems,4,,LA2 (2450),Fr 09:00AM - 09:50AM,"Rm 4225C, Lift 23, 24","MIAO, Wenchao WONG, Kai Sun Albert",,
ELEC,2100,Signals and Systems,4,,LA3 (2451),We 09:00AM - 09:50AM,"Rm 4225C, Lift 23, 24","MIAO, Wenchao WONG, Kai Sun Albert",,
ELEC,2100,Signals and Systems,4,,LA4 (2452),Th 04:30PM - 05:20PM,"Rm 4225C, Lift 23, 24","MIAO, Wenchao WONG, Kai Sun Albert",,
ELEC,2350,Introduction to Computer Organization and Design,4,,L1 (2457),WeFr 04:30PM - 05:50PM,"G012, LSK Bldg (199)","XIE, Zhiyao",,
ELEC,2350,Introduction to Computer Organization and Design,4,,T1 (2463),Th 04:30PM - 05:20PM,"Rm 5583, Lift 29-30 (80)","XIE, Zhiyao",,
ELEC,2350,Introduction to Computer Organization and Design,4,,T2 (2465),Fr 06:00PM - 06:50PM,"G009A, CYT Bldg (80)","XIE, Zhiyao",,
ELEC,2350,Introduction to Computer Organization and Design,4,,LA1 (2459),Fr 10:30AM - 12:20PM,"Rm 4225C, Lift 23, 24","XIE, Zhiyao",,
ELEC,2350,Introduction to Computer Organization and Design,4,,LA2 (2461),Mo 06:00PM - 07:50PM,"Rm 4225C, Lift 23, 24","XIE, Zhiyao",,
ELEC,2350,Introduction to Computer Organization and Design,4,,LA3 (2462),Th 10:30AM - 12:20PM,"Rm 4225C, Lift 23, 24","XIE, Zhiyao",,
ELEC,2400,Electronic Circuits,4,,L1 (2466),MoWe 09:00AM - 10:20AM,"Rm 2407, Lift 17-18 (126)","ZHANG, Weijia",,
ELEC,2400,Electronic Circuits,4,,L2 (2468),MoWe 12:00PM - 01:20PM,"Rm 2407, Lift 17-18 (126)","LIN, Yen Hung",,
ELEC,2400,Electronic Circuits,4,,T1 (2476),We 03:00PM - 03:50PM,"Rm 2304, Lift 17-18 (76)","LIN, Yen Hung ZHANG, Weijia",,
ELEC,2400,Electronic Circuits,4,,T2 (2478),We 05:00PM - 05:50PM,"Rm 6555, Lift 29-30 (88)","LIN, Yen Hung ZHANG, Weijia",,
ELEC,2400,Electronic Circuits,4,,T3 (2479),Fr 12:30PM - 01:20PM,"Rm 1527, Lift 22 (74)","LIN, Yen Hung ZHANG, Weijia",,
ELEC,2400,Electronic Circuits,4,,T4 (2480),Mo 10:30AM - 11:20AM,"Rm 5404, Lift 17-18 (93)","LIN, Yen Hung ZHANG, Weijia",,
ELEC,2400,Electronic Circuits,4,,LA1 (2470),Tu 09:00AM - 11:50AM,"Rm 2133, Lift 19, 21, 22","LIN, Yen Hung ZHANG, Weijia",,
ELEC,2400,Electronic Circuits,4,,LA2 (2472),Th 09:00AM - 11:50AM,"Rm 2133, Lift 19, 21, 22","LIN, Yen Hung ZHANG, Weijia",,
ELEC,2400,Electronic Circuits,4,,LA3 (2473),Fr 09:00AM - 11:50AM,"Rm 2133, Lift 19, 21, 22","LIN, Yen Hung ZHANG, Weijia",,
ELEC,2400,Electronic Circuits,4,,LA4 (2474),Mo 03:00PM - 05:50PM,"Rm 2133, Lift 19, 21, 22","LIN, Yen Hung ZHANG, Weijia",,
ELEC,2400,Electronic Circuits,4,,LA5 (2475),Tu 05:00PM - 07:50PM,"Rm 2133, Lift 19, 21, 22","LIN, Yen Hung ZHANG, Weijia",,
ELEC,2420,Basic Electronics,3,,L1 (2481),MoWe 12:00PM - 01:20PM,"LTL, CYT Bldg (354)","SRIVASTAVA, Abhishek Kumar",,
ELEC,2420,Basic Electronics,3,,LA1 (2483),Fr 05:30PM - 07:20PM,"Rm 2133, Lift 19, 21, 22","SRIVASTAVA, Abhishek Kumar",,
ELEC,2420,Basic Electronics,3,,LA2 (2485),Tu 03:00PM - 04:50PM,"Rm 2133, Lift 19, 21, 22","SRIVASTAVA, Abhishek Kumar",,
ELEC,2420,Basic Electronics,3,,LA3 (2486),Fr 03:00PM - 04:50PM,"Rm 2133, Lift 19, 21, 22","SRIVASTAVA, Abhishek Kumar",,
ELEC,2420,Basic Electronics,3,,LA4 (2487),Mo 06:00PM - 07:50PM,"Rm 2133, Lift 19, 21, 22","SRIVASTAVA, Abhishek Kumar",,
ELEC,2600,Probability and Random Processes in Engineering,4,,L1 (2488),WeFr 01:30PM - 02:50PM,Lecture Theater J (300),"QIAN, Jun",,
ELEC,2600,Probability and Random Processes in Engineering,4,,T1 (2490),Th 03:00PM - 03:50PM,"Rm 6555, Lift 29-30 (88)","QIAN, Jun",,
ELEC,2600,Probability and Random Processes in Engineering,4,,T2 (2492),Th 09:30AM - 10:20AM,"G009B, CYT Bldg (70)","QIAN, Jun",,
ELEC,2600,Probability and Random Processes in Engineering,4,,T3 (2493),We 10:30AM - 11:20AM,"Rm 5404, Lift 17-18 (93)","QIAN, Jun",,
ELEC,2600,Probability and Random Processes in Engineering,4,,T4 (2494),We 03:00PM - 03:50PM,"Rm 1410, Lift 25-26 (60)","QIAN, Jun",,
ELEC,2910,Academic and Professional Development II,0,,T01 (2495),We 06:00PM - 06:50PM,TBA,"CHAN, Mansun",,> Classes held in Room 2126A
ELEC,2910,Academic and Professional Development II,0,,T02 (2496),We 06:00PM - 06:50PM,TBA,"TAN, Ping",,> Classes held in Room 2126A
ELEC,2910,Academic and Professional Development II,0,,T03 (2497),We 06:00PM - 06:50PM,TBA,"FAN, Zhiyong",,> Classes held in Room 2126A
ELEC,2910,Academic and Professional Development II,0,,T04 (2498),We 06:00PM - 06:50PM,TBA,"GUAN, Isabel",,> Classes held in Room 2126B
ELEC,2910,Academic and Professional Development II,0,,T05 (2499),We 06:00PM - 06:50PM,TBA,"BEN AYED, Ahmed",,> Classes held in Room 2126B
ELEC,2910,Academic and Professional Development II,0,,T06 (2500),We 06:00PM - 06:50PM,TBA,"LAU, Vincent Kin Nang",,> Classes held in Room 2126B
ELEC,2910,Academic and Professional Development II,0,,T07 (2501),We 06:00PM - 06:50PM,TBA,"LIN, Yen Hung",,> Classes held in Room 2126C
ELEC,2910,Academic and Professional Development II,0,,T08 (2502),We 06:00PM - 06:50PM,TBA,"LUONG, Howard Cam",,> Classes held in Room 2126C
ELEC,2910,Academic and Professional Development II,0,,T09 (2503),We 06:00PM - 06:50PM,TBA,"MIAO, Wenchao",,> Classes held in Room 2126C
ELEC,2910,Academic and Professional Development II,0,,T10 (2504),We 06:00PM - 06:50PM,TBA,"MOW, Wai Ho",,> Classes held in Room 2126D
ELEC,2910,Academic and Professional Development II,0,,T11 (2505),We 06:00PM - 06:50PM,TBA,"MURCH, Ross",,> Classes held in Room 2126D
ELEC,2910,Academic and Professional Development II,0,,T12 (2506),We 06:00PM - 06:50PM,TBA,"NEYTS, Kristiaan",,> Classes held in Room 2126D
ELEC,2910,Academic and Professional Development II,0,,T13 (2507),We 06:00PM - 06:50PM,TBA,"PAN, Ling",,> Classes held in Room 2127A
ELEC,2910,Academic and Professional Development II,0,,T14 (2508),We 06:00PM - 06:50PM,TBA,"PEREZ PALOMAR, Daniel",,> Classes held in Room 2127A
ELEC,2910,Academic and Professional Development II,0,,T15 (2509),We 06:00PM - 06:50PM,TBA,"POON, Andrew Wing On",,> Classes held in Room 2127A
ELEC,2910,Academic and Professional Development II,0,,T16 (2510),We 06:00PM - 06:50PM,TBA,"QU, Jianan",,> Classes held in Room 2127B
ELEC,2910,Academic and Professional Development II,0,,T17 (2511),We 06:00PM - 06:50PM,TBA,"SHAO, Qiming",,> Classes held in Room 2127B
ELEC,2910,Academic and Professional Development II,0,,T18 (2512),We 06:00PM - 06:50PM,TBA,"SHEN, Yajing",,> Classes held in Room 2127B
ELEC,2910,Academic and Professional Development II,0,,T19 (2513),We 06:00PM - 06:50PM,TBA,"SHI, Ling",,> Classes held in Room 2127C
ELEC,2910,Academic and Professional Development II,0,,T20 (2514),We 06:00PM - 06:50PM,TBA,"SRIVASTAVA, Abhishek Kumar",,> Classes held in Room 2127C
ELEC,2910,Academic and Professional Development II,0,,T21 (2515),We 06:00PM - 06:50PM,TBA,"WANG, Ping",,> Classes held in Room 2127C
ELEC,2910,Academic and Professional Development II,0,,T22 (2516),We 06:00PM - 06:50PM,TBA,"WANG, Yiwen",,> Classes held in Room 2128A
ELEC,2910,Academic and Professional Development II,0,,T23 (2517),We 06:00PM - 06:50PM,TBA,"WONG, Man Hoi",,> Classes held in Room 2128A
ELEC,2910,Academic and Professional Development II,0,,T24 (2518),We 06:00PM - 06:50PM,TBA,"WOO, Kam Tim",,> Classes held in Room 2128A
ELEC,2910,Academic and Professional Development II,0,,T25 (2519),We 06:00PM - 06:50PM,TBA,"XIE, Yuan",,> Classes held in Room 2128B
ELEC,2910,Academic and Professional Development II,0,,T26 (2520),We 06:00PM - 06:50PM,TBA,"YANG, Yansong",,> Classes held in Room 2128B
ELEC,2910,Academic and Professional Development II,0,,T27 (2521),We 06:00PM - 06:50PM,TBA,"YU, Weichuan",,> Classes held in Room 2128B
ELEC,2910,Academic and Professional Development II,0,,T28 (2522),We 06:00PM - 06:50PM,TBA,"YUE, Chik Patrick",,> Classes held in Room 2128C
ELEC,2910,Academic and Professional Development II,0,,T29 (2523),We 06:00PM - 06:50PM,TBA,"ZHANG, Fumin",,> Classes held in Room 2128C
ELEC,2910,Academic and Professional Development II,0,,T30 (2524),We 06:00PM - 06:50PM,TBA,"ZHANG, Weijia",,> Classes held in Room 2128C
ELEC,2910,Academic and Professional Development II,0,,T31 (4493),We 06:00PM - 06:50PM,TBA,"ZHANG, Yihan",,
ELEC,2910,Academic and Professional Development II,0,,T32 (4494),We 06:00PM - 06:50PM,TBA,"GAO, Liuqing",,
ELEC,2910,Academic and Professional Development II,0,,T33 (4495),We 06:00PM - 06:50PM,TBA,"WANG, Zixin",,
ELEC,2910,Academic and Professional Development II,0,,T34 (4496),We 06:00PM - 06:50PM,TBA,"QIAN, Jun",,
ELEC,2910,Academic and Professional Development II,0,,T35 (4497),We 06:00PM - 06:50PM,TBA,"CHENG, Yan",,
ELEC,2910,Academic and Professional Development II,0,,T36 (4498),We 06:00PM - 06:50PM,TBA,"ZHENG, Lizhong",,
ELEC,2991,Industrial Experience (Electronic Engineering),0,,R1 (2525),TBA,TBA,TBA,,Instructor Consent Required
ELEC,3120,Computer Communication Networks,3,,L1 (2526),Mo 01:30PM - 02:50PM,"LTL, CYT Bldg (354)","MENG, Zili",,
ELEC,3120,Computer Communication Networks,3,,T1 (2528),Mo 03:00PM - 03:50PM,"Rm 5583, Lift 29-30 (80)","MENG, Zili",,
ELEC,3120,Computer Communication Networks,3,,T2 (2530),Fr 03:00PM - 03:50PM,"Rm 2504, Lift 25-26 (84)","MENG, Zili",,
ELEC,3200,"System Modeling, Analysis and Control",4,,L1 (2531),TuTh 01:30PM - 02:50PM,"Rm 2463, Lift 25-26 (42)","SHI, Ling",,
ELEC,3200,"System Modeling, Analysis and Control",4,,LA1 (2533),Mo 01:30PM - 04:20PM,"Rm 3119, Lift 22","SHI, Ling",,
ELEC,3200,"System Modeling, Analysis and Control",4,,LA2 (2535),Tu 09:00AM - 11:50AM,"Rm 3119, Lift 22","SHI, Ling",,
ELEC,3300,Introduction to Embedded Systems,4,,L1 (2536),TuTh 12:00PM - 01:20PM,"Rm 2306, Lift 17-18 (111)","WOO, Kam Tim",,
ELEC,3300,Introduction to Embedded Systems,4,,T1 (2542),We 03:00PM - 04:20PM,"Rm 2463, Lift 25-26 (42)","WOO, Kam Tim",,
ELEC,3300,Introduction to Embedded Systems,4,,T2 (2544),Tu 03:00PM - 04:20PM,"Rm 6591, Lift 31-32 (88)","WOO, Kam Tim",,
ELEC,3300,Introduction to Embedded Systems,4,,T3 (2545),Tu 04:30PM - 05:50PM,"Rm 4579, Lift 27-28 (60)","WOO, Kam Tim",,
ELEC,3300,Introduction to Embedded Systems,4,,LA1 (2538),Mo 06:00PM - 07:50PM,"Rm 3115, Lift 19, 22","WOO, Kam Tim",,
ELEC,3300,Introduction to Embedded Systems,4,,LA2 (2540),Th 03:00PM - 04:50PM,"Rm 3115, Lift 19, 22","WOO, Kam Tim",,
ELEC,3300,Introduction to Embedded Systems,4,,LA3 (2541),Fr 06:00PM - 07:50PM,"Rm 3115, Lift 19, 22","WOO, Kam Tim",,
ELEC,3310,Digital Fundamentals and System Design,4,,L1 (2546),Mo 01:30PM - 02:50PM,"G009A, CYT Bldg (80)","MIAO, Wenchao",,
ELEC,3310,Digital Fundamentals and System Design,4,,T1 (2551),Th 06:00PM - 06:50PM,"Rm 5402, Lift 17-18 (43)","MIAO, Wenchao",,
ELEC,3310,Digital Fundamentals and System Design,4,,T2 (2553),We 12:00PM - 12:50PM,"Rm 2504, Lift 25-26 (84)","MIAO, Wenchao",,
ELEC,3310,Digital Fundamentals and System Design,4,,LA1 (2548),Fr 10:30AM - 12:20PM,"Rm 3115, Lift 19, 22","MIAO, Wenchao",,
ELEC,3310,Digital Fundamentals and System Design,4,,LA2 (2550),Tu 01:00PM - 02:50PM,"Rm 3115, Lift 19, 22","MIAO, Wenchao",,
ELEC,3400,Introduction to Integrated Circuits and Systems,4,,L1 (2554),TuTh 09:00AM - 10:20AM,Lecture Theater K (106),"YUE, Chik Patrick",,
ELEC,3400,Introduction to Integrated Circuits and Systems,4,,T1 (2560),Tu 05:30PM - 06:20PM,"Rm 1027, LSK Bldg (40)","YUE, Chik Patrick",,
ELEC,3400,Introduction to Integrated Circuits and Systems,4,,T2 (2562),Fr 04:30PM - 05:20PM,"Rm 2504, Lift 25-26 (84)","YUE, Chik Patrick",,
ELEC,3400,Introduction to Integrated Circuits and Systems,4,,LA1 (2556),Tu 03:30PM - 05:20PM,"Rm 3111, Lift 19, 22","YUE, Chik Patrick",,
ELEC,3400,Introduction to Integrated Circuits and Systems,4,,LA2 (2558),Mo 02:00PM - 03:50PM,"Rm 3111, Lift 19, 22","YUE, Chik Patrick",,
ELEC,3400,Introduction to Integrated Circuits and Systems,4,,LA3 (2559),Mo 11:30AM - 01:20PM,"Rm 3111, Lift 19, 22","YUE, Chik Patrick",,
ELEC,3410,CMOS VLSI Design,3,,L1 (2563),Mo 04:00PM - 05:50PM,"Rm 5402, Lift 17-18 (43)","SARFRAZ, Khawar",,
ELEC,3410,CMOS VLSI Design,3,,LA1 (2564),Th 01:30PM - 04:20PM,"Rm 4225C, Lift 23, 24","SARFRAZ, Khawar",,
ELEC,3500,Integrated Circuit Devices,4,[BLD] Blended learning [SPO] Self-paced online delivery,L1 (1071),TuTh 10:30AM - 11:50AM,"Rm 5583, Lift 29-30 (80)","CHAN, Mansun",,> The class is delivered in a blended learning mode
ELEC,3500,Integrated Circuit Devices,4,[BLD] Blended learning [SPO] Self-paced online delivery,LA1 (1073),Tu 01:30PM - 03:20PM,"Rm 3112, Lift 19","CHAN, Mansun",,
ELEC,3500,Integrated Circuit Devices,4,[BLD] Blended learning [SPO] Self-paced online delivery,LA2 (1075),Mo 02:00PM - 03:50PM,"Rm 3112, Lift 19","CHAN, Mansun",,
ELEC,3500,Integrated Circuit Devices,4,[BLD] Blended learning [SPO] Self-paced online delivery,LA3 (1076),Mo 11:30AM - 01:20PM,"Rm 3112, Lift 19","CHAN, Mansun",,
ELEC,3500,Integrated Circuit Devices,4,[BLD] Blended learning [SPO] Self-paced online delivery,LA4 (1077),Mo 09:00AM - 10:50AM,"Rm 3112, Lift 19","CHAN, Mansun",,
ELEC,3810,Data Science for Neural Engineering,3,,L1 (2565),MoWe 12:00PM - 01:20PM,"Rm 2463, Lift 25-26 (42)","WANG, Yiwen",,
ELEC,3810,Data Science for Neural Engineering,3,,T1 (2566),TBA,TBA,"WANG, Yiwen",,
ELEC,3910,Academic and Professional Development III,0,,T01 (2567),We 06:00PM - 06:50PM,TBA,"CHAN, Mansun",,> Classes held in Room 2126A
ELEC,3910,Academic and Professional Development III,0,,T02 (2568),We 06:00PM - 06:50PM,TBA,"TAN, Ping",,> Classes held in Room 2126A
ELEC,3910,Academic and Professional Development III,0,,T03 (2569),We 06:00PM - 06:50PM,TBA,"FAN, Zhiyong",,> Classes held in Room 2126A
ELEC,3910,Academic and Professional Development III,0,,T04 (2570),We 06:00PM - 06:50PM,TBA,"GUAN, Isabel",,> Classes held in Room 2126B
ELEC,3910,Academic and Professional Development III,0,,T05 (2571),We 06:00PM - 06:50PM,TBA,"BEN AYED, Ahmed",,> Classes held in Room 2126B
ELEC,3910,Academic and Professional Development III,0,,T06 (2572),We 06:00PM - 06:50PM,TBA,"LAU, Vincent Kin Nang",,> Classes held in Room 2126B
ELEC,3910,Academic and Professional Development III,0,,T07 (2573),We 06:00PM - 06:50PM,TBA,"LIN, Yen Hung",,> Classes held in Room 2126C
ELEC,3910,Academic and Professional Development III,0,,T08 (2574),We 06:00PM - 06:50PM,TBA,"LUONG, Howard Cam",,> Classes held in Room 2126C
ELEC,3910,Academic and Professional Development III,0,,T09 (2575),We 06:00PM - 06:50PM,TBA,"MIAO, Wenchao",,> Classes held in Room 2126C
ELEC,3910,Academic and Professional Development III,0,,T10 (2576),We 06:00PM - 06:50PM,TBA,"MOW, Wai Ho",,> Classes held in Room 2126D
ELEC,3910,Academic and Professional Development III,0,,T11 (2577),We 06:00PM - 06:50PM,TBA,"MURCH, Ross",,> Classes held in Room 2126D
ELEC,3910,Academic and Professional Development III,0,,T12 (2578),We 06:00PM - 06:50PM,TBA,"NEYTS, Kristiaan",,> Classes held in Room 2126D
ELEC,3910,Academic and Professional Development III,0,,T13 (2579),We 06:00PM - 06:50PM,TBA,"PAN, Ling",,> Classes held in Room 2127A
ELEC,3910,Academic and Professional Development III,0,,T14 (2580),We 06:00PM - 06:50PM,TBA,"PEREZ PALOMAR, Daniel",,> Classes held in Room 2127A
ELEC,3910,Academic and Professional Development III,0,,T15 (2581),We 06:00PM - 06:50PM,TBA,"QU, Jianan",,> Classes held in Room 2127A
ELEC,3910,Academic and Professional Development III,0,,T16 (2582),We 06:00PM - 06:50PM,TBA,"SHAO, Qiming",,> Classes held in Room 2127B
ELEC,3910,Academic and Professional Development III,0,,T17 (2583),We 06:00PM - 06:50PM,TBA,"SHEN, Yajing",,> Classes held in Room 2127B
ELEC,3910,Academic and Professional Development III,0,,T18 (2584),We 06:00PM - 06:50PM,TBA,"SHI, Ling",,> Classes held in Room 2127B
ELEC,3910,Academic and Professional Development III,0,,T19 (2585),We 06:00PM - 06:50PM,TBA,"SRIVASTAVA, Abhishek Kumar",,> Classes held in Room 2127C
ELEC,3910,Academic and Professional Development III,0,,T20 (2586),We 06:00PM - 06:50PM,TBA,"WANG, Ping",,> Classes held in Room 2127C
ELEC,3910,Academic and Professional Development III,0,,T21 (2587),We 06:00PM - 06:50PM,TBA,"WANG, Yiwen",,> Classes held in Room 2127C
ELEC,3910,Academic and Professional Development III,0,,T22 (2588),We 06:00PM - 06:50PM,TBA,"WONG, Man Hoi",,> Classes held in Room 2128A
ELEC,3910,Academic and Professional Development III,0,,T23 (2589),We 06:00PM - 06:50PM,TBA,"WOO, Kam Tim",,> Classes held in Room 2128A
ELEC,3910,Academic and Professional Development III,0,,T24 (2590),We 06:00PM - 06:50PM,TBA,"XIE, Yuan",,> Classes held in Room 2128A
ELEC,3910,Academic and Professional Development III,0,,T25 (2591),We 06:00PM - 06:50PM,TBA,"YANG, Yansong",,> Classes held in Room 2128B
ELEC,3910,Academic and Professional Development III,0,,T26 (2592),We 06:00PM - 06:50PM,TBA,"YU, Weichuan",,> Classes held in Room 2128B
ELEC,3910,Academic and Professional Development III,0,,T27 (2593),We 06:00PM - 06:50PM,TBA,"YUE, Chik Patrick",,> Classes held in Room 2128B
ELEC,3910,Academic and Professional Development III,0,,T28 (2594),We 06:00PM - 06:50PM,TBA,"ZHANG, Fumin",,> Classes held in Room 2128C
ELEC,3910,Academic and Professional Development III,0,,T29 (2595),We 06:00PM - 06:50PM,TBA,"ZHANG, Weijia",,> Classes held in Room 2128C
ELEC,3910,Academic and Professional Development III,0,,T30 (2596),We 06:00PM - 06:50PM,TBA,"ZHANG, Yihan",,> Classes held in Room 2128C
ELEC,4010U,Error-Correcting Codes and Basic Information Theory,3,,L1 (2597),Mo 03:00PM - 04:20PM,"Rm 4503, Lift 25-26 (64)","MOW, Wai Ho",,
ELEC,4010U,Error-Correcting Codes and Basic Information Theory,3,,T1 (2598),Fr 04:30PM - 05:20PM,"Rm 1409, Lift 25-26 (60)","MOW, Wai Ho",,
ELEC,4110,Digital Communications and Wireless Systems,3,,L1 (2599),TuTh 09:00AM - 10:20AM,"Rm 1409, Lift 25-26 (60)","LAU, Vincent Kin Nang",,
ELEC,4110,Digital Communications and Wireless Systems,3,,T1 (2600),Th 06:00PM - 06:50PM,"G009A, CYT Bldg (80)","LAU, Vincent Kin Nang",,
ELEC,4220,"Robotics: Modeling, Control and Planning",3,,L1 (2601),Th 12:00PM - 01:50PM,"Rm 4502, Lift 25-26 (60)","ZHANG, Fumin",,
ELEC,4220,"Robotics: Modeling, Control and Planning",3,,T1 (2603),Mo 06:00PM - 06:50PM,"Rm 5560, Lift 27-28 (30)","ZHANG, Fumin",,
ELEC,4220,"Robotics: Modeling, Control and Planning",3,,LA1 (2602),Fr 12:00PM - 01:50PM,"Rm 2133, Lift 19, 21, 22","ZHANG, Fumin",,
ELEC,4240,Deep Learning in Computer Vision,3,,L1 (2604),TuTh 04:30PM - 05:50PM,"Rm 2502, Lift 25-26 (120)","CHEN, Qifeng",,
ELEC,4240,Deep Learning in Computer Vision,3,,LA1 (2605),Mo 05:00PM - 05:50PM,"Rm 2502, Lift 25-26 (120)",TBA,,
ELEC,4320,FPGA-based Design: From Theory to Practice,3,,L1 (2606),Mo 10:00AM - 11:50AM,"G009B, CYT Bldg (70)","ZHANG, Wei",,
ELEC,4320,FPGA-based Design: From Theory to Practice,3,,LA1 (2608),We 09:00AM - 11:50AM,"Rm 3115, Lift 19, 22","ZHANG, Wei",,
ELEC,4320,FPGA-based Design: From Theory to Practice,3,,LA2 (2610),Th 10:30AM - 01:20PM,"Rm 3115, Lift 19, 22","ZHANG, Wei",,
ELEC,4420,Analogue Integrated Circuits Design and Analysis,4,,L1 (2611),WeFr 01:30PM - 02:50PM,"Rm 5508, Lift 25-26 (30)","ZHANG, Yihan",,
ELEC,4420,Analogue Integrated Circuits Design and Analysis,4,,T1 (2612),Mo 06:00PM - 06:50PM,"Rm 5506, Lift 25-26 (30)","ZHANG, Yihan",,
ELEC,4430,Integrated Power Electronics,3,,L1 (2613),MoWe 10:30AM - 11:50AM,"Rm 1410, Lift 25-26 (60)","WANG, Ping",,
ELEC,4450,Practical Considerations of Analog Integrated Circuit Design,3,,L1 (2614),TuTh 04:30PM - 05:50PM,"Rm 2126A, Lift 19 (28)","MAN, Tsz Yin",,
ELEC,4450,Practical Considerations of Analog Integrated Circuit Design,3,,LA1 (2615),Th 06:00PM - 08:50PM,"Rm 4225C, Lift 23, 24","MAN, Tsz Yin",,
ELEC,4530,Fundamentals of Photovoltaic and Renewable Energy,3,,L1 (2616),Fr 01:30PM - 03:20PM,"Rm 5566, Lift 27-28 (24)","FAN, Zhiyong",,
ELEC,4530,Fundamentals of Photovoltaic and Renewable Energy,3,,T1 (2617),Mo 09:30AM - 10:20AM,"Rm 5566, Lift 27-28 (24)","FAN, Zhiyong",,
ELEC,4720,Business for Electronic Engineers,3,,L1 (2618),MoWe 12:00PM - 01:20PM,"Rm 4580, Lift 27-28 (83)","WONG, Kai Sun Albert",,
ELEC,4810,Introduction to Biosensors and Bioinstrumentation,4,,L1 (2619),Mo 01:30PM - 02:50PM,"Rm 5508, Lift 25-26 (30)","QU, Jianan",,
ELEC,4810,Introduction to Biosensors and Bioinstrumentation,4,,LA1 (2621),Tu 07:00PM - 08:50PM,"Rm 3111, Lift 19, 22","QU, Jianan",,
ELEC,4810,Introduction to Biosensors and Bioinstrumentation,4,,LA2 (2623),Th 09:30AM - 11:20AM,"Rm 3111, Lift 19, 22","QU, Jianan",,
ELEC,4810,Introduction to Biosensors and Bioinstrumentation,4,,LA3 (2624),Th 07:00PM - 08:50PM,"Rm 3111, Lift 19, 22","QU, Jianan",,
ELEC,4900,Final Year Design Project,6,,R1 (2625),TBA,TBA,TBA,,> The credit load will usually be spread in the following pattern: Summer: 1; Fall: 2; Spring: 3
ELEC,4901,Final Year Thesis,6,,R1 (2626),TBA,TBA,TBA,,> The credit load will usually be spread in the following pattern: Summer: 1; Fall: 2; Spring: 3
ELEC,4910,Co-op Program,6,,R1 (2627),TBA,TBA,TBA,,> The credit load will usually be spread in the following pattern: Fall: 3; Spring: 3 Instructor Consent Required
ELEC,4940C,Independent Study,1,,R1 (4539),TBA,TBA,TBA,,Instructor Consent Required
ELEC,5010,Introduction to the Design & Implementation of Micro-Systems,3,,L1 (1209),Fr 03:00PM - 05:50PM,"Rm 2126A, Lift 19 (28)","YOBAS, Levent",,
ELEC,5010,Introduction to the Design & Implementation of Micro-Systems,3,,LA1 (1210),Th 04:00PM - 04:50PM,"Rm 3112, Lift 19","YOBAS, Levent",,
ELEC,5020,Optical Materials and Applications,3,,L1 (1211),Tu 10:30AM - 12:20PM,"Rm 5566, Lift 27-28 (24)","NEYTS, Kristiaan",,
ELEC,5020,Optical Materials and Applications,3,,T1 (1212),Tu 12:30PM - 01:20PM,"Rm 5566, Lift 27-28 (24)","NEYTS, Kristiaan",,
ELEC,5040,Advanced Analog IC Analysis and Design,3,,L1 (1213),Mo 03:00PM - 05:50PM,"Rm 2612A, Lift 31-32 (29)","LUONG, Howard Cam",,
ELEC,5080,Integrated-Circuit Fabrication Laboratory,4,,L1 (1214),Tu 10:00AM - 11:50AM,"Rm 1026, LSK Bldg (28)","SHAO, Qiming",,
ELEC,5080,Integrated-Circuit Fabrication Laboratory,4,,LA1 (1215),Fr 09:00AM - 02:50PM,"Rm 3112, Lift 19","SHAO, Qiming",,
ELEC,5090,Advanced Photonics Technologies,3,,L1 (1216),WeFr 04:30PM - 05:50PM,"Rm 5566, Lift 27-28 (24)","POON, Andrew Wing On",,
ELEC,5130,RF Microsystems: Devices and Applications,3,,L1 (1218),Fr 03:00PM - 05:50PM,"Rm 4579, Lift 27-28 (60)","YANG, Yansong",,
ELEC,5170,Advanced AI Chips and Systems,3,,L1 (1219),Tu 03:00PM - 05:50PM,"Rm 5566, Lift 27-28 (24)","TU, Fengbin",,
ELEC,5180,RF/Microwave Circuit Design and Measurement,4,,L1 (4557),Mo 03:00PM - 05:50PM,"Rm 5506, Lift 25-26 (30)","CHENG, Yan",,
ELEC,5180,RF/Microwave Circuit Design and Measurement,4,,LA1 (4558),We 10:30AM - 01:20PM,"Rm 3111, Lift 19, 22","CHENG, Yan",,
ELEC,5180,RF/Microwave Circuit Design and Measurement,4,,LA2 (4559),Th 12:00PM - 02:50PM,"Rm 3111, Lift 19, 22","CHENG, Yan",,
ELEC,5360,Principles of Digital Communications,3,,L1 (1220),Th 06:00PM - 08:50PM,"Rm 5566, Lift 27-28 (24)","WANG, Zixin",,
ELEC,5380,"Neural Data Representation, Generation, and Compression",3,,L1 (1221),Mo 03:00PM - 05:50PM,"Rm 5566, Lift 27-28 (24)","ZHANG, Jun",,
ELEC,5460,Stochastic Optimization for Wireless Systems and Federated-Learning,3,,L1 (1222),Tu 03:00PM - 05:50PM,"Rm 2610, Lift 31-32 (26)","LAU, Vincent Kin Nang",,
ELEC,5470,Convex Optimization,3,,L1 (1223),Mo 06:00PM - 08:50PM,"Rm 1032, LSK Bldg (45)","PEREZ PALOMAR, Daniel",,
ELEC,5621,Introduction to Biorobot: From Nature to Engineering,3,,L1 (1224),Fr 03:00PM - 05:50PM,"Rm 2610, Lift 31-32 (26)","SHEN, Yajing",,
ELEC,5690,Advanced Topics in Artificial Intelligence for Medical Image Analysis,3,,L1 (1225),Tu 09:00AM - 11:50AM,"Rm 2610, Lift 31-32 (26)","LI, Xiaomeng",,
ELEC,6900A,Independent Study,1,,R1 (4610),TBA,TBA,TBA,,
ELEC,6910J,Deep Reinforcement Learning,3,,L1 (1226),Fr 03:00PM - 05:50PM,"Rm 5508, Lift 25-26 (30)","PAN, Ling",,
ELEC,6910K,Advanced Computer Architecture for AI Systems,3,,L1 (1227),Mo 09:00AM - 11:50AM,"Rm 5506, Lift 25-26 (30)","XIE, Yuan",,
ELEC,6950A,Departmental Seminar,0,,L1 (1228),Mo 01:30PM - 02:50PM,"Rm 2503, Lift 25-26 (87)","SARFRAZ, Khawar WANG, Ping",,
ELEC,6950B,Departmental Seminar,0,,L1 (1229),Mo 01:30PM - 02:50PM,TBA,"SARFRAZ, Khawar WANG, Ping",,> Classes held in Room 2503
ELEC,6990,MPhil Thesis Research,0,,R1 (1230),TBA,TBA,TBA,,
ELEC,7990,Doctoral Thesis Research,0,,R1 (1231),TBA,TBA,TBA,,
EMIA,1901,Introduction to Smart City Development,3,Common Core (S&T) for 36-credit program Common Core (T) for 30-credit prog in 22-24 Common Core (T) for 30-credit prog in 25 Common Core (T) for 30-credit prog fr 26,L1 (2755),TuTh 10:30AM - 11:50AM,"Rm 6591, Lift 31-32 (88)","CHUN, Daniel",,
EMIA,2010A,Cross-disciplinary Seminar: Artificial Intelligence,0,,T1 (3028),Fr 06:00PM - 06:50PM,Lecture Theater A (401),TBA,,
EMIA,2010B,Cross-disciplinary Seminar: Digital Media and Creative Arts,0,,T1 (2756),We 06:00PM - 06:50PM,"Rm 5402, Lift 17-18 (43)","CHUN, Daniel",,
EMIA,2010C,Cross-disciplinary Seminar: Sustainability,0,,T1 (2757),Tu 06:00PM - 07:20PM,"Rm 1032, LSK Bldg (45)",TBA,,
EMIA,2020,Cross-disciplinary Design Thinking,3,[BLD] Blended learning [EXP] Experiential learning,L1 (3029),Tu 03:00PM - 05:50PM,"Rm 6580, Lift 27-28 (48)","ZHAI, Chengxing",,> The class is delivered in a blended learning mode and experiential learning mode > For students enrolled in extended major programs only
EMIA,2020,Cross-disciplinary Design Thinking,3,[BLD] Blended learning [EXP] Experiential learning,L2 (3030),Fr 06:00PM - 08:50PM,"Rm 1104, Acad Concourse (42)","CHUN, Daniel",,> The class is delivered in a blended learning mode and experiential learning mode > For students enrolled in extended major programs only
EMIA,2020,Cross-disciplinary Design Thinking,3,[BLD] Blended learning [EXP] Experiential learning,L3 (3031),We 03:00PM - 05:50PM,"Rm 1104, Acad Concourse (42)","ZHANG, Rong",,> The class is delivered in a blended learning mode and experiential learning mode > For students enrolled in extended major programs only
EMIA,2020,Cross-disciplinary Design Thinking,3,[BLD] Blended learning [EXP] Experiential learning,L4 (3032),Mo 03:00PM - 05:50PM,"Rm 1104, Acad Concourse (42)","ZHANG, Rong",,> The class is delivered in a blended learning mode and experiential learning mode > For students enrolled in extended major programs only
EMIA,2200,Introduction to Digital Media and Culture,3,,L1 (2758),We 06:00PM - 07:20PM,"Rm 6568, Lift 29-30","CHENG, Vennes",,
EMIA,2200,Introduction to Digital Media and Culture,3,,T1 (2759),Th 06:00PM - 07:20PM,"Rm 6568, Lift 29-30","CHENG, Vennes",,
EMIA,4110,Practical Machine Learning,3,,L1 (3033),TuTh 12:00PM - 01:20PM,"Rm 4503, Lift 25-26 (64)","HAN, Jun",,
EMIA,4110,Practical Machine Learning,3,,L2 (3034),TuTh 06:00PM - 07:20PM,"Rm 4503, Lift 25-26 (64)","HAN, Jun",,
EMIA,4500C,Make It Matter: Communication for Impact,3,,L1 (4529),Th 03:00PM - 05:50PM,"Rm 6580, Lift 27-28 (48)","ZHANG, Rong",,
EMIA,4500D,Infectious Disease Epidemiology and Data Science for Global Health,3,,L1 (2761),TuTh 03:00PM - 04:20PM,"Rm 2126A, Lift 19 (28)","LEUNG, Kathy Sze Man",,
EMIA,4990,Interdisciplinary Capstone Design,0,,R1 (3035),TBA,TBA,TBA,,
EMIA,4991,Interdisciplinary Capstone Project,3,,R1 (3036),TBA,TBA,"CHUN, Daniel HAN, Sirui",,Instructor Consent Required
EMIA,6500Q,Human-AI Interaction in the Age of Generative Media,3,,L1 (1270),We 12:00PM - 02:50PM,"Rm 5566, Lift 27-28 (24)","SONG, Yunya",,
ENEG,4920,Energy and Environmental Engineering Capstone Design,6,,T1 (2026),TBA,TBA,"LAKERVELD, Richard",,> The credit load will usually be spread in the following pattern: Fall: 3; Spring: 3 Instructor Consent Required
ENEG,4930,Energy and Environmental Engineering Thesis Research,6,,T1 (2027),TBA,TBA,"LAKERVELD, Richard",,> The credit load will usually be spread in the following pattern: Fall: 3; Spring: 3 Instructor Consent Required
ENEG,4940,Energy and Environmental Engineering Industrial Project,6,,T1 (2028),TBA,TBA,"LIU, Y.S. Marshal",,> The credit load will usually be spread in the following pattern: Fall: 3; Spring: 3 Instructor Consent Required
ENEG,4990,Academic and Professional Development II,0,,L1 (2029),Fr 12:00PM - 01:20PM,"Rm 1410, Lift 25-26 (60)","LIU, Y.S. Marshal WONG, Tsz Wai",,
ENEG,6010,Advanced Topics in Energy Technology,0,,T1 (1832),TBA,TBA,"SRIVASTAVA, Abhishek Kumar",,
ENGG,1050,Academic and Professional Development for Engineering + AI,1,,T1 (4353),Tu 12:00PM - 01:20PM,"Rm 5620, Lift 31-32 (70)","NGAN, Cody SO, Christine WANG, Yu-Hsing",,
ENGG,1050,Academic and Professional Development for Engineering + AI,1,,T2 (4354),Th 12:00PM - 01:20PM,"Rm 5620, Lift 31-32 (70)","NGAN, Cody SO, Christine WANG, Yu-Hsing",,
ENGG,1200,Engineering Team Design Experience,3,Common Core (S&T) for 36-credit program Common Core (SSC-S&T) for 36-credit program Common Core (T) for 30-credit prog in 22-24 Common Core (T) for 30-credit prog in 25 Common Core (T) for 30-credit prog fr 26,T1 (4355),Tu 01:30PM - 04:20PM,"Rm 6581, Lift 27-28","CHAN, Yui Bun CHONG, Nga Shun LAVIGNE, Paul David",,
ENGG,1300,Design Thinking for Health Innovation,3,Common Core (S&T) for 36-credit program Common Core (T) for 30-credit prog in 22-24 Common Core (T) for 30-credit prog in 25 Common Core (T) for 30-credit prog fr 26 [EXP] Experiential learning,T1 (4356),Tu 01:30PM - 04:20PM,"Rm 4219, Lift 19","ABEYNAYAKE, H.I. Malinda M.",,> The class is delivered in an experiential learning mode
ENGG,2010,Engineering Seminar Series,0,,T1 (4357),TBA,TBA,TBA,,
ENGG,2010,Engineering Seminar Series,0,,T2 (4358),TBA,TBA,TBA,,
ENGG,2800,SENG Cooperative Education Program,3,[EXP] Experiential learning,T1 (4359),TBA,TBA,"SIU, Wai Sze Grace",,> The class is delivered in an experiential learning mode Instructor Consent Required
ENGG,2900A,Community Services Project: Developing Leadership Through Service Learning,2,,T1 (4360),We 06:00PM - 07:50PM,"Rm 5620, Lift 31-32 (70)","LAM, Henry Hei Ning",,Instructor Consent Required
ENGG,2900H,Community Services Project: STEAM Project for the Community,2,,L1 (4361),TBA,TBA,"WOO, Kam Tim",,> The credit load will usually be spread in the following pattern: Summer: 1; Fall: 1 Instructor Consent Required
ENGG,2991F,Undergraduate Student-initiated Experiential Learning,1,,R1 (4362),TBA,TBA,"LIU, Y.S. Marshal",,Instructor Consent Required
ENGG,2992F,Undergraduate Student-initiated Experiential Learning,2,,R1 (4363),TBA,TBA,"LIU, Y.S. Marshal",,Instructor Consent Required
ENGG,2993F,Undergraduate Student-initiated Experiential Learning,3,,R1 (4364),TBA,TBA,"LIU, Y.S. Marshal",,Instructor Consent Required
ENGG,3960E,Robotics Special Project: Development of Robot Design Contest Course,3,,L1 (4608),TBA,TBA,"WOO, Kam Tim",,> The credit load will usually be spread in the following pattern: Fall: 1; Winter: 2 Instructor Consent Required
ENGG,4901,Integrated Final Year Project - First Major,3,,R1 (4365),TBA,TBA,TBA,,> The credit load will usually be spread in the following pattern: Fall: 2; Spring: 1 Instructor Consent Required
ENGG,4902,Integrated Final Year Project - Second Major,3,,R1 (4366),TBA,TBA,TBA,,> The credit load will usually be spread in the following pattern: Fall: 1; Spring: 2 Instructor Consent Required
ENGG,4903,Integrated Final Year Thesis - First Major,3,,R1 (4367),TBA,TBA,TBA,,> The credit load will usually be spread in the following pattern: Fall: 2; Spring: 1 Instructor Consent Required
ENGG,4904,Integrated Final Year Thesis - Second Major,3,,R1 (4368),TBA,TBA,TBA,,> The credit load will usually be spread in the following pattern: Fall: 1; Spring: 2 Instructor Consent Required
ENGG,5010,Scientific Communication for Research Postgraduate Students,3,,L1 (1833),Fr 10:30AM - 01:20PM,"Rm 5619, Lift 31-32 (60)","ZHOU, Catherine",,
ENGG,6780,Career Development for Engineering Research Students,1,,T1 (1834),TBA,TBA,"ZHOU, Catherine",,
ENTR,1001,Entrepreneurship 1001: Designing Your Future,3,Common Core (S&T) for 36-credit program Common Core (T) for 30-credit prog in 22-24 Common Core (T) for 30-credit prog in 25 Common Core (T) for 30-credit prog fr 26 [EXP] Experiential learning,L1 (2764),Mo 03:00PM - 04:20PM,"Rm 2302, Lift 17-18 (74)","AROKIARAJ, Aloysius Wilfred Raj",,> This class is delivered in a experiential learning mode
ENTR,3012,Tech startup and entrepreneurs ecosystem: growth and innovation,3,,L1 (2765),TuTh 04:30PM - 05:50PM,"Rm 5402, Lift 17-18 (43)","PUIG GARRIGO, Coral",,
ENTR,3013,Prototyping Skills for Entrepreneurs,3,,L1 (2766),Fr 09:00AM - 10:50AM,"Rm 4502, Lift 25-26 (60)","LI, Mitch LIU, Yuan TSUI, Chi Ying",,Instructor Consent Required
ENTR,3013,Prototyping Skills for Entrepreneurs,3,,LA1 (2767),Mo 01:30PM - 03:20PM,"Rm 4502, Lift 25-26 (60)","LI, Mitch TSUI, Chi Ying",,Instructor Consent Required
ENTR,3100,Industrial Landscape: Understanding the Elements to Start a Business,3,,L1 (2768),WeFr 04:30PM - 05:50PM,"Rm 5506, Lift 25-26 (30)","HUANG, Erwin",,
ENTR,4000F,Inventions to Impact: Venture Creation Lab,3,,L1 (2769),We 09:00AM - 11:50AM,"Rm 5560, Lift 27-28 (30)","CHUN, Daniel",,Instructor Consent Required
ENVR,1030,Environment and Health,3,Common Core (S&T) for 36-credit program Common Core (T) for 30-credit prog in 22-24 Common Core (SUS) for 30-credit prog in 25 Common Core (T) for 30-credit prog in 25 Common Core (SUS) for 30-credit prog fr 26 Common Core (T) for 30-credit prog fr 26,L1 (2770),TuTh 12:00PM - 01:20PM,"LG5202, Lift 10-12 (104)","YING, Qi",,
ENVR,1150,Climate Change Impacts and Extreme Weather Events,3,Common Core (S&T) for 36-credit program Common Core (S) for 30-credit prog in 22-24 Common Core (S) for 30-credit prog in 25 Common Core (SUS) for 30-credit prog in 25 Common Core (S) for 30-credit prog fr 26 Common Core (SUS) for 30-credit prog fr 26,L1 (2771),MoWe 10:30AM - 11:50AM,"LG5202, Lift 10-12 (104)","IM, Eun Soon",,
ENVR,1811,Environmental Management and Technology Study Trip I,1,,LA1 (2772),TBA,TBA,TBA,,Instructor Consent Required
ENVR,2001,Academic and Professional Development I,1,,L1 (2773),Tu 06:00PM - 07:20PM,"G002, CYT Bldg (126)","LAU, Pui Sang",,
ENVR,2010,Environmental Science Fundamentals,3,,L1 (2774),TuTh 09:00AM - 10:20AM,"Rm 4502, Lift 25-26 (60)","LAU, Pui Sang",,
ENVR,2020,Urban Air Pollution,3,Common Core (S&T) for 36-credit program Common Core (S) for 30-credit prog in 22-24 Common Core (S) for 30-credit prog in 25 Common Core (SUS) for 30-credit prog in 25 Common Core (S) for 30-credit prog fr 26 Common Core (SUS) for 30-credit prog fr 26,L1 (2775),MoWe 12:00PM - 01:20PM,"Rm 2306, Lift 17-18 (111)","GU, Dasa",,
ENVR,2030,Material and Energy Balance for Environmental Management,3,,L1 (2776),TuTh 10:30AM - 11:50AM,"Rm 1410, Lift 25-26 (60)","NING, Zhi",,
ENVR,2080,Circular Economy and Life Cycle Assessment,3,,L1 (2777),TuTh 04:30PM - 05:50PM,"Rm 1409, Lift 25-26 (60)","SAUERWEIN, Meike",,
ENVR,2090,Environmental Laboratory,3,,LA1 (2778),Mo 02:00PM - 05:50PM,"Rm 2611, Lift 31-32 (28)","LAU, Ngai Ting WANG, Zhe",,
ENVR,3001,Academic and Professional Development II,1,,L1 (2779),Tu 06:00PM - 07:20PM,"G002, CYT Bldg (126)","LAU, Pui Sang",,
ENVR,3010S,Nature-based Solutions,3,,L1 (4546),TuTh 03:00PM - 04:20PM,"Rm 4502, Lift 25-26 (60)","MINUTI, Jay Joan",,
ENVR,3110,Life Cycle Assessment for Sustainable Development,3,,L1 (2781),TuTh 12:00PM - 01:20PM,"Rm 2406, Lift 17-18 (76)","SAUERWEIN, Meike",,
ENVR,3110,Life Cycle Assessment for Sustainable Development,3,,T1 (2794),05-OCT-2026 - 21-NOV-2026 We 10:30AM - 11:50AM,"Rm 4402, Lift 17-18","SAUERWEIN, Meike",,
ENVR,3110,Life Cycle Assessment for Sustainable Development,3,,T2 (2796),05-OCT-2026 - 21-NOV-2026 We 01:30PM - 02:50PM,"Rm 4402, Lift 17-18","SAUERWEIN, Meike",,
ENVR,3110,Life Cycle Assessment for Sustainable Development,3,,T3 (2797),05-OCT-2026 - 21-NOV-2026 We 09:00AM - 10:20AM,"Rm 4402, Lift 17-18","SAUERWEIN, Meike",,
ENVR,3220,Energy Sources and Usage,3,[BLD] Blended learning,L1 (2783),MoWe 09:00AM - 10:20AM,"Rm 5620, Lift 31-32 (70)","DELINA, Laurence L.",,> The class is delivered in a blended learning mode
ENVR,4001,Academic and Professional Development III,1,,L1 (2784),Tu 06:00PM - 07:20PM,"G002, CYT Bldg (126)","LAU, Pui Sang",,
ENVR,4010D,Independent Study in Environment Issues,3,,R1 (4479),TBA,TBA,"CHAN, Jimmy Wai Man",,Instructor Consent Required
ENVR,4320,ESG Management and Reporting,3,[BLD] Blended learning,L1 (2785),TuTh 01:30PM - 02:50PM,"Rm 5583, Lift 29-30 (80)","CHAN, Keith MOREAU, Quentin Bertrand Arthur",,> The class is delivered in a blended learning mode
ENVR,4340,Social Sustainability: Risks and Challenges,3,,L1 (2786),Th 07:00PM - 09:50PM,"Rm 1409, Lift 25-26 (60)","CHAN, Shu Tim",,
ENVR,4470,Air Quality Control and Management,3,,L1 (2787),TuTh 04:30PM - 05:50PM,"Rm 5404, Lift 17-18 (93)","WANG, Zhe",,
ENVR,4980,Environmental Management and Technology Capstone Project I,3,,T1 (2788),TBA,TBA,TBA,,
ENVR,5250,Environmental Economics and Management,3,,L1 (1271),05-SEP-2026 - 24-OCT-2026 Sa 02:00PM - 04:50PM,"Rm 4502, Lift 25-26 (60)","CHAN, Keith",,"> For MPhil/PhD (ESPM), MSc (EVSM), MSc/PGD (EVEM), MPM and MPP students only"
ENVR,5260,Environmental Policy and Management,3,,L1 (1272),Mo 07:00PM - 09:50PM,"Rm 5403, Lift 17-18 (134)","LEUNG, Kenneth",,"> For MPhil/PhD (ESPM), MSc (EVSM), MSc/PGD (EVEM), MPM and MPP students only"
ENVR,5310,Atmospheric Dynamics,3,,L1 (1273),Mo 03:00PM - 05:50PM,"Rm 1033, LSK Bldg (51)","IM, Eun Soon",,> For MPhil/PhD (AES) and MPhil/PhD (ESPM) students only
ENVR,5380,"The Circular Economy â Governance, Business Practices and Modes of Transition",3,,L1 (1274),We 07:00PM - 09:50PM,"Rm 2407, Lift 17-18 (126)",TBA,,"> Instructor : Prof. FOK, Michelle > For MPhil/PhD (ESPM) and MSc (EVSM) students only"
ENVR,6040O,Applied AI for Sustainability Research,3,,L1 (1276),Tu 12:00PM - 02:50PM,"Rm 4502, Lift 25-26 (60)","WANG, Dan",,> For MPhil/PhD (AES/ESPM) students only
ENVR,6070A,"Financing Nature and Climate: Carbon, Biodiversity and Nature-Based Solutions",3,,L1 (4563),05-SEP-2026 - 24-OCT-2026 Sa 09:30AM - 12:20PM,"Rm 4579, Lift 27-28 (60)","MINUTI, Jay Joan",,> For MSc (EVSM) students only
ENVR,6770,"Professional Development in Environmental Science, Policy and Management",1,,T1 (1277),TBA,TBA,"FUNG, Jimmy Chi Hung",,> For MPhil/PhD (AES) and MPhil/PhD (ESPM) students only
ENVR,6990,MPhil Thesis Research,0,,R1 (1278),TBA,TBA,TBA,,> For MPhil (AES) and MPhil (ESPM) students only
ENVR,7990,Doctoral Thesis Research,0,,R1 (1279),TBA,TBA,TBA,,> For PhD (AES) and PhD (ESPM) students only
ENVS,5111,Environmental Health,3,,L1 (1953),07-SEP-2026 - 28-SEP-2026 Mo 06:30PM - 09:20PM,"Rm 4, 30/F, Tower 1,Millennity","GUO, Yusong",,> For MSc(EHS) students only
ENVS,5112,Environmental Hazards,3,,L1 (1954),We 06:30PM - 09:20PM,"Rm 2503, Lift 25-26 (87)","HE, Ding",,> For MSc(EHS) students only
ENVS,5113,Marine Ecotoxicology,3,,L1 (1955),Tu 06:30PM - 09:20PM,"Rm 2503, Lift 25-26 (87)","ZHANG, Qiong",,
ENVS,5114,Environmental Diseases and Microbiology,3,,L1 (1956),Th 06:30PM - 09:20PM,"Rm 2503, Lift 25-26 (87)","LAU, Stanley C K",,
ENVS,5115,Food Safety Control,3,,L1 (1957),Fr 12:30PM - 03:20PM,"Rm 1, 30/F, Tower 1,Millennity","LEUNG, Shui Yee",,
ENVS,6111A,Environmental Health Research Project,3,,R1 (1958),TBA,TBA,"LEUNG, Shui Yee",,> For MSc(EHS) students only Instructor Consent Required
ENVS,6111B,Environmental Health Research Project,6,,R1 (1959),TBA,TBA,"LEUNG, Shui Yee",,> For MSc(EHS) students only > The credit load will usually be spread in the following pattern: Fall:3; Spring:3 Instructor Consent Required
EVNG,6050G,Environmental Engineering Seminar,0,,T1 (1159),Fr 02:00PM - 02:50PM,"Rm 5510, Lift 25-26 (30)",TBA,,
EVNG,6990,MPhil Thesis Research,0,,R1 (1160),TBA,TBA,TBA,,
EVNG,7990,Doctoral Thesis Research,0,,R1 (1161),TBA,TBA,TBA,,
EVSM,5220,Advanced Environmental Chemistry,3,,L1 (1280),Th 07:00PM - 09:50PM,"LG4101, Teaching Hub (150)","LIAO, Kezheng CoCo YING, Qi",,> For MSc (EVSM) and MSc (EHS) students only
EVSM,5230,Environmental Health and Management,3,,L1 (1281),Tu 07:00PM - 09:50PM,"G001, CYT Bldg (92)","KWAN, Joseph Kai Cho YU, Samuel Chung Toi",,"> For MPhil/PhD (ESPM), MSc (EVSM), MSc/PGD (EVEM), MSc (EHS), MPM and MPP students only"
EVSM,5240,GIS for Environmental Professionals,3,,L1 (1282),Fr 07:00PM - 09:50PM,"Rm 4402, Lift 17-18","CHAN, Jimmy Wai Man",,> For MSc (EVSM) students only
EVSM,5450,Climate Change and Sustainability: A Transdisciplinary Approach,3,,L1 (1283),Tu 07:00PM - 09:50PM,"Rm 6602, Lift 31-32 (60)","CHEN, Fei",,> For MSc (EVSM) students only
EVSM,6950A,MSc Project,3,,R1 (1284),TBA,TBA,TBA,,> For MSc (EVSM) students only Instructor Consent Required
EVSM,6950B,MSc Project,3,,R1 (1285),TBA,TBA,TBA,,> For MSc (EVSM) students only Instructor Consent Required
FINA,1303,Introduction to Financial Markets and Institutions,3,Common Core (SA) for 36-credit program Common Core (SA) for 30-credit prog in 22-24 Common Core (SA) for 30-credit prog in 25 Common Core (SA) for 30-credit prog fr 26,L1 (2798),TuTh 10:30AM - 11:50AM,"G002, CYT Bldg (126)","LAFON-VINAIS, Veronique J A",,
FINA,1303,Introduction to Financial Markets and Institutions,3,Common Core (SA) for 36-credit program Common Core (SA) for 30-credit prog in 22-24 Common Core (SA) for 30-credit prog in 25 Common Core (SA) for 30-credit prog fr 26,L2 (2799),TuTh 09:00AM - 10:20AM,"G002, CYT Bldg (126)","LAFON-VINAIS, Veronique J A",,
FINA,2203,Fundamentals of Business Finance,3,,L1 (2800),Tu 09:00AM - 11:50AM,"Rm 1010, LSK Bldg (80)",TBA,,"> Instructor : Prof. PARK, Robert"
FINA,2203,Fundamentals of Business Finance,3,,L2 (2801),Tu 01:30PM - 04:20PM,"Rm 1009, LSK Bldg (80)",TBA,,"> Instructor : Prof. PARK, Robert"
FINA,2303,Financial Management,3,,L1 (2802),WeFr 04:30PM - 05:50PM,"Rm 5404, Lift 17-18 (93)","GOYAL, Vidhan Krishan",,
FINA,2303,Financial Management,3,,L2 (2803),Mo 04:30PM - 05:50PM,"Rm 6573, Lift 29-30 (88)","PI, Lynn",,
FINA,2303,Financial Management,3,,L3 (2804),MoWe 12:00PM - 01:20PM,"Rm 6555, Lift 29-30 (88)","PI, Lynn",,
FINA,2303,Financial Management,3,,L4 (2805),WeFr 03:00PM - 04:20PM,"LG3009, Lift 10-12 (88)","GOYAL, Vidhan Krishan",,
FINA,2303,Financial Management,3,,L5 (2806),WeFr 01:30PM - 02:50PM,"LG3009, Lift 10-12 (88)","GOYAL, Vidhan Krishan",,
FINA,2303,Financial Management,3,,L6 (2807),MoWe 10:30AM - 11:50AM,"Rm 6555, Lift 29-30 (88)","PI, Lynn",,
FINA,2303,Financial Management,3,,L7 (2808),TuTh 01:30PM - 02:50PM,"Rm 2503, Lift 25-26 (87)","MAK, Vincent",,
FINA,2303,Financial Management,3,,L8 (2809),TuTh 12:00PM - 01:20PM,"Rm 2503, Lift 25-26 (87)","MAK, Vincent",,
FINA,2303,Financial Management,3,,L9 (2810),Mo 01:30PM - 04:20PM,"Rm 6573, Lift 29-30 (88)",TBA,,"> Instructor : Prof. PARK, Robert"
FINA,3001,Key Skills for Finance Professionals (A),1,,L1 (2811),TBA,TBA,"PI, Lynn",,
FINA,3103,Intermediate Investments,3,,L1 (2812),WeFr 04:30PM - 05:50PM,"Rm 2302, Lift 17-18 (74)","MUKHERJEE, Abhiroop",,
FINA,3103,Intermediate Investments,3,,L2 (2813),WeFr 03:00PM - 04:20PM,"Rm 2302, Lift 17-18 (74)","MUKHERJEE, Abhiroop",,
FINA,3103,Intermediate Investments,3,,L3 (2814),TuTh 01:30PM - 02:50PM,"Rm 2406, Lift 17-18 (76)","AOYAGI, Jun",,
FINA,3103,Intermediate Investments,3,,L4 (2815),TuTh 10:30AM - 11:50AM,"Rm 2302, Lift 17-18 (74)","AOYAGI, Jun",,
FINA,3111,Finance Professional Development,1,,L1 (2816),Th 06:00PM - 07:50PM,"Rm 1003, LSK Bldg (75)","SAENYASIRI, Ekkachai",,
FINA,3111,Finance Professional Development,1,,L2 (2817),TBA,TBA,"SAENYASIRI, Ekkachai",,
FINA,3203,Derivative Securities,3,,L1 (2818),TuTh 10:30AM - 11:50AM,"Rm 1011, LSK Bldg (80)","ALEKSEEV, Maxim",,
FINA,3303,Intermediate Corporate Finance,3,,L1 (2819),Mo 03:00PM - 04:20PM,"Rm 2404, Lift 17-18 (81)","SAENYASIRI, Ekkachai",,
FINA,3303,Intermediate Corporate Finance,3,,L2 (2820),Mo 01:30PM - 02:50PM,"Rm 2404, Lift 17-18 (81)","SAENYASIRI, Ekkachai",,
FINA,3303,Intermediate Corporate Finance,3,,L3 (2821),Mo 04:30PM - 05:50PM,"Rm 2404, Lift 17-18 (81)","SAENYASIRI, Ekkachai",,
FINA,3810,Bloomberg Market Concepts Certification,0,,LA1 (2822),Mo 03:00PM - 03:50PM,"G010, LSK Bldg","LO, George",,
FINA,3810,Bloomberg Market Concepts Certification,0,,LA2 (2823),Mo 01:30PM - 02:20PM,"G010, LSK Bldg","LO, George",,
FINA,3830,"Bloomberg, LSEG with Artificial Intelligence Tools",0,,LA1 (2824),Mo 12:30PM - 01:20PM,"G010, LSK Bldg","LO, George",,
FINA,4013,Corporate Valuation,3,,L1 (2826),TuTh 09:00AM - 10:20AM,"Rm 1034, LSK Bldg (80)","MAK, Vincent",,
FINA,4103,Financial Markets Trading and Structure,3,,L1 (2827),TuTh 03:00PM - 04:20PM,"Rm 2406, Lift 17-18 (76)","AOYAGI, Jun",,
FINA,4303,Fixed Income Securities,3,,L1 (2828),Mo 03:00PM - 05:50PM,"Rm 1009, LSK Bldg (80)","BENZ, Entela",,
FINA,4303,Fixed Income Securities,3,,L2 (2829),TuTh 04:30PM - 05:50PM,"Rm 2302, Lift 17-18 (74)","ALEKSEEV, Maxim",,
FINA,4703,ESG Investing,3,,L1 (2830),WeFr 04:30PM - 05:50PM,"Rm 1527, Lift 22 (74)","CHOI, Darwin",,
FINA,4703,ESG Investing,3,,L2 (2831),WeFr 01:30PM - 02:50PM,"Rm 2302, Lift 17-18 (74)","CHOI, Darwin",,
FINA,4803,Quantitative Trading,3,,L1 (2832),Sa 02:30PM - 05:20PM,"Rm 2302, Lift 17-18 (74)","LAW, Keith",,
FINA,4929R,"Business Law, Compliance and Ethics in Finance",3,,L1 (2833),Mo 03:00PM - 05:50PM,"Rm 2504, Lift 25-26 (84)","FOK, Jessie Agnes Chung Sze",,
FINA,5120,Corporate Finance,2,[BLD] Blended learning,L01 (1290),25-AUG-2026 - 06-OCT-2026 Tu 02:00PM - 05:20PM,"G001, LSK Bldg (75)","LAFON-VINAIS, Veronique J A",,"> The class is delivered in a conventional face-to-face mode > For MSc(FINA), MSc(FA) and MSc(IM) students only > Add/Drop Deadline : 31-Aug-2026"
FINA,5120,Corporate Finance,2,[BLD] Blended learning,L02 (1301),27-AUG-2026 - 08-OCT-2026 Th 02:00PM - 05:20PM,"Rm 2001, LSK Bldg","LAFON-VINAIS, Veronique J A",,"> The class is delivered in a conventional face-to-face mode > For MSc(FINA), MSc(FA) and MSc(IM) students only > Add/Drop Deadline : 31-Aug-2026"
FINA,5120,Corporate Finance,2,[BLD] Blended learning,L03 (1304),29-AUG-2026 - 10-OCT-2026 Sa 02:00PM - 05:20PM,"G001, LSK Bldg (75)","LAFON-VINAIS, Veronique J A",,"> The class is delivered in a conventional face-to-face mode > For MSc(FINA), MSc(FA) and MSc(IM) students only > Venue on 17-Oct-2026 : LTA and LTC > Add/Drop Deadline : 31-Aug-2026"
FINA,5120,Corporate Finance,2,[BLD] Blended learning,L04 (1294),26-AUG-2026 - 07-OCT-2026 We 02:00PM - 05:20PM,"G003, LSK Bldg (75)","MAK, Vincent",,"> The class is delivered in a conventional face-to-face mode > For MSc(FINA), MSc(FA) and MSc(IM) students only > Venue on 17-Oct-2026 : LTA and LTC > Add/Drop Deadline : 31-Aug-2026"
FINA,5120,Corporate Finance,2,[BLD] Blended learning,L05 (1325),27-OCT-2026 - 15-DEC-2026 Tu 09:30AM - 01:00PM,"Rm 2003, LSK Bldg","SAENYASIRI, Ekkachai",,> The class is delivered in a conventional face-to-face mode > For FT-MBA Year 1 students only > Add/Drop Deadline : 02-Nov-2026
FINA,5120,Corporate Finance,2,[BLD] Blended learning,L06 (1298),26-AUG-2026 - 14-OCT-2026 We 07:00PM - 10:20PM,TBA,"MAK, Vincent",,> The class is delivered in a conventional face-to-face mode > For MSc(FOFB) students only > Add/Drop Deadline : 31-Aug-2026
FINA,5120,Corporate Finance,2,[BLD] Blended learning,L07 (1295),26-AUG-2026 - 07-OCT-2026 We 12:30PM - 03:50PM,"Rm 1, 30/F, Tower 1,Millennity","SAENYASIRI, Ekkachai",,> The class is delivered in a conventional face-to-face mode > For MSc(FinTech) students only > Add/Drop Deadline : 31-Aug-2026 Instructor Consent Required
FINA,5120,Corporate Finance,2,[BLD] Blended learning,L08 (1305),29-AUG-2026 - 10-OCT-2026 Sa 02:00PM - 05:20PM,"Rm 1007, LSK Bldg (80)","SAENYASIRI, Ekkachai",,> The class is delivered in a conventional face-to-face mode > Will have normal class on 26-Sep-2026 > Venue on 17-Oct-2026 : CYTLTL > For MSc(FinTech) students only > Add/Drop Deadline : 31-Aug-2026 Instructor Consent Required
FINA,5120,Corporate Finance,2,[BLD] Blended learning,L09 (1319),26-OCT-2026 - 07-DEC-2026 Mo 09:30AM - 12:50PM,"Rm 1, 31/F, Tower 1,Millennity","LAFON-VINAIS, Veronique J A",,> The class is delivered in a conventional face-to-face mode > For MSc(ACCT) students only > Add/Drop Deadline : 02-Nov-2026
FINA,5120,Corporate Finance,2,[BLD] Blended learning,L10 (1320),26-OCT-2026 - 07-DEC-2026 Mo 02:30PM - 05:50PM,"Rm 1, 31/F, Tower 1,Millennity","LAFON-VINAIS, Veronique J A",,> The class is delivered in a conventional face-to-face mode > For MSc(ACCT) students only > Add/Drop Deadline : 02-Nov-2026
FINA,5120,Corporate Finance,2,[BLD] Blended learning,L11 (1335),30-OCT-2026 - 11-DEC-2026 Fr 09:15AM - 12:35PM,"Rm 2, 31/F, Tower 1,Millennity","MAK, Vincent",,> The class is delivered in a conventional face-to-face mode > For MSc(ACCT) students only > Add/Drop Deadline : 02-Nov-2026
FINA,5120,Corporate Finance,2,[BLD] Blended learning,L12 (1306),29-AUG-2026 - 10-OCT-2026 Sa 11:00AM - 01:00PM,TBA,"SAENYASIRI, Ekkachai",,> The class is delivered in a blended learning mode > For Digital MBA Year 2 students only > Add/Drop Deadline : 31-Aug-2026
FINA,5140,Advanced Topics in Financial Management,2,,L1 (1339),31-OCT-2026 - 31-OCT-2026 Sa 09:30AM - 12:50PM,"LG3008, Lift 10-12 (82)","SAENYASIRI, Ekkachai",,"> For MSc(FINA), MSc(FA) and MSc(IM) students only > Add/Drop Deadline : 02-Nov-2026"
FINA,5190,Family Business,2,,L1 (1326),27-OCT-2026 - 15-DEC-2026 Tu 02:00PM - 05:20PM,"Rm 2001, LSK Bldg","PENG, Qian",,"> For MSc(FINA), MSc(FA) and MSc(IM) students only > Add/Drop Deadline : 02-Nov-2026"
FINA,5190,Family Business,2,,L2 (1303),29-AUG-2026 - 29-AUG-2026 Sa 09:30AM - 12:50PM,"Rm 1009, LSK Bldg (80)","PENG, Qian",,> For MSc(FOFB) students only > Add/Drop Deadline : 31-Aug-2026
FINA,5210,Investment Analysis,2,,L1 (1291),25-AUG-2026 - 06-OCT-2026 Tu 09:30AM - 12:50PM,"G003, LSK Bldg (75)","CHEN, Zhanhui",,"> For MSc(FINA), MSc(FA) and MSc(IM) students only > Add/Drop Deadline : 31-Aug-2026"
FINA,5210,Investment Analysis,2,,L2 (1296),26-AUG-2026 - 07-OCT-2026 We 09:30AM - 12:50PM,"G003, LSK Bldg (75)","YU, Jialin",,"> For MSc(FINA), MSc(FA) and MSc(IM) students only > Add/Drop Deadline : 31-Aug-2026"
FINA,5210,Investment Analysis,2,,L3 (1297),26-AUG-2026 - 07-OCT-2026 We 02:00PM - 05:20PM,"Rm 2003, LSK Bldg","CHEN, Zhanhui",,"> For MSc(FINA), MSc(FA) and MSc(IM) students only > Venue on 17-Oct-2026 : LTA and LTD > Add/Drop Deadline : 31-Aug-2026"
FINA,5210,Investment Analysis,2,,L4 (1292),25-AUG-2026 - 06-OCT-2026 Tu 07:00PM - 10:20PM,"G001, LSK Bldg (75)","CHEN, Zhanhui",,"> For MSc(FINA), MSc(FA) and MSc(IM) students only > Venue on 17-Oct-2026 : LTA and LTD > Add/Drop Deadline : 31-Aug-2026"
FINA,5210,Investment Analysis,2,,L5 (1307),24-AUG-2026 - 12-OCT-2026 Mo 07:00PM - 10:30PM,TBA,"YU, Jialin",,"> For FT-MBA; PT-MBA; MBA (Bi-weekly); Digital MBA and MBA Exchange students only > Venue : Business School Central in Admiralty, 4/F United Centre, 95 Queensway, Admiralty, Hong Kong > Add/Drop Deadline : 31-Aug-2026"
FINA,5210,Investment Analysis,2,,L6 (1318),24-OCT-2026 - 05-DEC-2026 Sa 02:00PM - 05:20PM,"Rm 1001, LSK Bldg (75)","YU, Jialin",,> For MSc(FinTech) students only > Add/Drop Deadline : 26-Oct-2026 Instructor Consent Required
FINA,5210,Investment Analysis,2,,L7 (1332),29-OCT-2026 - 10-DEC-2026 Th 03:30PM - 06:50PM,"Rm 1, 30/F, Tower 1,Millennity","YU, Jialin",,"> For MSc(FinTech) students only > Add/Drop Deadline : 02-Nov-2026 > Class held in G012, LSK Bldg on 17-Dec-2026 Instructor Consent Required"
FINA,5220,Equity Investment Management,2,,L1 (1327),28-OCT-2026 - 09-DEC-2026 We 09:30AM - 12:50PM,TBA,"YU, Jialin",,"> For MSc(FINA), MSc(FA) and MSc(IM) students only > Add/Drop Deadline : 02-Nov-2026"
FINA,5220,Equity Investment Management,2,,L2 (1330),28-OCT-2026 - 16-DEC-2026 We 02:00PM - 05:20PM,TBA,"YU, Jialin",,"> For MSc(FINA), MSc(FA) and MSc(IM) students only > Add/Drop Deadline : 02-Nov-2026"
FINA,5230,ESG Investing,2,,L1 (1316),04-SEP-2026 - 16-OCT-2026 Fr 09:30AM - 12:50PM,TBA,"BENZ, Entela",,"> For MSc(FINA), MSc(FA) and MSc(IM) students only > Add/Drop Deadline : 07-Sep-2026"
FINA,5240,FinTech Analytics,2,,L1 (1309),01-SEP-2026 - 13-OCT-2026 Tu 02:00PM - 05:20PM,TBA,"HUANG, Seth",,"> For MSc(FINA), MSc(FA) and MSc(IM) students only > Add/Drop Deadline : 07-Sep-2026"
FINA,5250,Empirical Methods in Finance,2,,L1 (1286),24-AUG-2026 - 05-OCT-2026 Mo 02:15PM - 05:35PM,"Rm 1, 31/F, Tower 1,Millennity","FAN, Qi",,"> For MSc(FINA), MSc(FA) and MSc(IM) students only > Add/Drop Deadline : 31-Aug-2026"
FINA,5250,Empirical Methods in Finance,2,,L2 (1287),24-AUG-2026 - 05-OCT-2026 Mo 07:15PM - 10:35PM,"Rm 1, 31/F, Tower 1,Millennity","FAN, Qi",,"> For MSc(FINA), MSc(FA) and MSc(IM) students only > Add/Drop Deadline : 31-Aug-2026"
FINA,5250,Empirical Methods in Finance,2,,L3 (1288),24-AUG-2026 - 05-OCT-2026 Mo 02:30PM - 05:50PM,"Rm 3, 31/F, Tower 1,Millennity","SEN, Rohan",,"> For MSc(FINA), MSc(FA) and MSc(IM) students only > Add/Drop Deadline : 31-Aug-2026"
FINA,5250,Empirical Methods in Finance,2,,L4 (1289),24-AUG-2026 - 05-OCT-2026 Mo 07:00PM - 10:20PM,"Rm 3, 31/F, Tower 1,Millennity","SEN, Rohan",,"> For MSc(FINA), MSc(FA) and MSc(IM) students only > Add/Drop Deadline : 31-Aug-2026"
FINA,5290,Derivatives Analysis,2,,L1 (1328),28-OCT-2026 - 09-DEC-2026 We 09:30AM - 12:50PM,"Rm 2001, LSK Bldg","PANAYOTOV, George Kamenov",,"> For MSc(FINA), MSc(FA) and MSc(IM) students only > Add/Drop Deadline : 02-Nov-2026"
FINA,5290,Derivatives Analysis,2,,L2 (1329),28-OCT-2026 - 09-DEC-2026 We 07:00PM - 10:20PM,"Rm 2001, LSK Bldg","PANAYOTOV, George Kamenov",,"> For MSc(FINA), MSc(FA) and MSc(IM) students only > Add/Drop Deadline : 02-Nov-2026"
FINA,5290,Derivatives Analysis,2,,L3 (1333),29-OCT-2026 - 10-DEC-2026 Th 07:00PM - 10:20PM,"Rm 2001, LSK Bldg","PANAYOTOV, George Kamenov",,"> For MSc(FINA), MSc(FA) and MSc(IM) students only > Add/Drop Deadline : 02-Nov-2026"
FINA,5290,Derivatives Analysis,2,,L4 (1340),31-OCT-2026 - 12-DEC-2026 Sa 09:30AM - 12:50PM,"G001, LSK Bldg (75)","PANAYOTOV, George Kamenov",,"> For MSc(FINA), MSc(FA) and MSc(IM) students only > Add/Drop Deadline : 02-Nov-2026"
FINA,5360,Fixed Income Analysis,2,,L1 (1321),26-OCT-2026 - 07-DEC-2026 Mo 02:15PM - 05:35PM,"Rm 3, 31/F, Tower 1,Millennity","WANG, Xiaoliang",,"> For MSc(FINA), MSc(FA) and MSc(IM) students only > Add/Drop Deadline : 02-Nov-2026"
FINA,5360,Fixed Income Analysis,2,,L2 (1322),26-OCT-2026 - 07-DEC-2026 Mo 07:00PM - 10:20PM,"Rm 3, 31/F, Tower 1,Millennity","WANG, Xiaoliang",,"> For MSc(FINA), MSc(FA) and MSc(IM) students only > Add/Drop Deadline : 02-Nov-2026"
FINA,5360,Fixed Income Analysis,2,,L3 (1323),27-OCT-2026 - 08-DEC-2026 Tu 02:00PM - 05:20PM,"Rm 2003, LSK Bldg","WANG, Xiaoliang",,"> For MSc(FINA), MSc(FA) and MSc(IM) students only > Add/Drop Deadline : 02-Nov-2026"
FINA,5360,Fixed Income Analysis,2,,L4 (1324),27-OCT-2026 - 08-DEC-2026 Tu 07:00PM - 10:20PM,"Rm 2003, LSK Bldg","WANG, Xiaoliang",,"> For MSc(FINA), MSc(FA) and MSc(IM) students only > Add/Drop Deadline : 02-Nov-2026"
FINA,5390,Venture Capital and Private Equity,2,,L1 (1317),10-SEP-2026 - 24-SEP-2026 ThFr 07:00PM - 10:20PM,TBA,"LAI, Marvin",,"> For MSc(FINA), MSc(FA) and MSc(IM) students only > Add/Drop Deadline : 10-Sep-2026"
FINA,5520,Financial Data Analysis,2,,L1 (1336),30-OCT-2026 - 18-DEC-2026 Fr 07:00PM - 10:20PM,"Rm 2, 31/F, Tower 1,Millennity","NG, Billy",,"> For MSc(FINA), MSc(FA) and MSc(IM) students only > Add/Drop Deadline : 02-Nov-2026"
FINA,5520,Financial Data Analysis,2,,L2 (1341),31-OCT-2026 - 31-OCT-2026 Sa 02:00PM - 05:20PM,"LG3008, Lift 10-12 (82)","NG, Billy",,"> For MSc(FINA), MSc(FA) and MSc(IM) students only > Add/Drop Deadline : 02-Nov-2026"
FINA,5680,Asia's Stock Markets,2,,L1 (1347),22-NOV-2026 - 13-DEC-2026 Su 09:30AM - 12:50PM,"G003, LSK Bldg (75)","VAN DER LINDE, Herald",,"> For MSc(FINA), MSc(FA) and MSc(IM) students only > Add/Drop Deadline : 23-Nov-2026"
FINA,5690,Family Office,2,,L1 (1342),31-OCT-2026 - 19-DEC-2026 Sa 02:00PM - 05:20PM,"G003, LSK Bldg (75)","PENG, Qian",,> For MSc(FOFB) students only > Add/Drop Deadline : 02-Nov-2026
FINA,5720,Financial Advisory and Transaction Execution for M&A,2,,L1 (1343),26-OCT-2026 - 16-NOV-2026 Mo 07:00PM - 10:30PM,TBA,"SUH, Jung",,"> For FT-MBA; PT-MBA; MBA (Bi-weekly); Digital MBA and MBA Exchange students only > Venue on 26-Oct-2026 to 16-Nov-2026, 7-Dec-2026 to 14-Dec-2026 : Business School Central in Admiralty, 4/F United Centre, 95 Queensway, Admiralty, Hong Kong > Add/Drop Deadline : 02-Nov-2026"
FINA,5740,Essential Financial Market Tools,2,,L1 (1334),29-OCT-2026 - 17-DEC-2026 Th 02:00PM - 05:20PM,"G010, LSK Bldg","LO, George",,"> For MSc(FINA), MSc(FA) and MSc(IM) students only > Add/Drop Deadline : 02-Nov-2026"
FINA,5840,Financial Modeling,2,,L1 (1302),28-AUG-2026 - 16-OCT-2026 Fr 07:00PM - 10:20PM,TBA,"LAW, Keith",,"> For MSc(FINA), MSc(FA) and MSc(IM) students only > Venue : Business School Central in Admiralty, 4/F United Centre, 95 Queensway, Admiralty, Hong Kong > Add/Drop Deadline : 31-Aug-2026"
FINA,6901A,Debt and Credit Strategies in Asia,2,,L1 (1344),31-OCT-2026 - 19-DEC-2026 Sa 09:00AM - 12:30PM,"Rm 1003, LSK Bldg (75)","LAFON-VINAIS, Veronique J A",,> For FT-MBA; PT-MBA; MBA (Bi-weekly); Digital MBA and MBA Exchange students only > Add/Drop Deadline : 02-Nov-2026
FINA,6901B,Private Markets Ecosystem,2,,L1 (1308),29-AUG-2026 - 17-OCT-2026 Sa 09:00AM - 12:30PM,"Rm 1001, LSK Bldg (75)","NG, Wing Chung Vincent",,> For FT-MBA; PT-MBA; MBA (Bi-weekly); Digital MBA and MBA Exchange students only > Add/Drop Deadline : 31-Aug-2026
FINA,6901D,"Mastering Climate Risk: Finance, Regulation, and Adaptation",2,,L1 (1337),30-OCT-2026 - 18-DEC-2026 Fr 09:30AM - 12:50PM,"Rm 2001, LSK Bldg","BENZ, Entela",,"> For MSc(FINA), MSc(FA) and MSc(IM) students only > Add/Drop Deadline : 02-Nov-2026"
FINA,6901E,"Digital Finance Innovation: Banking, FinTech and Artificial Intelligence",2,,L1 (1345),31-OCT-2026 - 19-DEC-2026 Sa 02:00PM - 05:20PM,"G001, LSK Bldg (75)",TBA,,"> Instructor : ON, Jacky > For MSc(FINA), MSc(FA) and MSc(IM) students only > Add/Drop Deadline : 02-Nov-2026"
FINA,6901F,"Digital Assets and Currencies: Policy Trends, Business Perspectives, and Strategic Responses",2,,L1 (1338),30-OCT-2026 - 18-DEC-2026 Fr 07:00PM - 10:20PM,TBA,TBA,,"> Instructor : POURZITAKIS, Stratos > For MSc(FINA), MSc(FA) and MSc(IM) students only > Add/Drop Deadline : 02-Nov-2026"
FINA,6901G,Real Estate Acquisition and Portfolio Management Strategy,2,,L1 (1331),28-OCT-2026 - 16-DEC-2026 We 07:00PM - 10:20PM,TBA,TBA,,"> Instructor : FOK, Raymond > For MSc(FINA), MSc(FA) and MSc(IM) students only > Add/Drop Deadline : 02-Nov-2026"
FINA,6901N,Investment Banking and Corporate Deal Making,2,,L1 (1299),26-AUG-2026 - 14-OCT-2026 We 07:00PM - 10:20PM,"G003, LSK Bldg (75)","GALLAGHER, Joseph D.",,"> For MSc(FINA), MSc(FA) and MSc(IM) students only > Add/Drop Deadline : 31-Aug-2026"
FINA,6901N,Investment Banking and Corporate Deal Making,2,,L2 (1293),25-AUG-2026 - 13-OCT-2026 Tu 07:00PM - 10:30PM,TBA,"GALLAGHER, Joseph D.",,"> For FT-MBA; PT-MBA; MBA (Bi-weekly); Digital MBA and MBA Exchange students only > Venue : Business School Central in Admiralty, 4/F United Centre, 95 Queensway, Admiralty, Hong Kong > Add/Drop Deadline : 31-Aug-2026"
FINA,6910Y,Blockchain and Digital Asset Innovation,2,,L1 (1300),26-AUG-2026 - 14-OCT-2026 We 07:00PM - 10:20PM,"G001, LSK Bldg (75)","NGAI, Anthony",,"> For MSc(FINA), MSc(FA) and MSc(IM) students only > Add/Drop Deadline : 31-Aug-2026"
FINA,6910Z,Venture Capital Funds: From Formation to Exit - US and China Perspectives,2,,L1 (1346),01-NOV-2026 - 01-NOV-2026 Su 09:00AM - 12:30PM,"Rm 2003, LSK Bldg","ZHANG, James",,> For FT-MBA; PT-MBA; MBA (Bi-weekly); Digital MBA and MBA Exchange students only > Add/Drop Deadline : 02-Nov-2026
FINA,6990,MPhil Thesis Research,0,,R1 (1310),TBA,TBA,TBA,,> For MPhil(FINA) students only
FINA,7910,Doctoral Seminar: Theoretical Corporate Finance,3,,L1 (1311),We 12:00PM - 02:50PM,"Rm 1026, LSK Bldg (28)","SZYDLOWSKI, Martin Adam",,
FINA,7930,Doctoral Seminar: Empirical Corporate Finance,3,,L1 (1312),Th 12:00PM - 02:50PM,"Rm 1032, LSK Bldg (45)","MUKHERJEE, Abhiroop",,
FINA,7940,Doctoral Seminar: Empirical Asset Pricing,3,,L1 (1313),Th 03:00PM - 05:50PM,"Rm 1026, LSK Bldg (28)","CHEN, Zhanhui",,
FINA,7980E,Finance Workshops,1,,T1 (1314),Fr 09:30AM - 11:50AM,"Rm 1003, LSK Bldg (75)",TBA,,
FINA,7990,Doctoral Thesis Research,0,,R1 (1315),TBA,TBA,TBA,,> For PhD(FINA) students only
FOFB,5100,Family Governance,2,,L1 (1661),29-AUG-2026 - 29-AUG-2026 Sa 02:00PM - 05:20PM,"Rm 6602, Lift 31-32 (60)","PENG, Qian STEWART, Christian George Gordon",,> For MSc(FOFB) students only > Add/Drop Deadline : 31-Aug-2026
FOFB,5200,Impact Investment and Family Philanthropy,2,,L1 (1675),28-OCT-2026 - 28-OCT-2026 We 07:00PM - 10:20PM,"Rm 1001, LSK Bldg (75)",TBA,,"> Instructor : Prof. FUNG, Yvette and Prof. NG, Eric > For MSc(FOFB) students only > Add/Drop Deadline : 02-Nov-2026"
FOFB,5510,Preserving Harmony: Dispute Resolution in Theory and Practice,2,,L1 (1653),25-AUG-2026 - 15-SEP-2026 Tu 09:30AM - 12:50PM,"G001, LSK Bldg (75)","TO, Christopher",,> For MSc(FOFB) students only > Add/Drop Deadline : 31-Aug-2026
FOFB,5520,Managing Generational Family Dynamics,2,,L1 (1672),27-OCT-2026 - 15-DEC-2026 Tu 07:00PM - 10:20PM,TBA,"MA, So So Josephine",,> For MSc(FOFB) students only > Add/Drop Deadline : 02-Nov-2026
FOFB,5570,Leading a Family Business in a Changing World,2,,L1 (1678),04-NOV-2026 - 16-DEC-2026 We 09:30AM - 12:50PM,TBA,"NEW, Mitya",,"> For MSc(FOFB) students only > Venue : Business School Central in Admiralty, 4/F United Centre, 95 Queensway, Admiralty, Hong Kong > Add/Drop Deadline : 02-Nov-2026"
GBUS,1000,Global Leadership Development,0,,T1 (4330),Tu 06:00PM - 07:20PM,"G012, LSK Bldg (199)","KOH, Tat Koon",,
GBUS,2030,From Zero to Exit â Journey of A Start-up,2,,L1 (4331),Mo 02:00PM - 03:50PM,"Rm 1003, LSK Bldg (75)","KOC, Joseph",,Instructor Consent Required
GBUS,2040,"Environmental, Social, and Governance (ESG) Corporate Project",1,[EXP] Experiential learning,R1 (4332),TBA,TBA,"LAFON-VINAIS, Veronique J A",,> This class is delivered in a experiential learning mode
GBUS,2050,Blue Ocean Strategy Innovation and Execution,2,,L1 (4333),Mo 04:00PM - 05:50PM,"Rm 1003, LSK Bldg (75)","NEW, Mitya",,
GBUS,4910,Capstone Project,4,,L1 (4334),Th 06:00PM - 07:20PM,"Rm 1001, LSK Bldg (75)","DORAN, Christopher",,
GNED,2510,Career Building,1,Non-designated GEE,T1 (4463),We 02:30PM - 04:20PM,"Rm 4580, Lift 27-28 (83)","SIU, Wai Sze Grace",,
GNED,2510,Career Building,1,Non-designated GEE,T2 (4464),Mo 03:00PM - 04:50PM,"Rm 4580, Lift 27-28 (83)","SIU, Wai Sze Grace",,
HLTH,1010,Healthy Lifestyle,0,Common Core (HLTH) for 36-credit program,R1 (4465),TBA,TBA,TBA,,
HMAW,1905A,"Behavioral Foundations of University Education: Habits, Mindsets, and Wellness",3,Common Core (HMW) for 30-credit prog in 22-24 Common Core (HMW) for 30-credit prog in 25 Common Core (HMW) for 30-credit prog fr 26,T01 (4421),We 06:00PM - 07:20PM,TBA,TBA,,> The credit load will usually be spread in the following pattern: Fall: 1; Spring: 2
HMAW,1905A,"Behavioral Foundations of University Education: Habits, Mindsets, and Wellness",3,Common Core (HMW) for 30-credit prog in 22-24 Common Core (HMW) for 30-credit prog in 25 Common Core (HMW) for 30-credit prog fr 26,T02 (4422),We 06:00PM - 07:20PM,TBA,TBA,,> The credit load will usually be spread in the following pattern: Fall: 1; Spring: 2
HMAW,1905A,"Behavioral Foundations of University Education: Habits, Mindsets, and Wellness",3,Common Core (HMW) for 30-credit prog in 22-24 Common Core (HMW) for 30-credit prog in 25 Common Core (HMW) for 30-credit prog fr 26,T03 (4423),We 06:00PM - 07:20PM,TBA,TBA,,> The credit load will usually be spread in the following pattern: Fall: 1; Spring: 2
HMAW,1905A,"Behavioral Foundations of University Education: Habits, Mindsets, and Wellness",3,Common Core (HMW) for 30-credit prog in 22-24 Common Core (HMW) for 30-credit prog in 25 Common Core (HMW) for 30-credit prog fr 26,T04 (4424),We 06:00PM - 07:20PM,TBA,TBA,,> The credit load will usually be spread in the following pattern: Fall: 1; Spring: 2
HMAW,1905A,"Behavioral Foundations of University Education: Habits, Mindsets, and Wellness",3,Common Core (HMW) for 30-credit prog in 22-24 Common Core (HMW) for 30-credit prog in 25 Common Core (HMW) for 30-credit prog fr 26,T05 (4425),We 06:00PM - 07:20PM,TBA,TBA,,> The credit load will usually be spread in the following pattern: Fall: 1; Spring: 2
HMAW,1905A,"Behavioral Foundations of University Education: Habits, Mindsets, and Wellness",3,Common Core (HMW) for 30-credit prog in 22-24 Common Core (HMW) for 30-credit prog in 25 Common Core (HMW) for 30-credit prog fr 26,T06 (4426),We 06:00PM - 07:20PM,TBA,TBA,,> The credit load will usually be spread in the following pattern: Fall: 1; Spring: 2
HMAW,1905A,"Behavioral Foundations of University Education: Habits, Mindsets, and Wellness",3,Common Core (HMW) for 30-credit prog in 22-24 Common Core (HMW) for 30-credit prog in 25 Common Core (HMW) for 30-credit prog fr 26,T07 (4427),We 06:00PM - 07:20PM,TBA,TBA,,> The credit load will usually be spread in the following pattern: Fall: 1; Spring: 2
HMAW,1905A,"Behavioral Foundations of University Education: Habits, Mindsets, and Wellness",3,Common Core (HMW) for 30-credit prog in 22-24 Common Core (HMW) for 30-credit prog in 25 Common Core (HMW) for 30-credit prog fr 26,T08 (4428),We 06:00PM - 07:20PM,TBA,TBA,,> The credit load will usually be spread in the following pattern: Fall: 1; Spring: 2
HMAW,1905A,"Behavioral Foundations of University Education: Habits, Mindsets, and Wellness",3,Common Core (HMW) for 30-credit prog in 22-24 Common Core (HMW) for 30-credit prog in 25 Common Core (HMW) for 30-credit prog fr 26,T09 (4429),We 06:00PM - 07:20PM,TBA,TBA,,> The credit load will usually be spread in the following pattern: Fall: 1; Spring: 2
HMAW,1905A,"Behavioral Foundations of University Education: Habits, Mindsets, and Wellness",3,Common Core (HMW) for 30-credit prog in 22-24 Common Core (HMW) for 30-credit prog in 25 Common Core (HMW) for 30-credit prog fr 26,T10 (4430),We 06:00PM - 07:20PM,TBA,TBA,,> The credit load will usually be spread in the following pattern: Fall: 1; Spring: 2
HMAW,1905A,"Behavioral Foundations of University Education: Habits, Mindsets, and Wellness",3,Common Core (HMW) for 30-credit prog in 22-24 Common Core (HMW) for 30-credit prog in 25 Common Core (HMW) for 30-credit prog fr 26,T11 (4431),We 06:00PM - 07:20PM,TBA,TBA,,> The credit load will usually be spread in the following pattern: Fall: 1; Spring: 2
HMAW,1905A,"Behavioral Foundations of University Education: Habits, Mindsets, and Wellness",3,Common Core (HMW) for 30-credit prog in 22-24 Common Core (HMW) for 30-credit prog in 25 Common Core (HMW) for 30-credit prog fr 26,T12 (4432),We 06:00PM - 07:20PM,TBA,TBA,,> The credit load will usually be spread in the following pattern: Fall: 1; Spring: 2
HMAW,1905A,"Behavioral Foundations of University Education: Habits, Mindsets, and Wellness",3,Common Core (HMW) for 30-credit prog in 22-24 Common Core (HMW) for 30-credit prog in 25 Common Core (HMW) for 30-credit prog fr 26,T13 (4433),We 06:00PM - 07:20PM,TBA,TBA,,> The credit load will usually be spread in the following pattern: Fall: 1; Spring: 2
HMAW,1905A,"Behavioral Foundations of University Education: Habits, Mindsets, and Wellness",3,Common Core (HMW) for 30-credit prog in 22-24 Common Core (HMW) for 30-credit prog in 25 Common Core (HMW) for 30-credit prog fr 26,T14 (4434),We 06:00PM - 07:20PM,TBA,TBA,,> The credit load will usually be spread in the following pattern: Fall: 1; Spring: 2
HMAW,1905A,"Behavioral Foundations of University Education: Habits, Mindsets, and Wellness",3,Common Core (HMW) for 30-credit prog in 22-24 Common Core (HMW) for 30-credit prog in 25 Common Core (HMW) for 30-credit prog fr 26,T15 (4435),We 06:00PM - 07:20PM,TBA,TBA,,> The credit load will usually be spread in the following pattern: Fall: 1; Spring: 2
HMAW,1905A,"Behavioral Foundations of University Education: Habits, Mindsets, and Wellness",3,Common Core (HMW) for 30-credit prog in 22-24 Common Core (HMW) for 30-credit prog in 25 Common Core (HMW) for 30-credit prog fr 26,T16 (4436),We 06:00PM - 07:20PM,TBA,TBA,,> The credit load will usually be spread in the following pattern: Fall: 1; Spring: 2
HMAW,1905A,"Behavioral Foundations of University Education: Habits, Mindsets, and Wellness",3,Common Core (HMW) for 30-credit prog in 22-24 Common Core (HMW) for 30-credit prog in 25 Common Core (HMW) for 30-credit prog fr 26,T17 (4437),We 06:00PM - 07:20PM,TBA,TBA,,> The credit load will usually be spread in the following pattern: Fall: 1; Spring: 2
HMAW,1905A,"Behavioral Foundations of University Education: Habits, Mindsets, and Wellness",3,Common Core (HMW) for 30-credit prog in 22-24 Common Core (HMW) for 30-credit prog in 25 Common Core (HMW) for 30-credit prog fr 26,T18 (4438),We 06:00PM - 07:20PM,TBA,TBA,,> The credit load will usually be spread in the following pattern: Fall: 1; Spring: 2
HMAW,1905A,"Behavioral Foundations of University Education: Habits, Mindsets, and Wellness",3,Common Core (HMW) for 30-credit prog in 22-24 Common Core (HMW) for 30-credit prog in 25 Common Core (HMW) for 30-credit prog fr 26,T19 (4439),We 06:00PM - 07:20PM,TBA,TBA,,> The credit load will usually be spread in the following pattern: Fall: 1; Spring: 2
HMAW,1905A,"Behavioral Foundations of University Education: Habits, Mindsets, and Wellness",3,Common Core (HMW) for 30-credit prog in 22-24 Common Core (HMW) for 30-credit prog in 25 Common Core (HMW) for 30-credit prog fr 26,T20 (4440),We 06:00PM - 07:20PM,TBA,TBA,,> The credit load will usually be spread in the following pattern: Fall: 1; Spring: 2
HMAW,1905A,"Behavioral Foundations of University Education: Habits, Mindsets, and Wellness",3,Common Core (HMW) for 30-credit prog in 22-24 Common Core (HMW) for 30-credit prog in 25 Common Core (HMW) for 30-credit prog fr 26,T21 (4441),We 06:00PM - 07:20PM,TBA,TBA,,> The credit load will usually be spread in the following pattern: Fall: 1; Spring: 2
HMAW,1905A,"Behavioral Foundations of University Education: Habits, Mindsets, and Wellness",3,Common Core (HMW) for 30-credit prog in 22-24 Common Core (HMW) for 30-credit prog in 25 Common Core (HMW) for 30-credit prog fr 26,T22 (4442),We 06:00PM - 07:20PM,TBA,TBA,,> The credit load will usually be spread in the following pattern: Fall: 1; Spring: 2
HMAW,1905A,"Behavioral Foundations of University Education: Habits, Mindsets, and Wellness",3,Common Core (HMW) for 30-credit prog in 22-24 Common Core (HMW) for 30-credit prog in 25 Common Core (HMW) for 30-credit prog fr 26,T23 (4443),We 06:00PM - 07:20PM,TBA,TBA,,> The credit load will usually be spread in the following pattern: Fall: 1; Spring: 2
HMAW,1905A,"Behavioral Foundations of University Education: Habits, Mindsets, and Wellness",3,Common Core (HMW) for 30-credit prog in 22-24 Common Core (HMW) for 30-credit prog in 25 Common Core (HMW) for 30-credit prog fr 26,T24 (4444),We 06:00PM - 07:20PM,TBA,TBA,,> The credit load will usually be spread in the following pattern: Fall: 1; Spring: 2
HMAW,1905A,"Behavioral Foundations of University Education: Habits, Mindsets, and Wellness",3,Common Core (HMW) for 30-credit prog in 22-24 Common Core (HMW) for 30-credit prog in 25 Common Core (HMW) for 30-credit prog fr 26,T25 (4445),We 06:00PM - 07:20PM,TBA,TBA,,> The credit load will usually be spread in the following pattern: Fall: 1; Spring: 2
HMAW,1905A,"Behavioral Foundations of University Education: Habits, Mindsets, and Wellness",3,Common Core (HMW) for 30-credit prog in 22-24 Common Core (HMW) for 30-credit prog in 25 Common Core (HMW) for 30-credit prog fr 26,T26 (4446),We 06:00PM - 07:20PM,TBA,TBA,,> The credit load will usually be spread in the following pattern: Fall: 1; Spring: 2
HMAW,1905A,"Behavioral Foundations of University Education: Habits, Mindsets, and Wellness",3,Common Core (HMW) for 30-credit prog in 22-24 Common Core (HMW) for 30-credit prog in 25 Common Core (HMW) for 30-credit prog fr 26,T27 (4447),We 06:00PM - 07:20PM,TBA,TBA,,> The credit load will usually be spread in the following pattern: Fall: 1; Spring: 2
HMAW,1905A,"Behavioral Foundations of University Education: Habits, Mindsets, and Wellness",3,Common Core (HMW) for 30-credit prog in 22-24 Common Core (HMW) for 30-credit prog in 25 Common Core (HMW) for 30-credit prog fr 26,T28 (4448),We 06:00PM - 07:20PM,TBA,TBA,,> The credit load will usually be spread in the following pattern: Fall: 1; Spring: 2
HMAW,1905A,"Behavioral Foundations of University Education: Habits, Mindsets, and Wellness",3,Common Core (HMW) for 30-credit prog in 22-24 Common Core (HMW) for 30-credit prog in 25 Common Core (HMW) for 30-credit prog fr 26,T29 (4449),We 06:00PM - 07:20PM,TBA,TBA,,> The credit load will usually be spread in the following pattern: Fall: 1; Spring: 2
HMAW,1905A,"Behavioral Foundations of University Education: Habits, Mindsets, and Wellness",3,Common Core (HMW) for 30-credit prog in 22-24 Common Core (HMW) for 30-credit prog in 25 Common Core (HMW) for 30-credit prog fr 26,T30 (4450),We 06:00PM - 07:20PM,TBA,TBA,,> The credit load will usually be spread in the following pattern: Fall: 1; Spring: 2
HMAW,1905A,"Behavioral Foundations of University Education: Habits, Mindsets, and Wellness",3,Common Core (HMW) for 30-credit prog in 22-24 Common Core (HMW) for 30-credit prog in 25 Common Core (HMW) for 30-credit prog fr 26,T31 (4451),We 06:00PM - 07:20PM,TBA,TBA,,> The credit load will usually be spread in the following pattern: Fall: 1; Spring: 2
HMAW,1905A,"Behavioral Foundations of University Education: Habits, Mindsets, and Wellness",3,Common Core (HMW) for 30-credit prog in 22-24 Common Core (HMW) for 30-credit prog in 25 Common Core (HMW) for 30-credit prog fr 26,T32 (4452),We 06:00PM - 07:20PM,TBA,TBA,,> The credit load will usually be spread in the following pattern: Fall: 1; Spring: 2
HMAW,1905A,"Behavioral Foundations of University Education: Habits, Mindsets, and Wellness",3,Common Core (HMW) for 30-credit prog in 22-24 Common Core (HMW) for 30-credit prog in 25 Common Core (HMW) for 30-credit prog fr 26,T33 (4453),We 06:00PM - 07:20PM,TBA,TBA,,> The credit load will usually be spread in the following pattern: Fall: 1; Spring: 2
HMAW,1905A,"Behavioral Foundations of University Education: Habits, Mindsets, and Wellness",3,Common Core (HMW) for 30-credit prog in 22-24 Common Core (HMW) for 30-credit prog in 25 Common Core (HMW) for 30-credit prog fr 26,T34 (4454),MoWe 06:00PM - 07:20PM,TBA,TBA,,> The credit load will usually be spread in the following pattern: Fall: 1; Spring: 2
HMAW,1905A,"Behavioral Foundations of University Education: Habits, Mindsets, and Wellness",3,Common Core (HMW) for 30-credit prog in 22-24 Common Core (HMW) for 30-credit prog in 25 Common Core (HMW) for 30-credit prog fr 26,T35 (4455),MoWe 06:00PM - 07:20PM,TBA,TBA,,> The credit load will usually be spread in the following pattern: Fall: 1; Spring: 2
HMAW,1905A,"Behavioral Foundations of University Education: Habits, Mindsets, and Wellness",3,Common Core (HMW) for 30-credit prog in 22-24 Common Core (HMW) for 30-credit prog in 25 Common Core (HMW) for 30-credit prog fr 26,T36 (4456),TBA,TBA,TBA,,> The credit load will usually be spread in the following pattern: Fall: 1; Spring: 2
HMAW,1905B,"Behavioral Foundations of University Education: Habits, Mindsets, and Wellness",3,Common Core (HMW) for 30-credit prog in 22-24 Common Core (HMW) for 30-credit prog in 25 Common Core (HMW) for 30-credit prog fr 26,T01 (4369),Mo 06:00PM - 07:20PM,"G010, CYT Bldg (140)","YIU, Po Man Angel",,> The credit load will usually be spread in the following pattern: Fall: 1; Spring: 2
HMAW,1905B,"Behavioral Foundations of University Education: Habits, Mindsets, and Wellness",3,Common Core (HMW) for 30-credit prog in 22-24 Common Core (HMW) for 30-credit prog in 25 Common Core (HMW) for 30-credit prog fr 26,T02 (4370),Tu 06:00PM - 07:20PM,Lecture Theater A (401),"YIU, Po Man Angel",,> The credit load will usually be spread in the following pattern: Fall: 1; Spring: 2
HMAW,1905B,"Behavioral Foundations of University Education: Habits, Mindsets, and Wellness",3,Common Core (HMW) for 30-credit prog in 22-24 Common Core (HMW) for 30-credit prog in 25 Common Core (HMW) for 30-credit prog fr 26,T03 (4371),03-SEP-2026 - 03-SEP-2026 Th 06:00PM - 07:20PM,Lecture Theater B (317),"YIU, Po Man Angel",,> The credit load will usually be spread in the following pattern: Fall: 1; Spring: 2
HMAW,1905C,"Behavioral Foundations of University Education: Habits, Mindsets, and Wellness",3,Common Core (HMW) for 30-credit prog in 22-24 Common Core (HMW) for 30-credit prog in 25 Common Core (HMW) for 30-credit prog fr 26,T01 (4335),Mo 06:00PM - 07:20PM,TBA,"CHAO, Melody Manchi KOH, Tat Koon",,> The credit load will usually be spread in the following pattern: Fall: 1; Spring: 2
HMAW,1905C,"Behavioral Foundations of University Education: Habits, Mindsets, and Wellness",3,Common Core (HMW) for 30-credit prog in 22-24 Common Core (HMW) for 30-credit prog in 25 Common Core (HMW) for 30-credit prog fr 26,T02 (4336),Mo 06:00PM - 07:20PM,TBA,"CHAO, Melody Manchi KOH, Tat Koon",,> The credit load will usually be spread in the following pattern: Fall: 1; Spring: 2
HMAW,1905C,"Behavioral Foundations of University Education: Habits, Mindsets, and Wellness",3,Common Core (HMW) for 30-credit prog in 22-24 Common Core (HMW) for 30-credit prog in 25 Common Core (HMW) for 30-credit prog fr 26,T03 (4337),Mo 06:00PM - 07:20PM,TBA,"CHAO, Melody Manchi KOH, Tat Koon",,> The credit load will usually be spread in the following pattern: Fall: 1; Spring: 2
HMAW,1905C,"Behavioral Foundations of University Education: Habits, Mindsets, and Wellness",3,Common Core (HMW) for 30-credit prog in 22-24 Common Core (HMW) for 30-credit prog in 25 Common Core (HMW) for 30-credit prog fr 26,T04 (4338),Mo 06:00PM - 07:20PM,TBA,"CHAO, Melody Manchi KOH, Tat Koon",,> The credit load will usually be spread in the following pattern: Fall: 1; Spring: 2
HMAW,1905C,"Behavioral Foundations of University Education: Habits, Mindsets, and Wellness",3,Common Core (HMW) for 30-credit prog in 22-24 Common Core (HMW) for 30-credit prog in 25 Common Core (HMW) for 30-credit prog fr 26,T05 (4339),Mo 06:00PM - 07:20PM,TBA,"CHAO, Melody Manchi KOH, Tat Koon",,> The credit load will usually be spread in the following pattern: Fall: 1; Spring: 2
HMAW,1905C,"Behavioral Foundations of University Education: Habits, Mindsets, and Wellness",3,Common Core (HMW) for 30-credit prog in 22-24 Common Core (HMW) for 30-credit prog in 25 Common Core (HMW) for 30-credit prog fr 26,T06 (4340),Mo 06:00PM - 07:20PM,TBA,"CHAO, Melody Manchi KOH, Tat Koon",,> The credit load will usually be spread in the following pattern: Fall: 1; Spring: 2
HMAW,1905C,"Behavioral Foundations of University Education: Habits, Mindsets, and Wellness",3,Common Core (HMW) for 30-credit prog in 22-24 Common Core (HMW) for 30-credit prog in 25 Common Core (HMW) for 30-credit prog fr 26,T07 (4341),Mo 06:00PM - 07:20PM,TBA,"CHAO, Melody Manchi KOH, Tat Koon",,> The credit load will usually be spread in the following pattern: Fall: 1; Spring: 2
HMAW,1905C,"Behavioral Foundations of University Education: Habits, Mindsets, and Wellness",3,Common Core (HMW) for 30-credit prog in 22-24 Common Core (HMW) for 30-credit prog in 25 Common Core (HMW) for 30-credit prog fr 26,T08 (4342),Mo 06:00PM - 07:20PM,TBA,"CHAO, Melody Manchi KOH, Tat Koon",,> The credit load will usually be spread in the following pattern: Fall: 1; Spring: 2
HMAW,1905C,"Behavioral Foundations of University Education: Habits, Mindsets, and Wellness",3,Common Core (HMW) for 30-credit prog in 22-24 Common Core (HMW) for 30-credit prog in 25 Common Core (HMW) for 30-credit prog fr 26,T09 (4343),Mo 06:00PM - 07:20PM,TBA,"CHAO, Melody Manchi KOH, Tat Koon",,> The credit load will usually be spread in the following pattern: Fall: 1; Spring: 2
HMAW,1905C,"Behavioral Foundations of University Education: Habits, Mindsets, and Wellness",3,Common Core (HMW) for 30-credit prog in 22-24 Common Core (HMW) for 30-credit prog in 25 Common Core (HMW) for 30-credit prog fr 26,T10 (4344),Mo 06:00PM - 07:20PM,TBA,"CHAO, Melody Manchi KOH, Tat Koon",,> The credit load will usually be spread in the following pattern: Fall: 1; Spring: 2
HMAW,1905D,"Behavioral Foundations of University Education: Habits, Mindsets, and Wellness",3,Common Core (HMW) for 30-credit prog in 22-24 Common Core (HMW) for 30-credit prog in 25 Common Core (HMW) for 30-credit prog fr 26,T01 (4373),Fr 01:30PM - 02:50PM,"Rm 2502, Lift 25-26 (120)","FUNG, Eddy LEUNG, Yee Man Yvonne MEGAN, Melissa Jane ONGARO, Giulio WONG, James K.",,> The credit load will usually be spread in the following pattern: Fall: 1; Spring: 2
HMAW,1905E,"Behavioral Foundations of University Education: Habits, Mindsets, and Wellness",3,Common Core (HMW) for 30-credit prog in 22-24 Common Core (HMW) for 30-credit prog in 25 Common Core (HMW) for 30-credit prog fr 26,T01 (3037),Th 06:00PM - 07:20PM,"Rm 1527, Lift 22 (74)","SAUERWEIN, Meike",,> The credit load will usually be spread in the following pattern: Fall: 1; Spring: 2
HMAW,1905E,"Behavioral Foundations of University Education: Habits, Mindsets, and Wellness",3,Common Core (HMW) for 30-credit prog in 22-24 Common Core (HMW) for 30-credit prog in 25 Common Core (HMW) for 30-credit prog fr 26,T02 (3038),Th 06:00PM - 07:20PM,"Rm 2463, Lift 25-26 (42)","LEUNG, Jac Ka Lok",,> The credit load will usually be spread in the following pattern: Fall: 1; Spring: 2
HMMA,5003,Chinese Literary History,3,[C] Require Chinese reading,L1 (4561),Tu 03:00PM - 05:50PM,"Rm 3020, Lift 2",TBA,,> For MA(CC) students only
HUMA,1010,Introduction to Language,3,Common Core (H) for 36-credit program Common Core (H) for 30-credit prog in 22-24 Common Core (H) for 30-credit prog in 25 Common Core (H) for 30-credit prog fr 26,L1 (2834),WeFr 04:30PM - 05:50PM,"Rm 2306, Lift 17-18 (111)","TAY, Dennis",,
HUMA,1100,Music of the World,3,Common Core (Arts) for 36-credit program Common Core (A) for 30-credit prog in 22-24 Common Core (A) for 30-credit prog in 25 Common Core (A) for 30-credit prog fr 26,L1 (2835),TuTh 04:30PM - 05:50PM,"LTL, CYT Bldg (354)","SHAO, YiFan",,
HUMA,1102,Enjoyment of Classical Music,3,Common Core (Arts) for 36-credit program Common Core (A) for 30-credit prog in 22-24 Common Core (A) for 30-credit prog in 25 Common Core (A) for 30-credit prog fr 26,L1 (2836),TuTh 12:00PM - 01:20PM,"LTL, CYT Bldg (354)","DROSCHA, Isaac David",,
HUMA,1102,Enjoyment of Classical Music,3,Common Core (Arts) for 36-credit program Common Core (A) for 30-credit prog in 22-24 Common Core (A) for 30-credit prog in 25 Common Core (A) for 30-credit prog fr 26,L2 (2837),TuTh 10:30AM - 11:50AM,"LTL, CYT Bldg (354)","DROSCHA, Isaac David",,
HUMA,1109,Understanding Music in Context,3,Common Core (Arts) for 36-credit program Common Core (A) for 30-credit prog in 22-24 Common Core (A) for 30-credit prog in 25 Common Core (A) for 30-credit prog fr 26,L1 (2838),TuTh 09:00AM - 10:20AM,"LTL, CYT Bldg (354)","LO, See Yin",,
HUMA,1110,Improvisational Artists Lab,3,Common Core (Arts) for 36-credit program Common Core (A) for 30-credit prog in 22-24 Common Core (A) for 30-credit prog in 25 Common Core (A) for 30-credit prog fr 26,L1 (2839),Th 10:30AM - 01:20PM,"Rm 103, Shaw Auditorium","SHAO, YiFan",,Instructor Consent Required
HUMA,1154,Photography,3,Common Core (Arts) for 36-credit program Common Core (A) for 30-credit prog in 22-24 Common Core (A) for 30-credit prog in 25 Common Core (A) for 30-credit prog fr 26,L1 (2840),Tu 06:00PM - 07:50PM,"LG3008, Lift 10-12 (82)","CHU, Shun",,
HUMA,1154,Photography,3,Common Core (Arts) for 36-credit program Common Core (A) for 30-credit prog in 22-24 Common Core (A) for 30-credit prog in 25 Common Core (A) for 30-credit prog fr 26,L2 (2842),Mo 06:00PM - 07:50PM,"LG3008, Lift 10-12 (82)","CHU, Shun",,
HUMA,1154,Photography,3,Common Core (Arts) for 36-credit program Common Core (A) for 30-credit prog in 22-24 Common Core (A) for 30-credit prog in 25 Common Core (A) for 30-credit prog fr 26,T1 (2844),Tu 08:00PM - 08:50PM,"LG3008, Lift 10-12 (82)","CHU, Shun",,
HUMA,1154,Photography,3,Common Core (Arts) for 36-credit program Common Core (A) for 30-credit prog in 22-24 Common Core (A) for 30-credit prog in 25 Common Core (A) for 30-credit prog fr 26,T2 (2846),Mo 08:00PM - 08:50PM,"LG3008, Lift 10-12 (82)","CHU, Shun",,
HUMA,1156,Exploration of Chinese Calligraphy,3,Common Core (Arts) for 36-credit program Common Core (A) for 30-credit prog in 22-24 Common Core (A) for 30-credit prog in 25 Common Core (A) for 30-credit prog fr 26,L1 (2847),Th 04:00PM - 05:50PM,"Rm 6602, Lift 31-32 (60)","CHU, Shun",,
HUMA,1156,Exploration of Chinese Calligraphy,3,Common Core (Arts) for 36-credit program Common Core (A) for 30-credit prog in 22-24 Common Core (A) for 30-credit prog in 25 Common Core (A) for 30-credit prog fr 26,T1 (2848),We 09:00AM - 09:50AM,"Multi-function Room, LG4, LIB","CHU, Shun",,
HUMA,1156,Exploration of Chinese Calligraphy,3,Common Core (Arts) for 36-credit program Common Core (A) for 30-credit prog in 22-24 Common Core (A) for 30-credit prog in 25 Common Core (A) for 30-credit prog fr 26,T2 (4543),We 10:00AM - 10:50AM,"Multi-function Room, LG4, LIB","CHU, Shun",,
HUMA,1157,Introduction to Acting and Public Speaking,3,Common Core (Arts) for 36-credit program Common Core (A) for 30-credit prog in 22-24 Common Core (A) for 30-credit prog in 25 Common Core (A) for 30-credit prog fr 26,L1 (2849),We 01:00PM - 01:50PM,"Rm 3020, Lift 2","DROSCHA, Isaac David",,
HUMA,1157,Introduction to Acting and Public Speaking,3,Common Core (Arts) for 36-credit program Common Core (A) for 30-credit prog in 22-24 Common Core (A) for 30-credit prog in 25 Common Core (A) for 30-credit prog fr 26,T1 (2851),We 02:00PM - 03:50PM,"Rm 3020, Lift 2","DROSCHA, Isaac David",,
HUMA,1157,Introduction to Acting and Public Speaking,3,Common Core (Arts) for 36-credit program Common Core (A) for 30-credit prog in 22-24 Common Core (A) for 30-credit prog in 25 Common Core (A) for 30-credit prog fr 26,T2 (2853),We 04:00PM - 05:50PM,"Rm 3020, Lift 2","DROSCHA, Isaac David",,
HUMA,1160,Weiqi and Chinese Culture,1,Common Core (Arts) for 36-credit program Common Core (A) for 30-credit prog in 22-24 Common Core (A) for 30-credit prog in 25 Common Core (A) for 30-credit prog fr 26 [PU] Putonghua [C] Require Chinese reading,L1 (2854),Th 10:00AM - 11:50AM,"Rm 2463, Lift 25-26 (42)","XU, Ying",,
HUMA,1160,Weiqi and Chinese Culture,1,Common Core (Arts) for 36-credit program Common Core (A) for 30-credit prog in 22-24 Common Core (A) for 30-credit prog in 25 Common Core (A) for 30-credit prog fr 26 [PU] Putonghua [C] Require Chinese reading,L2 (2855),Th 02:00PM - 03:50PM,"Rm 5402, Lift 17-18 (43)","XU, Ying",,
HUMA,1210,Chinese Women on Screen,3,Common Core (Arts) for 36-credit program Common Core (H) for 36-credit program Common Core (A) for 30-credit prog in 22-24 Common Core (H) for 30-credit prog in 22-24 Common Core (A) for 30-credit prog in 25 Common Core (H) for 30-credit prog in 25 Common Core (A) for 30-credit prog fr 26 Common Core (H) for 30-credit prog fr 26,L1 (2856),Mo 12:00PM - 02:50PM,Lecture Theater K (106),"DU, Daisy Yan",,
HUMA,1301,World Literature and Film,3,Common Core (Arts) for 36-credit program Common Core (A) for 30-credit prog in 22-24 Common Core (A) for 30-credit prog in 25 Common Core (A) for 30-credit prog fr 26,L1 (2857),Th 03:00PM - 05:50PM,"Rm 2465, Lift 25-26 (122)",TBA,,
HUMA,1302,World Literature in the 20th Century,3,Common Core (H) for 36-credit program Common Core (H) for 30-credit prog in 22-24 Common Core (H) for 30-credit prog in 25 Common Core (H) for 30-credit prog fr 26 [EN] Taught in Eng/Chin subject to diff. offerings,L1 (2858),TuTh 01:30PM - 02:50PM,"Rm 2465, Lift 25-26 (122)","YAN, Lianke",,
HUMA,1412,China Through Time and Space: Chinese Historical Geography,3,Common Core (H) for 36-credit program Common Core (H) for 30-credit prog in 22-24 Common Core (H) for 30-credit prog in 25 Common Core (H) for 30-credit prog fr 26 [C] Require Chinese reading,L1 (2859),Tu 04:30PM - 05:50PM,"Rm 4620, Lift 31-32 (126)","MA, Steve",,
HUMA,1412,China Through Time and Space: Chinese Historical Geography,3,Common Core (H) for 36-credit program Common Core (H) for 30-credit prog in 22-24 Common Core (H) for 30-credit prog in 25 Common Core (H) for 30-credit prog fr 26 [C] Require Chinese reading,T1 (2860),Th 04:30PM - 05:50PM,"Rm 4620, Lift 31-32 (126)","MA, Steve",,
HUMA,1440,Modern China,3,Common Core (H) for 36-credit program [C] Require Chinese reading,L1 (2861),TuTh 01:30PM - 02:20PM,"G009A, CYT Bldg (80)","ZHANG, Lok Cheung Lawrence",,
HUMA,1440,Modern China,3,Common Core (H) for 36-credit program [C] Require Chinese reading,T1 (2862),TuTh 02:30PM - 02:50PM,"G009A, CYT Bldg (80)","ZHANG, Lok Cheung Lawrence",,
HUMA,1622,"Science, Technology and Society: Historical and Cultural Approaches",3,Common Core (H) for 36-credit program Common Core (SA) for 36-credit program Common Core (H) for 30-credit prog in 22-24 Common Core (SA) for 30-credit prog in 22-24 Common Core (H) for 30-credit prog in 25 Common Core (SA) for 30-credit prog in 25 Common Core (H) for 30-credit prog fr 26 Common Core (SA) for 30-credit prog fr 26,L1 (2863),Fr 03:00PM - 04:20PM,"LG5202, Lift 10-12 (104)","CHEE, Pui Yee",,
HUMA,1622,"Science, Technology and Society: Historical and Cultural Approaches",3,Common Core (H) for 36-credit program Common Core (SA) for 36-credit program Common Core (H) for 30-credit prog in 22-24 Common Core (SA) for 30-credit prog in 22-24 Common Core (H) for 30-credit prog in 25 Common Core (SA) for 30-credit prog in 25 Common Core (H) for 30-credit prog fr 26 Common Core (SA) for 30-credit prog fr 26,T1 (2865),We 12:00PM - 01:20PM,"Rm 4579, Lift 27-28 (60)","CHEE, Pui Yee",,
HUMA,1622,"Science, Technology and Society: Historical and Cultural Approaches",3,Common Core (H) for 36-credit program Common Core (SA) for 36-credit program Common Core (H) for 30-credit prog in 22-24 Common Core (SA) for 30-credit prog in 22-24 Common Core (H) for 30-credit prog in 25 Common Core (SA) for 30-credit prog in 25 Common Core (H) for 30-credit prog fr 26 Common Core (SA) for 30-credit prog fr 26,T2 (2867),Mo 09:00AM - 10:20AM,"Multi-function Room, LG4, LIB","CHEE, Pui Yee",,
HUMA,1650,Appreciation of Western Art,3,Common Core (Arts) for 36-credit program Common Core (H) for 36-credit program Common Core (A) for 30-credit prog in 22-24 Common Core (H) for 30-credit prog in 22-24 Common Core (A) for 30-credit prog in 25 Common Core (H) for 30-credit prog in 25 Common Core (A) for 30-credit prog fr 26 Common Core (H) for 30-credit prog fr 26,L1 (2868),TuTh 03:00PM - 04:20PM,Lecture Theater K (106),"KWONG, Yee Ngan",,
HUMA,1660,Introduction to Chinese Art,3,Common Core (Arts) for 36-credit program Common Core (H) for 36-credit program Common Core (A) for 30-credit prog in 22-24 Common Core (H) for 30-credit prog in 22-24 Common Core (A) for 30-credit prog in 25 Common Core (H) for 30-credit prog in 25 Common Core (A) for 30-credit prog fr 26 Common Core (H) for 30-credit prog fr 26 [PU] Putonghua [C] Require Chinese reading,L1 (4471),TuTh 10:30AM - 11:50AM,"Rm 6555, Lift 29-30 (88)","TIAN, Mi",,
HUMA,1673,Art and Digital Culture,3,Common Core (Arts) for 36-credit program Common Core (A) for 30-credit prog in 22-24 Common Core (A) for 30-credit prog in 25 Common Core (A) for 30-credit prog fr 26,L1 (2869),TuTh 12:00PM - 01:20PM,"Rm 4620, Lift 31-32 (126)","MA, Steve",,
HUMA,1676,Marco Polo and His Book of Travels,3,Common Core (H) for 36-credit program Common Core (H) for 30-credit prog in 22-24 Common Core (H) for 30-credit prog in 25 Common Core (H) for 30-credit prog fr 26,L1 (2870),Mo 03:00PM - 04:20PM,"Rm 2465, Lift 25-26 (122)","CABOARA, Marco",,
HUMA,1676,Marco Polo and His Book of Travels,3,Common Core (H) for 36-credit program Common Core (H) for 30-credit prog in 22-24 Common Core (H) for 30-credit prog in 25 Common Core (H) for 30-credit prog fr 26,L2 (2871),Mo 01:30PM - 02:50PM,"Rm 4580, Lift 27-28 (83)","CABOARA, Marco",,
HUMA,1710,The Art of Thinking in the Hong Kong Context,3,Common Core (H) for 36-credit program Common Core (H) for 30-credit prog in 22-24 Common Core (H) for 30-credit prog in 25 Common Core (H) for 30-credit prog fr 26 [CA] Cantonese [C] Require Chinese reading,L1 (2872),Mo 01:30PM - 02:50PM,"Rm 2407, Lift 17-18 (126)","NAM, Sai Lok",,
HUMA,1710,The Art of Thinking in the Hong Kong Context,3,Common Core (H) for 36-credit program Common Core (H) for 30-credit prog in 22-24 Common Core (H) for 30-credit prog in 25 Common Core (H) for 30-credit prog fr 26 [CA] Cantonese [C] Require Chinese reading,L2 (2873),Mo 03:00PM - 04:20PM,"Rm 2407, Lift 17-18 (126)","NAM, Sai Lok",,
HUMA,1811,History of Chinese Philosophy,3,Common Core (H) for 36-credit program Common Core (H) for 30-credit prog in 22-24 Common Core (H) for 30-credit prog in 25 Common Core (H) for 30-credit prog fr 26 [CA] Cantonese [C] Require Chinese reading,L1 (4475),TuTh 01:30PM - 02:50PM,"LG5202, Lift 10-12 (104)","CHAN, Chi Keung",,
HUMA,1922,Introduction to Analytic Philosophy,3,Common Core (H) for 36-credit program Common Core (H) for 30-credit prog in 22-24 Common Core (H) for 30-credit prog in 25 Common Core (H) for 30-credit prog fr 26,L1 (2877),Mo 09:00AM - 10:50AM,"Rm 2503, Lift 25-26 (87)","SHAN, Yafeng",,
HUMA,1922,Introduction to Analytic Philosophy,3,Common Core (H) for 36-credit program Common Core (H) for 30-credit prog in 22-24 Common Core (H) for 30-credit prog in 25 Common Core (H) for 30-credit prog fr 26,T1 (2878),Mo 06:00PM - 06:50PM,"Rm 2306, Lift 17-18 (111)","SHAN, Yafeng",,
HUMA,2000F,"Jewish Communities in China within the Wider Currents of Jewish, Chinese, and Global History",3,,L1 (2879),We 09:00AM - 11:50AM,"Rm 2406, Lift 17-18 (76)",TBA,,
HUMA,2000G,Find Your Voice: From Classical to Broadway,3,,L1 (2880),TuTh 01:30PM - 02:50PM,"Rm 3020, Lift 2","LO, See Yin",,
HUMA,2031,The Cantonese Language,3,Common Core (H) for 36-credit program Common Core (H) for 30-credit prog in 22-24 Common Core (H) for 30-credit prog in 25 Common Core (H) for 30-credit prog fr 26 [CA] Cantonese [C] Require Chinese reading,L1 (2881),Th 10:30AM - 12:20PM,Lecture Theater K (106),"YIU, Yuk Man Carine",,
HUMA,2031,The Cantonese Language,3,Common Core (H) for 36-credit program Common Core (H) for 30-credit prog in 22-24 Common Core (H) for 30-credit prog in 25 Common Core (H) for 30-credit prog fr 26 [CA] Cantonese [C] Require Chinese reading,T1 (2883),Tu 06:00PM - 06:50PM,"Rm 4621, Lift 31-32 (126)","YIU, Yuk Man Carine",,
HUMA,2031,The Cantonese Language,3,Common Core (H) for 36-credit program Common Core (H) for 30-credit prog in 22-24 Common Core (H) for 30-credit prog in 25 Common Core (H) for 30-credit prog fr 26 [CA] Cantonese [C] Require Chinese reading,T2 (2885),Tu 06:00PM - 06:50PM,"Rm 2406, Lift 17-18 (76)","YIU, Yuk Man Carine",,
HUMA,2032,"Language, Power and Identity",3,Common Core (H) for 36-credit program Common Core (H) for 30-credit prog in 22-24 Common Core (H) for 30-credit prog in 25 Common Core (H) for 30-credit prog fr 26,L1 (2886),We 01:30PM - 03:20PM,"G002, CYT Bldg (126)","FREESTONE, Pip",,
HUMA,2032,"Language, Power and Identity",3,Common Core (H) for 36-credit program Common Core (H) for 30-credit prog in 22-24 Common Core (H) for 30-credit prog in 25 Common Core (H) for 30-credit prog fr 26,L2 (2888),Tu 03:00PM - 04:50PM,"G002, CYT Bldg (126)","FREESTONE, Pip",,
HUMA,2032,"Language, Power and Identity",3,Common Core (H) for 36-credit program Common Core (H) for 30-credit prog in 22-24 Common Core (H) for 30-credit prog in 25 Common Core (H) for 30-credit prog fr 26,T1A (2890),Tu 05:00PM - 05:50PM,"Rm 4580, Lift 27-28 (83)","FREESTONE, Pip",,
HUMA,2032,"Language, Power and Identity",3,Common Core (H) for 36-credit program Common Core (H) for 30-credit prog in 22-24 Common Core (H) for 30-credit prog in 25 Common Core (H) for 30-credit prog fr 26,T1B (2892),Tu 10:30AM - 11:20AM,"G009A, CYT Bldg (80)","FREESTONE, Pip",,
HUMA,2032,"Language, Power and Identity",3,Common Core (H) for 36-credit program Common Core (H) for 30-credit prog in 22-24 Common Core (H) for 30-credit prog in 25 Common Core (H) for 30-credit prog fr 26,T2A (2893),Mo 09:30AM - 10:20AM,"Rm 4579, Lift 27-28 (60)","FREESTONE, Pip",,
HUMA,2032,"Language, Power and Identity",3,Common Core (H) for 36-credit program Common Core (H) for 30-credit prog in 22-24 Common Core (H) for 30-credit prog in 25 Common Core (H) for 30-credit prog fr 26,T2B (2894),We 06:00PM - 06:50PM,"Rm 2406, Lift 17-18 (76)","FREESTONE, Pip",,
HUMA,2035,Language in Action: Doing Discourse Analysis,3,Common Core (H) for 36-credit program Common Core (H) for 30-credit prog in 22-24 Common Core (H) for 30-credit prog in 25 Common Core (H) for 30-credit prog fr 26,L1 (2895),MoWe 12:00PM - 01:20PM,"LG5202, Lift 10-12 (104)","PAN, Ping",,
HUMA,2103,Introduction to Music Composition,3,,L1 (2896),Mo 03:00PM - 04:50PM,"Rm 3020, Lift 2","SNOWDEN, Steven Dewey",,
HUMA,2103,Introduction to Music Composition,3,,T1 (2898),Fr 03:00PM - 03:50PM,"Rm 3020, Lift 2","SNOWDEN, Steven Dewey",,
HUMA,2103,Introduction to Music Composition,3,,T2 (2900),Fr 04:00PM - 04:50PM,"Rm 3020, Lift 2","SNOWDEN, Steven Dewey",,
HUMA,2103,Introduction to Music Composition,3,,T3 (2901),Fr 05:00PM - 05:50PM,"Rm 3020, Lift 2","SNOWDEN, Steven Dewey",,
HUMA,2104,Music Theory I: Introduction to Tonal Music,3,Common Core (Arts) for 36-credit program Common Core (A) for 30-credit prog in 22-24 Common Core (A) for 30-credit prog in 25 Common Core (A) for 30-credit prog fr 26,L1 (2902),MoWe 09:00AM - 09:50AM,"Rm 103, Shaw Auditorium","LEUNG, Hin Yan Austin",,
HUMA,2104,Music Theory I: Introduction to Tonal Music,3,Common Core (Arts) for 36-credit program Common Core (A) for 30-credit prog in 22-24 Common Core (A) for 30-credit prog in 25 Common Core (A) for 30-credit prog fr 26,T1 (2904),We 10:00AM - 10:50AM,"Rm 103, Shaw Auditorium","LEUNG, Hin Yan Austin",,
HUMA,2104,Music Theory I: Introduction to Tonal Music,3,Common Core (Arts) for 36-credit program Common Core (A) for 30-credit prog in 22-24 Common Core (A) for 30-credit prog in 25 Common Core (A) for 30-credit prog fr 26,T2 (2906),We 11:00AM - 11:50AM,"Rm 103, Shaw Auditorium","LEUNG, Hin Yan Austin",,
HUMA,2104,Music Theory I: Introduction to Tonal Music,3,Common Core (Arts) for 36-credit program Common Core (A) for 30-credit prog in 22-24 Common Core (A) for 30-credit prog in 25 Common Core (A) for 30-credit prog fr 26,T3 (2907),We 12:00PM - 12:50PM,"Rm 103, Shaw Auditorium","LEUNG, Hin Yan Austin",,
HUMA,2104,Music Theory I: Introduction to Tonal Music,3,Common Core (Arts) for 36-credit program Common Core (A) for 30-credit prog in 22-24 Common Core (A) for 30-credit prog in 25 Common Core (A) for 30-credit prog fr 26,T4 (2908),We 01:00PM - 01:50PM,"Rm 103, Shaw Auditorium","LEUNG, Hin Yan Austin",,
HUMA,2105,"Music, Drama, and Theatre",3,Common Core (Arts) for 36-credit program Common Core (A) for 30-credit prog in 22-24 Common Core (A) for 30-credit prog in 25 Common Core (A) for 30-credit prog fr 26,L1 (2909),TuTh 03:00PM - 04:20PM,"LTL, CYT Bldg (354)","LO, See Yin",,
HUMA,2107,Introduction to Electronic Music Composition,3,Common Core (Arts) for 36-credit program Common Core (A) for 30-credit prog in 22-24 Common Core (A) for 30-credit prog in 25 Common Core (A) for 30-credit prog fr 26,L1 (2910),Fr 09:00AM - 10:50AM,"Rm 105, Shaw Auditorium","SNOWDEN, Steven Dewey",,
HUMA,2107,Introduction to Electronic Music Composition,3,Common Core (Arts) for 36-credit program Common Core (A) for 30-credit prog in 22-24 Common Core (A) for 30-credit prog in 25 Common Core (A) for 30-credit prog fr 26,T1 (2912),Fr 11:00AM - 11:50AM,"Rm 105, Shaw Auditorium","SNOWDEN, Steven Dewey",,
HUMA,2107,Introduction to Electronic Music Composition,3,Common Core (Arts) for 36-credit program Common Core (A) for 30-credit prog in 22-24 Common Core (A) for 30-credit prog in 25 Common Core (A) for 30-credit prog fr 26,T2 (2914),Fr 12:00PM - 12:50PM,"Rm 105, Shaw Auditorium","SNOWDEN, Steven Dewey",,
HUMA,2107,Introduction to Electronic Music Composition,3,Common Core (Arts) for 36-credit program Common Core (A) for 30-credit prog in 22-24 Common Core (A) for 30-credit prog in 25 Common Core (A) for 30-credit prog fr 26,T3 (2915),Fr 01:00PM - 01:50PM,"Rm 105, Shaw Auditorium","SNOWDEN, Steven Dewey",,
HUMA,2205,"Asian Cinema, Global Cinema",3,Common Core (Arts) for 36-credit program Common Core (H) for 36-credit program Common Core (A) for 30-credit prog in 22-24 Common Core (H) for 30-credit prog in 22-24 Common Core (A) for 30-credit prog in 25 Common Core (H) for 30-credit prog in 25 Common Core (A) for 30-credit prog fr 26 Common Core (H) for 30-credit prog fr 26,L1 (2916),TuTh 09:00AM - 09:50AM,"LG5202, Lift 10-12 (104)",TBA,,
HUMA,2205,"Asian Cinema, Global Cinema",3,Common Core (Arts) for 36-credit program Common Core (H) for 36-credit program Common Core (A) for 30-credit prog in 22-24 Common Core (H) for 30-credit prog in 22-24 Common Core (A) for 30-credit prog in 25 Common Core (H) for 30-credit prog in 25 Common Core (A) for 30-credit prog fr 26 Common Core (H) for 30-credit prog fr 26,T1 (2917),TuTh 10:00AM - 10:20AM,"LG5202, Lift 10-12 (104)",TBA,,
HUMA,2400,Approaches to Humanities in China Studies,3,[C] Require Chinese reading,L1 (2920),Mo 01:30PM - 03:20PM,"Rm 1409, Lift 25-26 (60)","CHUNG, Yan Hon Michael MA, Xiaolu ONGARO, Giulio",,
HUMA,2400,Approaches to Humanities in China Studies,3,[C] Require Chinese reading,T1 (2921),Mo 03:30PM - 04:20PM,"Rm 1409, Lift 25-26 (60)","CHUNG, Yan Hon Michael MA, Xiaolu ONGARO, Giulio",,
HUMA,2401,Global Science Fiction: An Interdisciplinary Approach,3,Common Core (H) for 36-credit program Common Core (H) for 30-credit prog in 22-24 Common Core (H) for 30-credit prog in 25 Common Core (H) for 30-credit prog fr 26,L1 (2922),MoWe 09:00AM - 09:50AM,"LG5202, Lift 10-12 (104)","POSADAS, Baryon Tensor ZUERN, Tobias Benedikt",,
HUMA,2401,Global Science Fiction: An Interdisciplinary Approach,3,Common Core (H) for 36-credit program Common Core (H) for 30-credit prog in 22-24 Common Core (H) for 30-credit prog in 25 Common Core (H) for 30-credit prog fr 26,T1 (2923),MoWe 10:00AM - 10:20AM,"LG5202, Lift 10-12 (104)","POSADAS, Baryon Tensor ZUERN, Tobias Benedikt",,
HUMA,2440,20th-Century China in Documentary Films,3,Common Core (H) for 36-credit program Common Core (H) for 30-credit prog in 22-24 Common Core (H) for 30-credit prog in 25 Common Core (H) for 30-credit prog fr 26,L1 (2924),Mo 12:00PM - 01:50PM,"Rm 4619, Lift 31-32 (126)","CHANG, David Cheng",,
HUMA,2440,20th-Century China in Documentary Films,3,Common Core (H) for 36-credit program Common Core (H) for 30-credit prog in 22-24 Common Core (H) for 30-credit prog in 25 Common Core (H) for 30-credit prog fr 26,T1 (2925),Mo 02:00PM - 02:50PM,"Rm 4619, Lift 31-32 (126)","CHANG, David Cheng",,
HUMA,2470,"From Fung Shui to Mao's Villages: City Plans, Urban Politics & the Unseen World of Chinese Villages",3,Common Core (H) for 36-credit program Common Core (H) for 30-credit prog in 22-24 Common Core (H) for 30-credit prog in 25 Common Core (H) for 30-credit prog fr 26 [C] Require Chinese reading,L1 (2926),TuTh 09:00AM - 09:50AM,"Rm 4620, Lift 31-32 (126)","CHEN, Mian",,
HUMA,2470,"From Fung Shui to Mao's Villages: City Plans, Urban Politics & the Unseen World of Chinese Villages",3,Common Core (H) for 36-credit program Common Core (H) for 30-credit prog in 22-24 Common Core (H) for 30-credit prog in 25 Common Core (H) for 30-credit prog fr 26 [C] Require Chinese reading,T1 (2927),TuTh 10:00AM - 10:20AM,"Rm 4620, Lift 31-32 (126)","CHEN, Mian",,
HUMA,2588,"Nazism and German Society, 1914-1945",3,Common Core (H) for 36-credit program Common Core (H) for 30-credit prog in 22-24 Common Core (H) for 30-credit prog in 25 Common Core (H) for 30-credit prog fr 26,L1 (2928),Mo 04:30PM - 05:50PM,"Rm 2465, Lift 25-26 (122)","DERMAN, Joshua",,
HUMA,2623,Cultural Sustainability in South China,3,Common Core (H) for 36-credit program [CA] Cantonese [PU] Putonghua,L1 (2929),Mo 03:00PM - 03:50PM,"Rm 2464, Lift 25-26 (122)","LIU, Junmin",,
HUMA,2623,Cultural Sustainability in South China,3,Common Core (H) for 36-credit program [CA] Cantonese [PU] Putonghua,T1 (2930),Mo 04:00PM - 04:20PM,"Rm 2464, Lift 25-26 (122)","LIU, Junmin",,
HUMA,2638,Peoples and Cultures in Southeast Asia,3,Common Core (H) for 36-credit program Common Core (H) for 30-credit prog in 22-24 Common Core (H) for 30-credit prog in 25 Common Core (H) for 30-credit prog fr 26,L1 (2931),Tu 12:00PM - 01:50PM,"G002, CYT Bldg (126)","MA, Jianxiong",,
HUMA,2638,Peoples and Cultures in Southeast Asia,3,Common Core (H) for 36-credit program Common Core (H) for 30-credit prog in 22-24 Common Core (H) for 30-credit prog in 25 Common Core (H) for 30-credit prog fr 26,T1 (2932),Tu 02:00PM - 02:50PM,"G002, CYT Bldg (126)","MA, Jianxiong",,
HUMA,2680,Understanding Western Architecture,3,Common Core (Arts) for 36-credit program Common Core (H) for 36-credit program Common Core (A) for 30-credit prog in 22-24 Common Core (H) for 30-credit prog in 22-24 Common Core (A) for 30-credit prog in 25 Common Core (H) for 30-credit prog in 25 Common Core (A) for 30-credit prog fr 26 Common Core (H) for 30-credit prog fr 26,L1 (2933),MoWe 10:30AM - 11:50AM,Lecture Theater K (106),"KWONG, Yee Ngan",,
HUMA,2921,Ethical Theories and Contemporary Issues,3,Common Core (H) for 36-credit program Common Core (H) for 30-credit prog in 22-24 Common Core (H) for 30-credit prog in 25 Common Core (H) for 30-credit prog fr 26,L1 (2934),WeFr 01:30PM - 02:50PM,"Rm 2464, Lift 25-26 (122)","NAM, Kyung-ah",,
HUMA,3050,Psychology of Language,3,Common Core (H) for 36-credit program Common Core (H) for 30-credit prog in 22-24 Common Core (H) for 30-credit prog in 25 Common Core (H) for 30-credit prog fr 26,L1 (2935),Fr 09:00AM - 11:50AM,"LG3009, Lift 10-12 (88)","QIN, Zhen Quentin",,
HUMA,3102,Making Chamber Music A,2,,L1 (2936),Mo 07:00PM - 08:50PM,"Rm 3020, Lift 2","SZE, Amy",,Instructor Consent Required
HUMA,3102,Making Chamber Music A,2,,L2 (2937),Th 07:00PM - 08:50PM,"Rm 3020, Lift 2","SZE, Amy",,Instructor Consent Required
HUMA,3102,Making Chamber Music A,2,,L3 (2938),Fr 07:00PM - 08:50PM,"Rm 3020, Lift 2","SZE, Amy",,Instructor Consent Required
HUMA,3104,Music Theory IIA - Fundamentals of Harmony and Counterpoint,3,,L1 (2939),Mo 10:00AM - 11:50AM,"Rm 103, Shaw Auditorium","LEUNG, Hin Yan Austin",,Instructor Consent Required
HUMA,3104,Music Theory IIA - Fundamentals of Harmony and Counterpoint,3,,T1 (2941),Mo 01:00PM - 01:50PM,"Rm 103, Shaw Auditorium","LEUNG, Hin Yan Austin",,Instructor Consent Required
HUMA,3104,Music Theory IIA - Fundamentals of Harmony and Counterpoint,3,,T2 (2943),Mo 02:00PM - 02:50PM,"Rm 103, Shaw Auditorium","LEUNG, Hin Yan Austin",,Instructor Consent Required
HUMA,3104,Music Theory IIA - Fundamentals of Harmony and Counterpoint,3,,T3 (2944),Mo 12:00PM - 12:50PM,"Rm 103, Shaw Auditorium","LEUNG, Hin Yan Austin",,Instructor Consent Required
HUMA,3900,Philosophical Inquiry into the Modern World,3,Common Core (H) for 36-credit program Common Core (H) for 30-credit prog in 22-24 Common Core (H) for 30-credit prog in 25 Common Core (H) for 30-credit prog fr 26,L1 (2946),Mo 04:30PM - 05:50PM,"Rm 4621, Lift 31-32 (126)","NAM, Kyung-ah",,
HUMA,4000O,Images of Asia,3,,L1 (2947),We 12:00PM - 02:50PM,"Rm 4620, Lift 31-32 (126)","POSADAS, Baryon Tensor",,
HUMA,4020,Language and Literature in Modern China,3,[CA] Cantonese [PU] Putonghua [C] Require Chinese reading,L1 (2948),TuTh 09:00AM - 10:20AM,"Rm 6602, Lift 31-32 (60)","ZHANG, Min",,
HUMA,4801,Classical Chinese Philosophy,3,,L1 (2949),MoWe 12:00PM - 01:20PM,"Rm 4502, Lift 25-26 (60)",TBA,,
HUMA,5160,Chinese Phonetics and Phonology,3,[PU] Putonghua [C] Require Chinese reading,L1 (1353),Th 03:00PM - 05:50PM,"Rm 5566, Lift 27-28 (24)","QIN, Zhen Quentin",,
HUMA,5270,Cantonese Linguistics,3,[PU] Putonghua [C] Require Chinese reading,L1 (1354),Tu 09:00AM - 11:50AM,"Rm 2611, Lift 31-32 (28)","YIU, Yuk Man Carine",,
HUMA,5310,Traveling Texts and Images: Modern Chinese Literature and Print Culture,3,[C] Require Chinese reading,L1 (1355),Mo 03:00PM - 05:50PM,"Rm 2610, Lift 31-32 (26)",TBA,,
HUMA,5340,Modern Chinese Literary Criticism,3,[PU] Putonghua [C] Require Chinese reading,L1 (1356),Fr 03:00PM - 05:50PM,"Rm 2126B, Lift 19 (28)","WU, Shengqing",,
HUMA,5370,Animation Theories,3,,L1 (4480),We 06:00PM - 08:50PM,"Rm 5566, Lift 27-28 (24)","DU, Daisy Yan",,
HUMA,5451,Images of Asia,3,,L1 (1358),We 12:00PM - 02:50PM,TBA,"POSADAS, Baryon Tensor",,
HUMA,5543,Excavated Documents,3,[PU] Putonghua [C] Require Chinese reading,L1 (1359),Fr 09:00AM - 11:50AM,"Rm 2611, Lift 31-32 (28)","MA, Steve",,
HUMA,5690,Major Issues in the History of U.S.-China Relations,3,[C] Require Chinese reading,L1 (1360),Tu 03:00PM - 05:50PM,"Rm 2611, Lift 31-32 (28)","CHANG, David Cheng",,
HUMA,5755,Ethnicity in Chinese Context,3,,L1 (1361),Mo 12:00PM - 02:50PM,"Rm 5566, Lift 27-28 (24)","MA, Jianxiong",,
HUMA,5800,Fundamentals of Chinese Philosophy,3,[PU] Putonghua [C] Require Chinese reading,L1 (1362),Th 12:00PM - 02:50PM,"Rm 2304, Lift 17-18 (76)","WONG, Simon Man Ho",,
HUMA,5902,Philosophy of Biology,3,,L1 (1363),We 03:00PM - 05:50PM,"Rm 2610, Lift 31-32 (26)","SHAN, Yafeng",,
HUMA,6001C,Chinese and Global Futures: Comparative Perspectives on Chinese Speculative Fiction,3,,L1 (4473),Th 12:00PM - 02:50PM,"Rm 5566, Lift 27-28 (24)",TBA,,
HUMA,6001D,Ten Keywords on Modern and Contemporary China: Literature and Visual Culture,3,,L1 (4474),Mo 12:00PM - 02:50PM,"Rm 2610, Lift 31-32 (26)",TBA,,
HUMA,6100A,Independent Study,3,,R1 (4500),TBA,TBA,"QIN, Zhen Quentin SHAN, Yafeng",,
HUMA,6100B,Independent Study,3,,R1 (4518),TBA,TBA,"SHAN, Yafeng",,
HUMA,6100C,Independent Study,2,,R1 (4501),TBA,TBA,"SHAN, Yafeng",,Instructor Consent Required
HUMA,6300,Postgraduate Seminar,1,,T1 (4538),TBA,TBA,TBA,,
HUMA,6990,MPhil Thesis Research,0,,R1 (1364),TBA,TBA,TBA,,> For MPhil(HUMA) students only
HUMA,7990,Doctoral Thesis Research,0,,R1 (1365),TBA,TBA,TBA,,> For PhD(HUMA) students only
IBTM,5050,Intelligent Building System,3,,L1 (1835),Fr 07:00PM - 09:50PM,"Rm 3, 30/F, Tower 1,Millennity",TBA,,
IBTM,5150,Advanced HVAC Systems,3,,L1 (1836),Tu 07:00PM - 09:50PM,"Rm 5, 30/F, Tower 1,Millennity","WANG, Zhe",,
IBTM,5460,Materials in Built Environment,3,,L1 (1837),Mo 07:00PM - 09:50PM,"Rm 5404, Lift 17-18 (93)","LAM, David",,
IBTM,5500,Occupational Safety and Health Issues in Buildings,3,,L1 (1838),Th 07:00PM - 09:50PM,"Rm 2306, Lift 17-18 (111)","KWAN, Joseph Kai Cho YU, Samuel Chung Toi",,
IBTM,5670,Fire Safety Engineering,3,,L1 (1839),05-SEP-2026 - 24-OCT-2026 Sa 03:00PM - 05:50PM,"Rm 2406, Lift 17-18 (76)","TSUI, Suk Chong",,
IBTM,5680,Lighting Engineering,3,,L1 (1840),We 07:00PM - 09:50PM,"Rm 3, 30/F, Tower 1,Millennity","HUI, Chun Man",,
IBTM,6950A,Independent Studies,3,,R1 (4583),TBA,TBA,TBA,,Instructor Consent Required
IBTM,6950B,Independent Studies,6,,R1 (4573),TBA,TBA,TBA,,Instructor Consent Required
IEDA,1010,Academic and Professional Development I,0,,T1 (2950),Fr 12:00PM - 12:50PM,"LTL, CYT Bldg (354)","ZHANG, Jiheng",,
IEDA,1010,Academic and Professional Development I,0,,T2 (2951),Fr 12:00PM - 12:50PM,TBA,"ZHANG, Jiheng",,> Classes held in CYTLTL
IEDA,1010,Academic and Professional Development I,0,,T3 (2952),Fr 12:00PM - 12:50PM,TBA,"ZHANG, Jiheng",,> Classes held in CYTLTL
IEDA,1010,Academic and Professional Development I,0,,T4 (2953),Fr 12:00PM - 12:50PM,TBA,"ZHANG, Jiheng",,> Classes held in CYTLTL
IEDA,1020,Academic and Professional Development II,0,,T1 (2954),Fr 12:00PM - 12:50PM,TBA,"ZHANG, Jiheng",,> Classes held in CYTLTL
IEDA,1020,Academic and Professional Development II,0,,T2 (2955),Fr 12:00PM - 12:50PM,TBA,"ZHANG, Jiheng",,> Classes held in CYTLTL
IEDA,1020,Academic and Professional Development II,0,,T3 (2956),Fr 12:00PM - 12:50PM,TBA,"ZHANG, Jiheng",,> Classes held in CYTLTL
IEDA,1020,Academic and Professional Development II,0,,T4 (2957),Fr 12:00PM - 12:50PM,TBA,"ZHANG, Jiheng",,> Classes held in CYTLTL
IEDA,1180,Python for Analytics,3,,L1 (2958),WeFr 01:30PM - 02:50PM,"G001, CYT Bldg (92)","JIANG, Nan",,
IEDA,1180,Python for Analytics,3,,T1 (2959),We 09:30AM - 10:20AM,"Rm 6591, Lift 31-32 (88)","JIANG, Nan",,
IEDA,1180,Python for Analytics,3,,T2 (4489),Mo 02:00PM - 02:50PM,"Rm 4504, Lift 25-26 (54)","JIANG, Nan",,
IEDA,1280,Decision Analytics for Modern Society,3,Common Core (S&T) for 36-credit program Common Core (T) for 30-credit prog in 22-24 Common Core (T) for 30-credit prog in 25 Common Core (T) for 30-credit prog fr 26,L1 (2960),Mo 03:00PM - 05:50PM,"Rm 4619, Lift 31-32 (126)","QIU, Xuan",,
IEDA,1280,Decision Analytics for Modern Society,3,Common Core (S&T) for 36-credit program Common Core (T) for 30-credit prog in 22-24 Common Core (T) for 30-credit prog in 25 Common Core (T) for 30-credit prog fr 26,T1 (2962),Fr 09:30AM - 10:20AM,"Rm 5404, Lift 17-18 (93)","QIU, Xuan",,
IEDA,1280,Decision Analytics for Modern Society,3,Common Core (S&T) for 36-credit program Common Core (T) for 30-credit prog in 22-24 Common Core (T) for 30-credit prog in 25 Common Core (T) for 30-credit prog fr 26,T2 (2964),Mo 01:30PM - 02:20PM,"LG3009, Lift 10-12 (88)","QIU, Xuan",,
IEDA,1901,Industrial Training and Experience,0,,R1 (2965),TBA,TBA,TBA,,Instructor Consent Required
IEDA,2520,Probability for Engineers,3,,L1 (2966),WeFr 03:00PM - 04:20PM,"Rm 2465, Lift 25-26 (122)","CHEN, Yi",,
IEDA,2520,Probability for Engineers,3,,T1 (2968),We 11:00AM - 11:50AM,"Rm 2304, Lift 17-18 (76)","CHEN, Yi",,
IEDA,2520,Probability for Engineers,3,,T2 (2970),Mo 11:00AM - 11:50AM,"Rm 2504, Lift 25-26 (84)","CHEN, Yi",,
IEDA,3010,Prescriptive Analytics,3,,L1 (2971),We 09:00AM - 11:20AM,"Rm 4621, Lift 31-32 (126)","QI, Jin",,
IEDA,3010,Prescriptive Analytics,3,,LA1 (2973),Fr 06:00PM - 07:20PM,"Rm 3207, Lift 21","QI, Jin",,
IEDA,3010,Prescriptive Analytics,3,,LA2 (2975),We 06:00PM - 07:20PM,"Rm 3207, Lift 21","QI, Jin",,
IEDA,3130,Ergonomics and Safety Management,3,,L1 (2976),Mo 09:00AM - 10:50AM,"Rm 2304, Lift 17-18 (76)","SO, Hau Yue Richard",,
IEDA,3130,Ergonomics and Safety Management,3,,LA1 (2977),We 03:00PM - 05:50PM,"Rm 3207, Lift 21","SO, Hau Yue Richard",,
IEDA,3230,Engineering Economics and Accounting,3,,L1 (2978),TuTh 12:00PM - 01:20PM,"Rm 2404, Lift 17-18 (81)","QI, Jin",,
IEDA,3230,Engineering Economics and Accounting,3,,T1 (2980),We 06:00PM - 06:50PM,"Rm 2302, Lift 17-18 (74)","QI, Jin",,
IEDA,3230,Engineering Economics and Accounting,3,,T2 (2982),Th 04:30PM - 05:20PM,"Rm 4503, Lift 25-26 (64)","QI, Jin",,
IEDA,3250,Stochastic Models,3,,L1 (2983),TuTh 10:30AM - 11:50AM,"Rm 4620, Lift 31-32 (126)","YOU, Wei",,
IEDA,3250,Stochastic Models,3,,T1 (2985),Fr 11:00AM - 11:50AM,"Rm 1409, Lift 25-26 (60)","YOU, Wei",,
IEDA,3250,Stochastic Models,3,,T2 (2987),Th 06:00PM - 06:50PM,"Rm 6602, Lift 31-32 (60)","YOU, Wei",,
IEDA,3270,Data-Driven Quality Technology,3,[BLD] Blended learning,L1 (2988),Th 09:00AM - 10:20AM,"Rm 1104, Acad Concourse (42)","TSUNG, Fugee",,> The class is delivered in a blended learning mode
IEDA,3270,Data-Driven Quality Technology,3,[BLD] Blended learning,T1 (2990),Th 05:00PM - 05:50PM,"Rm 4579, Lift 27-28 (60)","TSUNG, Fugee",,
IEDA,3270,Data-Driven Quality Technology,3,[BLD] Blended learning,LA1 (2989),Th 01:30PM - 02:20PM,"Rm 3207, Lift 21","TSUNG, Fugee",,
IEDA,3300,Industrial Data Systems,3,,L1 (2991),WeFr 01:30PM - 02:50PM,"Rm 6573, Lift 29-30 (88)","CHEN, Yi",,
IEDA,3300,Industrial Data Systems,3,,LA1 (2993),Fr 09:00AM - 10:50AM,"Rm 3207, Lift 21","CHEN, Yi",,
IEDA,3300,Industrial Data Systems,3,,LA2 (2995),Mo 05:00PM - 06:50PM,"Rm 3207, Lift 21","CHEN, Yi",,
IEDA,3330,Introduction to Financial Engineering,3,,L1 (2996),TuTh 09:00AM - 10:20AM,"LG3008, Lift 10-12 (82)","JIANG, Wei",,
IEDA,3330,Introduction to Financial Engineering,3,,T1 (2997),Th 06:00PM - 06:50PM,"G009B, CYT Bldg (70)","JIANG, Wei",,
IEDA,4000E,Statistical Modeling for Financial Engineering,3,,L1 (2998),WeFr 01:30PM - 02:50PM,"Rm 1409, Lift 25-26 (60)","HUO, Lucy",,
IEDA,4000E,Statistical Modeling for Financial Engineering,3,,T1 (2999),Mo 11:00AM - 11:50AM,"Rm 2304, Lift 17-18 (76)","HUO, Lucy",,
IEDA,4000F,Deep Learning for Decision Analytics,3,,L1 (3000),TuTh 12:00PM - 01:20PM,"Rm 2302, Lift 17-18 (74)","MEI, Sanyou",,
IEDA,4000F,Deep Learning for Decision Analytics,3,,T1 (3001),We 06:00PM - 06:50PM,"G009B, CYT Bldg (70)","MEI, Sanyou",,
IEDA,4000H,Optimization in Financial Engineering,3,,L1 (3002),MoWe 12:00PM - 01:20PM,"Rm 4503, Lift 25-26 (64)","ZHOU, Zijie",,
IEDA,4000H,Optimization in Financial Engineering,3,,T1 (3003),Tu 05:00PM - 05:50PM,"Rm 2463, Lift 25-26 (42)","ZHOU, Zijie",,
IEDA,4410,Data Driven Supply Chain Management,3,,L1 (3004),Mo 01:30PM - 02:50PM,"Rm 4503, Lift 25-26 (64)","QIU, Xuan",,
IEDA,4420,Dynamic Pricing and Revenue Optimization,3,,L1 (3005),WeFr 04:30PM - 05:50PM,"Multi-function Room, LG4, LIB","LIU, Qian",,
IEDA,4510,Systems Risk Management,3,,L1 (3006),WeFr 03:00PM - 04:20PM,"Multi-function Room, LG4, LIB","WU, Chenguang",,
IEDA,4901,Final Year Thesis,6,,R1 (3007),TBA,TBA,TBA,,> The credit load will usually be spread in the following pattern: Fall: 3; Spring: 3 Instructor Consent Required
IEDA,4920,Decision Analytics Final Year Project,6,,R1 (3008),TBA,TBA,TBA,,> The credit load will usually be spread in the following pattern: Fall: 3; Spring: 3
IEDA,4960,Industrial Engineering and Engineering Management Final Year Project,6,,R1 (3009),TBA,TBA,TBA,,> The credit load will usually be spread in the following pattern: Fall: 3; Spring: 3
IEDA,5230,Deterministic Models in Operations Research,3,,L1 (1366),We 01:30PM - 04:20PM,"Rm 5506, Lift 25-26 (30)","MEI, Sanyou",,
IEDA,5270,Engineering Statistics and Data Analytics,3,,L1 (1367),Tu 12:00PM - 02:50PM,"Rm 4504, Lift 25-26 (54)","ZHANG, Xiaowei",,
IEDA,6800E,Departmental Seminar,0,,L1 (1368),Fr 10:30AM - 11:20AM,"Rm 5583, Lift 29-30 (80)",TBA,,
IEDA,6990,MPhil Thesis Research,0,,R1 (1369),TBA,TBA,TBA,,
IEDA,7990,Doctoral Thesis Research,0,,R1 (1370),TBA,TBA,TBA,,
IIMP,2000,Academic and Professional Development,0,,T1 (3039),TBA,TBA,"CHOW, King Lau",,
IIMP,4991,Interdisciplinary Capstone Project,6,,R1 (2762),TBA,TBA,"CHOW, King Lau",,> The credit load will usually be spread in the following pattern: Fall: 3; Spring: 3
IIMP,6090,Postgraduate Seminar,1,,T1 (1371),Fr 09:30AM - 10:20AM,"Rm 1410, Lift 25-26 (60)","SONG, Yunya",,
IIMP,6990,MPhil Thesis Research,0,,R1 (1372),TBA,TBA,TBA,,> For MPhil(IIP) students only
IIMP,7990,Doctoral Thesis Research,0,,R1 (1373),TBA,TBA,TBA,,> For PhD(IIP) students only
INTR,7990,Doctoral Thesis Research,0,,R1 (4508),TBA,TBA,TBA,,
IPEN,7990,Doctoral Thesis Research,0,,R1 (4509),TBA,TBA,TBA,,
ISDN,1001,Introduction to Integrative Systems and Design,3,,L1 (3050),Mo 11:30AM - 01:20PM,"Multi-function Room, LG4, LIB","TSUI, Chi Ying",,
ISDN,1001,Introduction to Integrative Systems and Design,3,,L2 (3052),Mo 11:30AM - 01:20PM,"Rm 6580, Lift 27-28 (48)","SHAO, Qijia",,
ISDN,1001,Introduction to Integrative Systems and Design,3,,T1 (3054),Th 10:30AM - 12:20PM,"Rm 6580, Lift 27-28 (48)","TSUI, Chi Ying",,
ISDN,1001,Introduction to Integrative Systems and Design,3,,T2 (3056),Tu 10:30AM - 12:20PM,"Rm 6580, Lift 27-28 (48)","SHAO, Qijia",,
ISDN,1004,Sketching,1,,LA1 (3057),TuTh 09:00AM - 10:20AM,"Rm 2590, Lift 27-28","LAU, Brian Hui Wang",,
ISDN,1004,Sketching,1,,LA2 (3058),WeFr 04:30PM - 05:50PM,"Rm 2590, Lift 27-28","LAU, Brian Hui Wang",,
ISDN,1010,Academic and Professional Development I,0,,T1 (3059),TBA,TBA,TBA,,
ISDN,1130,Introduction to Eco-Design,3,Common Core (SUS) for 30-credit prog in 25 Common Core (SUS) for 30-credit prog fr 26,L1 (3060),Fr 01:30PM - 03:20PM,"Rm 2590, Lift 27-28","LAU, Brian Hui Wang",,
ISDN,1130,Introduction to Eco-Design,3,Common Core (SUS) for 30-credit prog in 25 Common Core (SUS) for 30-credit prog fr 26,LA1 (3061),We 12:00PM - 02:50PM,"Rm 2590, Lift 27-28","LAU, Brian Hui Wang",,
ISDN,2001,Second Year Design Project I,1,,LA1 (3062),We 03:00PM - 04:20PM,"Rm 4223, Lift 23","LEUNG, Suk Wai Winnie",,Instructor Consent Required
ISDN,2010,Academic and Professional Development II,0,,T1 (3063),TBA,TBA,TBA,,
ISDN,2300,Introduction to 3D Design,3,,L1 (3064),Mo 01:30PM - 02:50PM,"Rm 6591, Lift 31-32 (88)","LIU, Yuan",,Instructor Consent Required
ISDN,2300,Introduction to 3D Design,3,,LA1 (3065),Mo 03:00PM - 05:20PM,"Rm 6591, Lift 31-32 (88)","LIU, Yuan",,Instructor Consent Required
ISDN,2601,Exploring the World through Smart Mechatronics,3,,L1 (3066),Tu 12:30PM - 02:20PM,"Rm 6591, Lift 31-32 (88)","XU, Wenchao",,
ISDN,2601,Exploring the World through Smart Mechatronics,3,,LA1 (3067),Th 12:30PM - 02:20PM,"Rm 6591, Lift 31-32 (88)","XU, Wenchao",,
ISDN,2602,Internet of Things: Integrative System Design,3,,L1 (3068),Tu 04:00PM - 05:50PM,"Rm 6602, Lift 31-32 (60)","SONG, Shenghui",,
ISDN,2602,Internet of Things: Integrative System Design,3,,LA1 (3069),We 04:30PM - 06:20PM,"LG3009, Lift 10-12 (88)","SONG, Shenghui",,
ISDN,3001,Third Year Design Project I,3,,L1 (3070),Mo 09:00AM - 10:50AM,"Rm 5508, Lift 25-26 (30)","LI, Mitch",,Instructor Consent Required
ISDN,3001,Third Year Design Project I,3,,LA1 (3071),Fr 12:00PM - 02:50PM,"Rm 4223, Lift 23","LI, Mitch",,Instructor Consent Required
ISDN,3002,Third Year Design Project II,3,,L1 (3072),Th 09:00AM - 10:50AM,"Rm 5566, Lift 27-28 (24)","LI, Mitch",,Instructor Consent Required
ISDN,3002,Third Year Design Project II,3,,LA1 (3073),Tu 09:00AM - 11:50AM,"Rm 4223, Lift 23","LI, Mitch",,Instructor Consent Required
ISDN,3010,Academic and Professional Development III,0,,T1 (3074),TBA,TBA,TBA,,
ISDN,3200,Graphic Communication,2,,L1 (3075),Tu 03:00PM - 04:50PM,"Rm 2590, Lift 27-28","LAU, Brian Hui Wang",,
ISDN,3200,Graphic Communication,2,,LA1 (3076),Th 03:30PM - 05:20PM,"Rm 2590, Lift 27-28","LAU, Brian Hui Wang",,
ISDN,3300,Interaction Design,3,,L1 (3077),Fr 09:00AM - 10:50AM,"Rm 1032, LSK Bldg (45)","BRAUD, Tristan Camille",,
ISDN,3300,Interaction Design,3,,LA1 (3078),Fr 03:00PM - 05:50PM,"Rm 2463, Lift 25-26 (42)","BRAUD, Tristan Camille",,
ISDN,4000V,Introduction to Autonomous Underwater Vehicles,3,,L1 (3079),Mo 12:00PM - 01:50PM,"Rm 2590, Lift 27-28","SCHARFF, Rob YEUNG, Sai Kit",,
ISDN,4000V,Introduction to Autonomous Underwater Vehicles,3,,T1 (3080),Mo 02:00PM - 02:50PM,"Rm 2590, Lift 27-28","SCHARFF, Rob YEUNG, Sai Kit",,
ISDN,4001,Final Year Design Project I,4,,LA1 (3081),Th 01:30PM - 03:20PM,"Rm 4223, Lift 23","GU, Richard TSUI, Chi Ying",,Instructor Consent Required
ISDN,4010,Academic and Professional Development IV,0,,T1 (3082),TBA,TBA,TBA,,
ISDN,4900A,Independent Study,1,,T1 (4562),TBA,TBA,TBA,,Instructor Consent Required
ISDN,5010,Design Methodologies,3,,L1 (1383),Mo 03:00PM - 05:50PM,"Rm 2304, Lift 17-18 (76)","XIANG, Changying",,
ISDN,5010,Design Methodologies,3,,LA1 (1384),Th 09:00AM - 09:50AM,"Rm 2463, Lift 25-26 (42)","XIANG, Changying",,
ISDN,5101,Design Thinking for Technology Innovation and Entrepreneurship,3,,L1 (1385),We 03:00PM - 05:50PM,"Rm 6573, Lift 29-30 (88)","LEUNG, Jac Ka Lok",,Instructor Consent Required
ISDN,5220,Introduction to Marine Technology,3,,L1 (4521),Fr 10:00AM - 11:50AM,"Rm 5506, Lift 25-26 (30)","SCHARFF, Rob YEUNG, Sai Kit",,
ISDN,5220,Introduction to Marine Technology,3,,T1 (4523),Fr 02:00PM - 02:50PM,"Rm 5560, Lift 27-28 (30)","SCHARFF, Rob YEUNG, Sai Kit",,
ISDN,5230,Artificial Intelligence of Things for Healthcare,3,,L1 (1388),Th 03:00PM - 05:50PM,"Rm 1032, LSK Bldg (45)","SHAO, Qijia",,Instructor Consent Required
ISDN,5240,RoboFab: Robotic Fabrication with Python,3,,L1 (1389),Tu 12:00PM - 02:50PM,"Rm 5508, Lift 25-26 (30)","WANG, Ziqi",,
ISDN,5300,Advanced Digital Design,3,,L1 (1390),Th 10:30AM - 01:20PM,"Rm 2611, Lift 31-32 (28)","YEUNG, Sai Kit",,
ISDN,6601,Technology Innovation and Entrepreneurship Seminar,1,,L1 (1392),Mo 09:00AM - 11:50AM,"Rm 1032, LSK Bldg (45)","AROKIARAJ, Aloysius Wilfred Raj",,Instructor Consent Required
ISDN,6660J,Integrative Systems and Design Seminar,1,,L1 (1393),Mo 01:30PM - 02:50PM,"Rm 4621, Lift 31-32 (126)","SHAO, Qijia WANG, Ziqi",,
ISDN,6710C,Independent Study,3,,R1 (1394),TBA,TBA,TBA,,Instructor Consent Required
ISDN,6830E,Sports Engineering: From Fundamentals to Emerging Technologies,3,,L1 (4477),Tu 09:00AM - 11:50AM,"Rm 2126D, Lift 19 (34)","YAO, Kuanming ZHOU, Peng",,
ISDN,6990,MPhil Thesis Research,0,,R1 (1395),TBA,TBA,TBA,,> For MPhil(TLE) or MPhil(ISD) students only
ISDN,7990,Doctoral Thesis Research,0,,R1 (1396),TBA,TBA,TBA,,> For PhD(ISD) students only
ISOM,1380,Technology and Innovation: Social and Business Perspectives,3,Common Core (S&T) for 36-credit program Common Core (SA) for 36-credit program Common Core (SSC-SA) for 36-credit program Common Core (SA) for 30-credit prog in 22-24 Common Core (T) for 30-credit prog in 22-24 Common Core (SA) for 30-credit prog in 25 Common Core (T) for 30-credit prog in 25 Common Core (SA) for 30-credit prog fr 26 Common Core (T) for 30-credit prog fr 26,L1 (3119),TuTh 12:00PM - 01:20PM,"Rm 4580, Lift 27-28 (83)","XU, Yan",,
ISOM,1380,Technology and Innovation: Social and Business Perspectives,3,Common Core (S&T) for 36-credit program Common Core (SA) for 36-credit program Common Core (SSC-SA) for 36-credit program Common Core (SA) for 30-credit prog in 22-24 Common Core (T) for 30-credit prog in 22-24 Common Core (SA) for 30-credit prog in 25 Common Core (T) for 30-credit prog in 25 Common Core (SA) for 30-credit prog fr 26 Common Core (T) for 30-credit prog fr 26,L2 (3120),Mo 01:30PM - 02:50PM,"Rm 1007, LSK Bldg (80)","KIM, Yongsuk",,
ISOM,1400,Digital Philanthropy: Harnessing Technology for Social Changes and Beyond,3,Common Core (S&T) for 36-credit program Common Core (SA) for 36-credit program Common Core (SA) for 30-credit prog in 22-24 Common Core (T) for 30-credit prog in 22-24 Common Core (SA) for 30-credit prog in 25 Common Core (T) for 30-credit prog in 25 Common Core (SA) for 30-credit prog fr 26 Common Core (T) for 30-credit prog fr 26,L1 (3121),MoWe 12:00PM - 01:20PM,"Rm 1011, LSK Bldg (80)","MENG, Zhaoli",,
ISOM,1500,Insightful Decisions,3,Common Core (SA) for 36-credit program Common Core (SSC-SA) for 36-credit program Common Core (SA) for 30-credit prog in 22-24 Common Core (SA) for 30-credit prog in 25 Common Core (SA) for 30-credit prog fr 26 [BLD] Blended learning,L1 (3122),Tu 09:00AM - 10:20AM,"Rm 4582, Lift 27-28 (66)","GURUMURTHI, Suri",,> The class is delivered in a blended learning mode
ISOM,1500,Insightful Decisions,3,Common Core (SA) for 36-credit program Common Core (SSC-SA) for 36-credit program Common Core (SA) for 30-credit prog in 22-24 Common Core (SA) for 30-credit prog in 25 Common Core (SA) for 30-credit prog fr 26 [BLD] Blended learning,L2 (3123),Tu 10:30AM - 11:50AM,"Rm 4582, Lift 27-28 (66)","GURUMURTHI, Suri",,> The class is delivered in a blended learning mode
ISOM,2010,Introduction to Information Systems,3,,L01 (3124),MoWe 12:00PM - 01:20PM,"G012, LSK Bldg (199)","XU, Hong",,
ISOM,2010,Introduction to Information Systems,3,,L02 (3126),TuTh 12:00PM - 01:20PM,"G012, LSK Bldg (199)","YIN, Zhitao",,
ISOM,2010,Introduction to Information Systems,3,,L03 (3128),TuTh 01:30PM - 02:50PM,"G012, LSK Bldg (199)","YIN, Zhitao",,
ISOM,2010,Introduction to Information Systems,3,,L04 (3130),TuTh 03:00PM - 04:20PM,"G012, LSK Bldg (199)","YIN, Zhitao",,
ISOM,2010,Introduction to Information Systems,3,,L05 (3132),TuTh 09:00AM - 10:20AM,"G012, LSK Bldg (199)","HAN, Miaozhe",,
ISOM,2010,Introduction to Information Systems,3,,L06 (3134),TuTh 10:30AM - 11:50AM,"G012, LSK Bldg (199)","HAN, Miaozhe",,
ISOM,2010,Introduction to Information Systems,3,,L07 (3136),TuTh 04:30PM - 05:50PM,"G012, LSK Bldg (199)","HAN, Miaozhe",,
ISOM,2010,Introduction to Information Systems,3,,L08 (3138),MoWe 09:00AM - 10:20AM,"G012, LSK Bldg (199)","KIM, Yongsuk",,
ISOM,2010,Introduction to Information Systems,3,,L09 (3140),WeFr 01:30PM - 02:50PM,"G012, LSK Bldg (199)","KIM, Yongsuk",,
ISOM,2010,Introduction to Information Systems,3,,LA01 (3142),Mo 03:00PM - 03:50PM,"G021, LSK Bldg",TBA,,
ISOM,2010,Introduction to Information Systems,3,,LA02 (3144),Tu 03:00PM - 03:50PM,"G021, LSK Bldg",TBA,,
ISOM,2010,Introduction to Information Systems,3,,LA03 (3145),Tu 11:00AM - 11:50AM,"G021, LSK Bldg",TBA,,
ISOM,2010,Introduction to Information Systems,3,,LA04 (3146),Mo 06:00PM - 06:50PM,"G021, LSK Bldg",TBA,,
ISOM,2010,Introduction to Information Systems,3,,LA05 (3147),Fr 10:00AM - 10:50AM,"G021, LSK Bldg",TBA,,
ISOM,2010,Introduction to Information Systems,3,,LA06 (3148),Th 11:00AM - 11:50AM,"G021, LSK Bldg",TBA,,
ISOM,2010,Introduction to Information Systems,3,,LA07 (3149),Th 09:00AM - 09:50AM,"G021, LSK Bldg",TBA,,
ISOM,2010,Introduction to Information Systems,3,,LA08 (3150),We 06:00PM - 06:50PM,"G021, LSK Bldg",TBA,,
ISOM,2010,Introduction to Information Systems,3,,LA09 (3151),We 03:00PM - 03:50PM,"G021, LSK Bldg",TBA,,
ISOM,2010,Introduction to Information Systems,3,,LA10 (3152),Tu 10:00AM - 10:50AM,"G021, LSK Bldg",TBA,,
ISOM,2010,Introduction to Information Systems,3,,LA11 (3153),We 12:30PM - 01:20PM,"G021, LSK Bldg",TBA,,
ISOM,2010,Introduction to Information Systems,3,,LA12 (3154),Tu 05:00PM - 05:50PM,"G021, LSK Bldg",TBA,,
ISOM,2020,Coding for Business,1,,L01 (3086),01-SEP-2026 - 17-OCT-2026 Th 11:00AM - 12:50PM,"Rm 4621, Lift 31-32 (126)","XU, Hong",,> Add/Drop Deadline : 07-Sep-2026
ISOM,2020,Coding for Business,1,,L02 (3088),01-SEP-2026 - 17-OCT-2026 Th 09:00AM - 10:50AM,"Rm 4621, Lift 31-32 (126)","XU, Hong",,> Add/Drop Deadline : 07-Sep-2026
ISOM,2020,Coding for Business,1,,L03 (3090),01-SEP-2026 - 17-OCT-2026 Mo 03:00PM - 04:50PM,"Rm 2502, Lift 25-26 (120)","XU, Hong",,> Add/Drop Deadline : 07-Sep-2026
ISOM,2020,Coding for Business,1,,L04 (3092),01-SEP-2026 - 17-OCT-2026 Tu 12:30PM - 02:20PM,"Rm 2502, Lift 25-26 (120)","XU, Hong",,> Add/Drop Deadline : 07-Sep-2026
ISOM,2020,Coding for Business,1,,L05 (3094),01-SEP-2026 - 17-OCT-2026 Mo 09:00AM - 10:50AM,"Rm 4621, Lift 31-32 (126)","XU, Hong",,> Add/Drop Deadline : 07-Sep-2026
ISOM,2020,Coding for Business,1,,L06 (3096),01-SEP-2026 - 17-OCT-2026 Tu 03:00PM - 04:50PM,"LG5202, Lift 10-12 (104)","XU, Hong",,> Add/Drop Deadline : 07-Sep-2026
ISOM,2020,Coding for Business,1,,L07 (3098),01-SEP-2026 - 17-OCT-2026 Tu 10:30AM - 12:20PM,"Rm 1527, Lift 22 (74)","WANG, Jiying",,> Add/Drop Deadline : 07-Sep-2026
ISOM,2020,Coding for Business,1,,L08 (3100),01-SEP-2026 - 17-OCT-2026 Fr 09:00AM - 10:50AM,Lecture Theater K (106),"ZHANG, Wenyi",,> Add/Drop Deadline : 07-Sep-2026
ISOM,2020,Coding for Business,1,,L09 (3102),01-SEP-2026 - 17-OCT-2026 We 02:00PM - 03:50PM,Lecture Theater K (106),"ZHANG, Wenyi",,> Add/Drop Deadline : 07-Sep-2026
ISOM,2020,Coding for Business,1,,L10 (3104),01-SEP-2026 - 17-OCT-2026 We 12:00PM - 01:50PM,Lecture Theater K (106),"ZHANG, Wenyi",,> Add/Drop Deadline : 07-Sep-2026
ISOM,2020,Coding for Business,1,,LA01 (3106),01-SEP-2026 - 17-OCT-2026 Th 04:00PM - 05:50PM,"G005, LSK Bldg",TBA,,
ISOM,2020,Coding for Business,1,,LA02 (3108),01-SEP-2026 - 17-OCT-2026 Th 02:00PM - 03:50PM,"G005, LSK Bldg",TBA,,
ISOM,2020,Coding for Business,1,,LA03 (3109),01-SEP-2026 - 17-OCT-2026 Th 09:00AM - 10:50AM,"G005, LSK Bldg",TBA,,
ISOM,2020,Coding for Business,1,,LA04 (3110),01-SEP-2026 - 17-OCT-2026 Tu 12:00PM - 01:50PM,"G005, LSK Bldg",TBA,,
ISOM,2020,Coding for Business,1,,LA05 (3111),01-SEP-2026 - 17-OCT-2026 Mo 03:00PM - 04:50PM,"G005, LSK Bldg",TBA,,
ISOM,2020,Coding for Business,1,,LA06 (3112),01-SEP-2026 - 17-OCT-2026 We 04:30PM - 06:20PM,"G005, LSK Bldg",TBA,,
ISOM,2020,Coding for Business,1,,LA07 (3113),01-SEP-2026 - 17-OCT-2026 We 12:30PM - 02:20PM,"G005, LSK Bldg",TBA,,
ISOM,2020,Coding for Business,1,,LA08 (3114),01-SEP-2026 - 17-OCT-2026 Tu 04:00PM - 05:50PM,"G005, LSK Bldg",TBA,,
ISOM,2020,Coding for Business,1,,LA09 (3115),01-SEP-2026 - 17-OCT-2026 We 10:30AM - 12:20PM,"G005, LSK Bldg",TBA,,
ISOM,2020,Coding for Business,1,,LA10 (3116),01-SEP-2026 - 17-OCT-2026 Fr 11:00AM - 12:50PM,"G021, LSK Bldg",TBA,,
ISOM,2020,Coding for Business,1,,LA11 (3117),01-SEP-2026 - 17-OCT-2026 Tu 02:00PM - 03:50PM,"G005, LSK Bldg",TBA,,
ISOM,2020,Coding for Business,1,,LA12 (3118),01-SEP-2026 - 17-OCT-2026 We 02:30PM - 04:20PM,"G005, LSK Bldg",TBA,,
ISOM,2500,Business Statistics,3,,L1 (3155),MoWe 12:00PM - 01:20PM,"Rm 4621, Lift 31-32 (126)","HO, Jason Man Wai",,
ISOM,2500,Business Statistics,3,,L2 (3156),WeFr 03:00PM - 04:20PM,"Rm 4621, Lift 31-32 (126)","HO, Jason Man Wai",,
ISOM,2500,Business Statistics,3,,L3 (3157),WeFr 04:30PM - 05:50PM,"Rm 2502, Lift 25-26 (120)","SO, Mike Ka Pui",,
ISOM,2500,Business Statistics,3,,L4 (3158),MoWe 10:30AM - 11:50AM,"Rm 2306, Lift 17-18 (111)","SO, Mike Ka Pui",,
ISOM,2500,Business Statistics,3,,L5 (3159),Mo 01:30PM - 02:50PM,"LG5202, Lift 10-12 (104)","SUN, Xinyu",,
ISOM,2500,Business Statistics,3,,L6 (3160),MoWe 09:00AM - 10:20AM,"G001, CYT Bldg (92)","SUN, Xinyu",,
ISOM,2600,Introduction to Business Analytics,1,,L1 (3254),19-OCT-2026 - 30-NOV-2026 Th 11:00AM - 12:50PM,"Rm 4621, Lift 31-32 (126)","WAN, Xuhu",,> Add/Drop Deadline : 07-Sep-2026
ISOM,2600,Introduction to Business Analytics,1,,L2 (3256),19-OCT-2026 - 30-NOV-2026 Th 09:00AM - 10:50AM,"Rm 4621, Lift 31-32 (126)","WAN, Xuhu",,> Add/Drop Deadline : 07-Sep-2026
ISOM,2600,Introduction to Business Analytics,1,,L3 (3258),19-OCT-2026 - 30-NOV-2026 Mo 03:00PM - 04:50PM,"Rm 2502, Lift 25-26 (120)","WAN, Xuhu",,> Add/Drop Deadline : 07-Sep-2026
ISOM,2600,Introduction to Business Analytics,1,,L4 (3260),19-OCT-2026 - 30-NOV-2026 Tu 12:30PM - 02:20PM,"Rm 2502, Lift 25-26 (120)","WAN, Xuhu",,> Add/Drop Deadline : 07-Sep-2026
ISOM,2600,Introduction to Business Analytics,1,,L5 (3262),19-OCT-2026 - 30-NOV-2026 Mo 09:00AM - 10:50AM,"Rm 4621, Lift 31-32 (126)","WAN, Xuhu",,> Add/Drop Deadline : 07-Sep-2026
ISOM,2600,Introduction to Business Analytics,1,,L6 (3264),19-OCT-2026 - 30-NOV-2026 Tu 03:00PM - 04:50PM,"LG5202, Lift 10-12 (104)","WAN, Xuhu",,> Add/Drop Deadline : 07-Sep-2026
ISOM,2600,Introduction to Business Analytics,1,,LA01 (3266),19-OCT-2026 - 30-NOV-2026 Th 04:00PM - 04:50PM,"G005, LSK Bldg",TBA,,
ISOM,2600,Introduction to Business Analytics,1,,LA02 (3268),19-OCT-2026 - 30-NOV-2026 Th 02:00PM - 02:50PM,"G005, LSK Bldg",TBA,,
ISOM,2600,Introduction to Business Analytics,1,,LA03 (3269),19-OCT-2026 - 30-NOV-2026 Th 09:00AM - 09:50AM,"G005, LSK Bldg",TBA,,
ISOM,2600,Introduction to Business Analytics,1,,LA04 (3270),19-OCT-2026 - 30-NOV-2026 Tu 12:00PM - 12:50PM,"G005, LSK Bldg",TBA,,
ISOM,2600,Introduction to Business Analytics,1,,LA05 (3271),19-OCT-2026 - 30-NOV-2026 Mo 03:00PM - 03:50PM,"G005, LSK Bldg",TBA,,
ISOM,2600,Introduction to Business Analytics,1,,LA06 (3272),19-OCT-2026 - 30-NOV-2026 We 04:30PM - 05:20PM,"G005, LSK Bldg",TBA,,
ISOM,2600,Introduction to Business Analytics,1,,LA07 (3273),19-OCT-2026 - 30-NOV-2026 We 12:30PM - 01:20PM,"G005, LSK Bldg",TBA,,
ISOM,2600,Introduction to Business Analytics,1,,LA08 (3274),19-OCT-2026 - 30-NOV-2026 Tu 03:00PM - 03:50PM,"G005, LSK Bldg",TBA,,
ISOM,2600,Introduction to Business Analytics,1,,LA09 (3275),19-OCT-2026 - 30-NOV-2026 We 10:30AM - 11:20AM,"G005, LSK Bldg",TBA,,
ISOM,2600,Introduction to Business Analytics,1,,LA10 (3276),19-OCT-2026 - 30-NOV-2026 Fr 11:00AM - 11:50AM,"G021, LSK Bldg",TBA,,
ISOM,2700,Operations Management,3,[BLD] Blended learning,L1 (3161),TuTh 12:00PM - 01:20PM,"Rm 2464, Lift 25-26 (122)","LYU, Guodong",,> The class is delivered in a conventional face-to-face mode
ISOM,2700,Operations Management,3,[BLD] Blended learning,L2 (3162),TuTh 10:30AM - 11:50AM,"Rm 2464, Lift 25-26 (122)","LYU, Guodong",,> The class is delivered in a conventional face-to-face mode
ISOM,2700,Operations Management,3,[BLD] Blended learning,L3 (3163),TuTh 09:00AM - 10:20AM,"Rm 2464, Lift 25-26 (122)","LYU, Guodong",,> The class is delivered in a conventional face-to-face mode
ISOM,2700,Operations Management,3,[BLD] Blended learning,L4 (3164),MoWe 09:00AM - 10:20AM,"Rm 2465, Lift 25-26 (122)","SHEN, Yiwen",,> The class is delivered in a conventional face-to-face mode
ISOM,2700,Operations Management,3,[BLD] Blended learning,L5 (3165),MoWe 12:00PM - 01:20PM,"Rm 2465, Lift 25-26 (122)","SHEN, Yiwen",,> The class is delivered in a conventional face-to-face mode
ISOM,2700,Operations Management,3,[BLD] Blended learning,L6 (3166),MoWe 10:30AM - 11:50AM,"Rm 2465, Lift 25-26 (122)","SHEN, Yiwen",,> The class is delivered in a conventional face-to-face mode
ISOM,2700,Operations Management,3,[BLD] Blended learning,L7 (3167),TuTh 03:00PM - 04:20PM,"Rm 4621, Lift 31-32 (126)","ZENG, Zheng",,> The class is delivered in a conventional face-to-face mode
ISOM,2700,Operations Management,3,[BLD] Blended learning,L8 (3168),WeFr 04:30PM - 05:50PM,"Rm 4619, Lift 31-32 (126)","GURUMURTHI, Suri",,> The class is delivered in a conventional face-to-face mode
ISOM,2700,Operations Management,3,[BLD] Blended learning,L9 (3169),WeFr 03:00PM - 04:20PM,"Rm 2306, Lift 17-18 (111)","GURUMURTHI, Suri",,> The class is delivered in a conventional face-to-face mode
ISOM,3180,Telecommunications and Computer Networking Management,3,,L1 (3170),TuTh 10:30AM - 11:50AM,"Rm 1005, LSK Bldg (75)","DIAS, Garvin Percy",,
ISOM,3180,Telecommunications and Computer Networking Management,3,,LA1 (3172),Th 02:00PM - 02:50PM,"G011, LSK Bldg",TBA,,
ISOM,3180,Telecommunications and Computer Networking Management,3,,LA2 (3174),Fr 10:30AM - 11:20AM,"G011, LSK Bldg",TBA,,
ISOM,3210,Information Systems Analysis and Design,3,[BLD] Blended learning,L1 (3175),TuTh 01:30PM - 02:50PM,"Rm 4582, Lift 27-28 (66)","ZHANG, Xiaojun",,> The class is delivered in a blended learning mode
ISOM,3210,Information Systems Analysis and Design,3,[BLD] Blended learning,L2 (3177),TuTh 03:00PM - 04:20PM,"Rm 4582, Lift 27-28 (66)","ZHANG, Xiaojun",,> The class is delivered in a blended learning mode
ISOM,3210,Information Systems Analysis and Design,3,[BLD] Blended learning,L3 (3179),TuTh 12:00PM - 01:20PM,"Rm 4582, Lift 27-28 (66)","ZHANG, Xiaojun",,> The class is delivered in a blended learning mode
ISOM,3210,Information Systems Analysis and Design,3,[BLD] Blended learning,LA1 (3181),Fr 03:00PM - 04:20PM,"Rm 1010, LSK Bldg (80)",TBA,,
ISOM,3210,Information Systems Analysis and Design,3,[BLD] Blended learning,LA2 (3183),Th 10:30AM - 11:50AM,"Rm 1010, LSK Bldg (80)",TBA,,
ISOM,3210,Information Systems Analysis and Design,3,[BLD] Blended learning,LA3 (3184),Fr 09:00AM - 10:20AM,"Rm 1014, LSK Bldg (80)",TBA,,
ISOM,3210,Information Systems Analysis and Design,3,[BLD] Blended learning,LA4 (3185),Th 03:00PM - 04:20PM,"Rm 1010, LSK Bldg (80)",TBA,,
ISOM,3230,Business Programming in VBA,3,[BLD] Blended learning,L1 (3186),MoWe 10:30AM - 11:50AM,"Rm 1003, LSK Bldg (75)","KWOK, James Sai Ho",,> The class is delivered in a blended learning mode
ISOM,3230,Business Programming in VBA,3,[BLD] Blended learning,L2 (3188),MoWe 12:00PM - 01:20PM,"Rm 1003, LSK Bldg (75)","KWOK, James Sai Ho",,> The class is delivered in a blended learning mode
ISOM,3230,Business Programming in VBA,3,[BLD] Blended learning,LA1 (3190),Tu 09:00AM - 09:50AM,"G021, LSK Bldg",TBA,,
ISOM,3230,Business Programming in VBA,3,[BLD] Blended learning,LA2 (3192),Tu 04:00PM - 04:50PM,"G021, LSK Bldg",TBA,,
ISOM,3230,Business Programming in VBA,3,[BLD] Blended learning,LA3 (3193),Fr 09:00AM - 09:50AM,"G021, LSK Bldg",TBA,,
ISOM,3260,Database Design and Administration,4,[BLD] Blended learning,L1 (3194),Th 12:00PM - 01:50PM,"Rm 1014, LSK Bldg (80)","DIAS, Garvin Percy",,> The class is delivered in a blended learning mode
ISOM,3260,Database Design and Administration,4,[BLD] Blended learning,T1 (3199),TBA,TBA,TBA,,
ISOM,3260,Database Design and Administration,4,[BLD] Blended learning,LA1 (3196),Mo 09:00AM - 11:50AM,"G005, LSK Bldg",TBA,,
ISOM,3260,Database Design and Administration,4,[BLD] Blended learning,LA2 (3198),Tu 09:00AM - 11:50AM,"G005, LSK Bldg",TBA,,
ISOM,3310,e-Business Management and Web Analytics,3,,L1 (3201),WeFr 01:30PM - 02:50PM,"Rm 1001, LSK Bldg (75)","ZHU, Wangsheng",,
ISOM,3320,Business Applications Development in Java,3,,L1 (3202),WeFr 03:00PM - 04:20PM,"Rm 1001, LSK Bldg (75)","ZHU, Wangsheng",,
ISOM,3320,Business Applications Development in Java,3,,LA1 (3203),Fr 12:30PM - 01:20PM,"G005, LSK Bldg",TBA,,
ISOM,3330,Data Visualization and Visual Analytics,1,,L1 (3083),01-SEP-2026 - 03-OCT-2026 WeFr 04:30PM - 05:50PM,"G021, LSK Bldg","WANG, Jiying",,> Add/Drop Deadline : 07-Sep-2026
ISOM,3330,Data Visualization and Visual Analytics,1,,LA1 (3084),TBA,TBA,TBA,,
ISOM,3360,Data Mining for Business Analytics,3,,L1 (3204),TuTh 10:30AM - 11:50AM,"Rm 1009, LSK Bldg (80)","ZHENG, Rong",,
ISOM,3360,Data Mining for Business Analytics,3,,L2 (3206),TuTh 12:00PM - 01:20PM,"Rm 1009, LSK Bldg (80)","ZHENG, Rong",,
ISOM,3360,Data Mining for Business Analytics,3,,L3 (3208),TuTh 09:00AM - 10:20AM,"Rm 1009, LSK Bldg (80)","ZHENG, Rong",,
ISOM,3360,Data Mining for Business Analytics,3,,LA1 (3210),Mo 05:00PM - 05:50PM,"G005, LSK Bldg",TBA,,
ISOM,3360,Data Mining for Business Analytics,3,,LA2 (3212),Fr 01:30PM - 02:20PM,"G005, LSK Bldg",TBA,,
ISOM,3360,Data Mining for Business Analytics,3,,LA3 (3213),Fr 09:00AM - 09:50AM,"G005, LSK Bldg",TBA,,
ISOM,3360,Data Mining for Business Analytics,3,,LA4 (3214),Fr 03:00PM - 03:50PM,"G005, LSK Bldg",TBA,,
ISOM,3370,Big Data Technologies,3,,L1 (3215),Mo 01:30PM - 02:50PM,"Rm 1001, LSK Bldg (75)","JIA, Jia",,
ISOM,3370,Big Data Technologies,3,,LA1 (3216),TBA,TBA,TBA,,
ISOM,3400,Business Applications Development in Python,3,,L1 (3217),TuTh 04:30PM - 05:50PM,"Rm 1003, LSK Bldg (75)","KWOK, James Sai Ho",,
ISOM,3400,Business Applications Development in Python,3,,L2 (3219),WeFr 01:30PM - 02:50PM,"Rm 1003, LSK Bldg (75)","JIA, Jia",,
ISOM,3400,Business Applications Development in Python,3,,LA1A (3221),Mo 12:30PM - 01:20PM,"G021, LSK Bldg",TBA,,
ISOM,3400,Business Applications Development in Python,3,,LA1B (3223),We 01:30PM - 02:20PM,"G021, LSK Bldg",TBA,,
ISOM,3400,Business Applications Development in Python,3,,LA2A (3224),Mo 02:00PM - 02:50PM,"G021, LSK Bldg",TBA,,
ISOM,3400,Business Applications Development in Python,3,,LA2B (3225),Th 10:00AM - 10:50AM,"G021, LSK Bldg",TBA,,
ISOM,3540,Introduction to Probability Models,3,,L1 (3226),WeFr 03:00PM - 04:20PM,"Rm 6602, Lift 31-32 (60)","SO, Mike Ka Pui",,
ISOM,3710,Business Modeling and Optimization,4,,L1 (3227),TuTh 12:00PM - 01:20PM,"G021, LSK Bldg","ZHENG, Shaohui",,
ISOM,3710,Business Modeling and Optimization,4,,L2 (3229),TuTh 01:30PM - 02:50PM,"G021, LSK Bldg","ZHENG, Shaohui",,
ISOM,3710,Business Modeling and Optimization,4,,T1 (3231),Th 03:00PM - 03:50PM,"G021, LSK Bldg",TBA,,
ISOM,3710,Business Modeling and Optimization,4,,T2 (3233),Th 06:00PM - 06:50PM,"G021, LSK Bldg",TBA,,
ISOM,3730,Quality and Process Management,3,[BLD] Blended learning,L1 (3234),We 09:00AM - 10:20AM,"Rm 4582, Lift 27-28 (66)","CHEUNG, Ki Ling",,> The class is delivered in a blended learning mode
ISOM,3730,Quality and Process Management,3,[BLD] Blended learning,L2 (3235),Tu 09:00AM - 10:20AM,"Rm 5619, Lift 31-32 (60)","CHEUNG, Ki Ling",,> The class is delivered in a blended learning mode
ISOM,3760,Logistics Management,3,,L1 (3236),TuTh 04:30PM - 05:50PM,"Rm 1527, Lift 22 (74)","CHEN, Ying Ju",,
ISOM,3770,Global Supply Chain Management,4,[BLD] Blended learning,L1 (3237),TuTh 10:30AM - 11:50AM,"Rm 1033, LSK Bldg (51)","WANG, Xuan",,> The class is delivered in a conventional face-to-face mode
ISOM,3770,Global Supply Chain Management,4,[BLD] Blended learning,L2 (3238),TuTh 09:00AM - 10:20AM,"Rm 1033, LSK Bldg (51)","WANG, Xuan",,> The class is delivered in a conventional face-to-face mode
ISOM,3770,Global Supply Chain Management,4,[BLD] Blended learning,T1 (3239),Mo 12:00PM - 12:50PM,"Rm 2502, Lift 25-26 (120)",TBA,,
ISOM,4000E,Risk Management for Algo Trading,1,,L1 (3085),01-SEP-2026 - 03-OCT-2026 We 09:00AM - 11:50AM,"Rm 1007, LSK Bldg (80)","WU, Peter Ching-ting",,> Add/Drop Deadline : 07-Sep-2026
ISOM,4030,Deep Learning for Business Applications,3,,L1 (3240),Mo 03:00PM - 04:20PM,"Rm 1001, LSK Bldg (75)","JIA, Jia",,
ISOM,4030,Deep Learning for Business Applications,3,,LA1 (3241),Mo 04:30PM - 05:50PM,"G021, LSK Bldg",TBA,,
ISOM,4040,Digital Strategy and Transformation,3,,L1 (3242),TuTh 04:30PM - 05:50PM,"Rm 6555, Lift 29-30 (88)","YANG, Xiaodong",,
ISOM,4100,Information Systems Auditing,3,,L1 (3243),TuTh 03:00PM - 04:20PM,"Rm 1011, LSK Bldg (80)","KWOK, James Sai Ho",,
ISOM,4110,Large Language Models and AI Agents,3,,L1 (3244),MoWe 12:00PM - 01:20PM,"Rm 1005, LSK Bldg (75)","WANG, Jiying",,
ISOM,4300,Information Systems Control and Assurance,3,,L1 (3245),TuTh 09:00AM - 10:20AM,"Rm 1005, LSK Bldg (75)","DIAS, Garvin Percy",,
ISOM,4400,Information Systems Project,6,,LA1 (3246),TBA,TBA,"JIA, Jia",,> The credit load will usually be spread in the following pattern: Fall: 3; Spring: 3 Instructor Consent Required
ISOM,4720,Simulation in Business and Management,3,,L1 (3247),Th 11:00AM - 01:50PM,"G005, LSK Bldg","CHEN, Ying Ju",,
ISOM,4740,Enterprise Resource Management,3,[BLD] Blended learning,L1 (3248),WeFr 04:30PM - 05:50PM,"Rm 1001, LSK Bldg (75)","ZENG, Zheng",,> The class is delivered in a blended learning mode
ISOM,4750,Business Project Management,3,,L1 (3249),Mo 01:30PM - 02:50PM,"G005, LSK Bldg","LAU, Ronald",,
ISOM,4780,Integrated Planning and Execution,3,,L1 (3250),WeFr 03:00PM - 04:20PM,"Rm 1011, LSK Bldg (80)","LAU, Ronald ZENG, Zheng",,
ISOM,4840,Financial Service Operations Management,3,,L1 (3251),MoWe 10:30AM - 11:50AM,"Rm 1011, LSK Bldg (80)","JOSEPH, Tobin Augustine LAU, Ronald",,
ISOM,4880,Operations Management Project,3,,R1 (3252),TBA,TBA,"BROWN, David Anthony CHEUNG, Ki Ling SHEN, Yiwen",,Instructor Consent Required
ISOM,4890A,Independent Study in Operations Management,1,,R1 (3253),TBA,TBA,"CHONG, Carsten Hao Ye",,
ISOM,5020,Technology Strategy and Management,2,[BLD] Blended learning,L1 (1489),31-OCT-2026 - 14-NOV-2026 Sa 09:00AM - 12:30PM,"Rm 2003, LSK Bldg","JAISINGH, Jeevan",,> The class is delivered in a conventional face-to-face mode > For PT-MBA Year 1 students only > Add/Drop Deadline : 02-Nov-2026
ISOM,5040,Incident Response Management,2,,L1 (1426),27-AUG-2026 - 15-OCT-2026 Th 07:00PM - 10:20PM,TBA,TBA,,"> Instructor : LEE, Otto > For MSc(ICSM) students only > Add/Drop Deadline : 31-Aug-2026"
ISOM,5070,Cyber Security Risk Management,2,,L1 (1417),26-AUG-2026 - 14-OCT-2026 We 02:15PM - 05:35PM,"Rm 3, 31/F, Tower 1,Millennity","WU, Peter Ching-ting",,> For MSc(ICSM) students only > Add/Drop Deadline : 31-Aug-2026
ISOM,5100,Information Strategy and Management,2,,L1 (1404),24-AUG-2026 - 05-OCT-2026 Mo 09:00AM - 12:20PM,"Rm 1, 31/F, Tower 1,Millennity","JAISINGH, Jeevan",,> For MSc(ISM) students only > Add/Drop Deadline : 31-Aug-2026
ISOM,5100,Information Strategy and Management,2,,L2 (1409),25-AUG-2026 - 13-OCT-2026 Tu 07:00PM - 10:20PM,"G003, LSK Bldg (75)","JAISINGH, Jeevan",,> For MSc(ISM) students only > Add/Drop Deadline : 31-Aug-2026
ISOM,5100,Information Strategy and Management,2,,L3 (1451),26-OCT-2026 - 14-DEC-2026 Mo 07:00PM - 10:20PM,"Rm 2, 31/F, Tower 1,Millennity","JAISINGH, Jeevan",,> For MSc(ICSM) students only > Add/Drop Deadline : 02-Nov-2026
ISOM,5110,Programming R for Analytics,2,,L1 (1481),30-OCT-2026 - 18-DEC-2026 Fr 07:00PM - 10:20PM,"Rm 2003, LSK Bldg","JIA, Jia",,> For MSc(ISM) students only > Add/Drop Deadline : 02-Nov-2026
ISOM,5160,Python Programming for Business Applications,2,,L1 (1406),24-AUG-2026 - 12-OCT-2026 Mo 07:00PM - 10:20PM,"Rm 2003, LSK Bldg","WANG, Jiying",,> For MSc(ISM) students only > Add/Drop Deadline : 31-Aug-2026
ISOM,5160,Python Programming for Business Applications,2,,L2 (1414),25-AUG-2026 - 13-OCT-2026 Tu 02:00PM - 05:20PM,"G003, LSK Bldg (75)","WANG, Jiying",,> For MSc(ISM) students only > Add/Drop Deadline : 31-Aug-2026
ISOM,5160,Python Programming for Business Applications,2,,L3 (1482),30-OCT-2026 - 18-DEC-2026 Fr 07:00PM - 10:20PM,"G003, LSK Bldg (75)","WANG, Jiying",,> For MSc(ICSM) students only > Add/Drop Deadline : 02-Nov-2026
ISOM,5180,Applied Network Management,2,,L1 (1434),29-AUG-2026 - 10-OCT-2026 Sa 02:30PM - 05:50PM,"Rm 1011, LSK Bldg (80)","DIAS, Garvin Percy",,> For MSc(ISM) students only > Will have normal class on 26-Sep-2026 > Add/Drop Deadline : 31-Aug-2026
ISOM,5180,Applied Network Management,2,,L2 (1439),29-AUG-2026 - 17-OCT-2026 Sa 09:00AM - 12:20PM,"Rm 1010, LSK Bldg (80)","DIAS, Garvin Percy",,> For MSc(ICSM) students only > Will have normal class on 26-Sep-2026 > Add/Drop Deadline : 31-Aug-2026
ISOM,5190,Advanced Network and Security Management,2,,L1 (1465),28-OCT-2026 - 16-DEC-2026 We 07:00PM - 10:20PM,"G003, LSK Bldg (75)","DIAS, Garvin Percy",,> For MSc(ICSM) students only > Add/Drop Deadline : 02-Nov-2026
ISOM,5240,Deep Learning Business Applications with Python,2,,L1 (1435),29-AUG-2026 - 10-OCT-2026 Sa 02:00PM - 05:30PM,"Rm 1003, LSK Bldg (75)","KWOK, James Sai Ho",,"> For FT-MBA; PT-MBA; MBA (Bi-weekly); Digital MBA and MBA Exchange students only > Venue on 16-Oct-2026 : Business School Central in Admiralty, 4/F United Centre, 95 Queensway, Admiralty, Hong Kong > Add/Drop Deadline : 31-Aug-2026"
ISOM,5260,Fundamentals of Database Management,2,,L1 (1422),27-AUG-2026 - 08-OCT-2026 Th 02:30PM - 05:50PM,"G003, LSK Bldg (75)","THONG, James Yeong Liang",,> For MSc(ISM) students only > Will have normal class on 01-Oct-2026 > Add/Drop Deadline : 31-Aug-2026
ISOM,5260,Fundamentals of Database Management,2,,L2 (1436),29-AUG-2026 - 10-OCT-2026 Sa 09:00AM - 12:20PM,"Rm 1003, LSK Bldg (75)","THONG, James Yeong Liang",,> For MSc(ISM) students only > Will have normal class on 26-Sep-2026 > Venue on 17-Oct-2026 : LSKG012 > Add/Drop Deadline : 31-Aug-2026
ISOM,5260,Fundamentals of Database Management,2,,L3 (1430),28-AUG-2026 - 09-OCT-2026 Fr 09:00AM - 12:20PM,"G001, LSK Bldg (75)","THONG, James Yeong Liang",,> For MSc(ACCT) students only > Add/Drop Deadline : 31-Aug-2026
ISOM,5260,Fundamentals of Database Management,2,,L4 (1431),28-AUG-2026 - 09-OCT-2026 Fr 02:30PM - 05:50PM,"G001, LSK Bldg (75)","THONG, James Yeong Liang",,> For MSc(ACCT) students only > Add/Drop Deadline : 31-Aug-2026
ISOM,5260,Fundamentals of Database Management,2,,L5 (1440),29-AUG-2026 - 17-OCT-2026 Sa 02:30PM - 05:50PM,"Rm 1010, LSK Bldg (80)","JIA, Jia",,> For MSc(ICSM) students only > Will have normal class on 26-Sep-2026 > Add/Drop Deadline : 31-Aug-2026
ISOM,5270,Big Data Analytics,2,,L1 (1455),26-OCT-2026 - 14-DEC-2026 Mo 07:00PM - 10:20PM,"Rm 1, 31/F, Tower 1,Millennity","ZHENG, Rong",,> For MSc(ISM) students only > Add/Drop Deadline : 02-Nov-2026
ISOM,5270,Big Data Analytics,2,,L2 (1456),27-OCT-2026 - 15-DEC-2026 Tu 07:00PM - 10:20PM,"G001, LSK Bldg (75)","FERNANDEZ LORIA, Carlos",,> For MSc(ISM) students only > Add/Drop Deadline : 02-Nov-2026
ISOM,5270,Big Data Analytics,2,,L3 (1468),29-OCT-2026 - 10-DEC-2026 Th 09:30AM - 12:50PM,"Rm 3, 31/F, Tower 1,Millennity","FERNANDEZ LORIA, Carlos",,> For MSc(BA) students only > Add/Drop Deadline : 02-Nov-2026
ISOM,5270,Big Data Analytics,2,,L4 (1478),30-OCT-2026 - 11-DEC-2026 Fr 02:00PM - 05:20PM,"G001, LSK Bldg (75)","FERNANDEZ LORIA, Carlos",,> For MSc(BA) students only > Add/Drop Deadline : 02-Nov-2026
ISOM,5270,Big Data Analytics,2,,L5 (1479),30-OCT-2026 - 11-DEC-2026 Fr 07:00PM - 10:20PM,"G001, LSK Bldg (75)","FERNANDEZ LORIA, Carlos",,> For MSc(BA) students only > Add/Drop Deadline : 02-Nov-2026
ISOM,5270,Big Data Analytics,2,,L6 (1483),30-OCT-2026 - 18-DEC-2026 Fr 02:30PM - 05:50PM,"Rm 2001, LSK Bldg","WANG, Jing",,> For MSc(GO) students only > Add/Drop Deadline : 02-Nov-2026
ISOM,5270,Big Data Analytics,2,,L7 (1484),30-OCT-2026 - 18-DEC-2026 Fr 09:30AM - 12:50PM,"G003, LSK Bldg (75)","WANG, Jing",,> For MSc(ECON) students only > Add/Drop Deadline : 02-Nov-2026
ISOM,5280,Computer and Internet Security Management,2,,L1 (1460),28-OCT-2026 - 09-DEC-2026 We 07:00PM - 10:20PM,"G001, LSK Bldg (75)","IP, Paul",,> For MSc(ISM) students only > Add/Drop Deadline : 02-Nov-2026
ISOM,5280,Computer and Internet Security Management,2,,L2 (1487),31-OCT-2026 - 12-DEC-2026 Sa 02:30PM - 05:50PM,"Rm 1003, LSK Bldg (75)","IP, Paul",,> For MSc(ISM) students only > Add/Drop Deadline : 02-Nov-2026
ISOM,5280,Computer and Internet Security Management,2,,L3 (1407),24-AUG-2026 - 12-OCT-2026 Mo 07:00PM - 10:20PM,"G001, LSK Bldg (75)","IP, Paul",,> For MSc(ICSM) students only > Add/Drop Deadline : 31-Aug-2026
ISOM,5290,Information Systems Analysis and Design,2,,L1 (1461),28-OCT-2026 - 09-DEC-2026 We 09:00AM - 12:20PM,"Rm 1, 31/F, Tower 1,Millennity","ZHANG, Xiaojun",,> For MSc(ISM) students only > Add/Drop Deadline : 02-Nov-2026
ISOM,5290,Information Systems Analysis and Design,2,,L2 (1488),31-OCT-2026 - 12-DEC-2026 Sa 09:00AM - 12:20PM,"Rm 1001, LSK Bldg (75)","ZHANG, Xiaojun",,> For MSc(ISM) students only > Add/Drop Deadline : 02-Nov-2026
ISOM,5290,Information Systems Analysis and Design,2,,L3 (1466),28-OCT-2026 - 16-DEC-2026 We 02:30PM - 05:50PM,"Rm 1, 31/F, Tower 1,Millennity","ZHANG, Xiaojun",,> For MSc(ICSM) students only > Add/Drop Deadline : 02-Nov-2026
ISOM,5310,Transforming Business with Artificial Intelligence,2,,L1 (1457),27-OCT-2026 - 15-DEC-2026 Tu 07:00PM - 10:30PM,TBA,"WANG, Jiying",,"> For FT-MBA; PT-MBA; MBA (Bi-weekly); Digital MBA and MBA Exchange students only > Venue : Business School Central in Admiralty, 4/F United Centre, 95 Queensway, Admiralty, Hong Kong > Add/Drop Deadline : 02-Nov-2026"
ISOM,5320,Digital Business and Web Analytics,2,,L1 (1469),29-OCT-2026 - 10-DEC-2026 Th 09:15AM - 12:35PM,"Rm 1, 31/F, Tower 1,Millennity","XU, Hong",,> For MSc(ISM) students only > Add/Drop Deadline : 02-Nov-2026
ISOM,5320,Digital Business and Web Analytics,2,,L2 (1470),29-OCT-2026 - 10-DEC-2026 Th 07:00PM - 10:20PM,"G001, LSK Bldg (75)","XU, Hong",,> For MSc(ISM) students only > Add/Drop Deadline : 02-Nov-2026
ISOM,5370,Technology and Innovation Management,2,,L1 (1427),27-AUG-2026 - 15-OCT-2026 Th 07:00PM - 10:20PM,"G003, LSK Bldg (75)","XU, Yan",,> For MSc(ISM) students only > Add/Drop Deadline : 31-Aug-2026
ISOM,5390,Digital and Social Media Strategy,2,,L1 (1490),31-OCT-2026 - 07-NOV-2026 Sa 02:00PM - 05:30PM,"Rm 2006, LSK Bldg","KOH, Tat Koon",,> For FT-MBA; PT-MBA; MBA (Bi-weekly); Digital MBA and MBA Exchange students only > Add/Drop Deadline : 02-Nov-2026
ISOM,5460,Project Management,2,[BLD] Blended learning,L1 (1410),25-AUG-2026 - 08-SEP-2026 Tu 02:15PM - 05:35PM,"Rm 3, 31/F, Tower 1,Millennity","JAISINGH, Jeevan",,> The class is delivered in a conventional face-to-face mode > For MSc(BA) students only > Add/Drop Deadline : 31-Aug-2026
ISOM,5460,Project Management,2,[BLD] Blended learning,L2 (1423),27-AUG-2026 - 10-SEP-2026 Th 07:00PM - 10:20PM,"G001, LSK Bldg (75)","JAISINGH, Jeevan",,> The class is delivered in a conventional face-to-face mode > For MSc(BA) students only > Venue on 16-Oct-2026 : LTA > Add/Drop Deadline : 31-Aug-2026
ISOM,5460,Project Management,2,[BLD] Blended learning,L3 (1429),28-AUG-2026 - 11-SEP-2026 Fr 02:15PM - 05:35PM,"Rm 3, 31/F, Tower 1,Millennity","JAISINGH, Jeevan",,> The class is delivered in a conventional face-to-face mode > For MSc(BA) students only > Venue on 16-Oct-2026 : LTA > Add/Drop Deadline : 31-Aug-2026
ISOM,5510,Data Analysis,2,[BLD] Blended learning,L1 (1411),25-AUG-2026 - 06-OCT-2026 Tu 07:00PM - 10:20PM,"Rm 2003, LSK Bldg","XIA, Lucy",,> The class is delivered in a conventional face-to-face mode > For MSc(BA) students only > Add/Drop Deadline : 31-Aug-2026
ISOM,5510,Data Analysis,2,[BLD] Blended learning,L2 (1415),26-AUG-2026 - 07-OCT-2026 We 07:00PM - 10:20PM,"Rm 2003, LSK Bldg","XIA, Lucy",,> The class is delivered in a conventional face-to-face mode > For MSc(BA) students only > Add/Drop Deadline : 31-Aug-2026
ISOM,5510,Data Analysis,2,[BLD] Blended learning,L3 (1437),29-AUG-2026 - 10-OCT-2026 Sa 09:00AM - 12:20PM,"G003, LSK Bldg (75)","XIA, Lucy",,> The class is delivered in a conventional face-to-face mode > For MSc(BA) students only > Venue on 17-Oct-2026 : LTJ and LTF > Add/Drop Deadline : 31-Aug-2026
ISOM,5510,Data Analysis,2,[BLD] Blended learning,L4 (1432),28-AUG-2026 - 09-OCT-2026 Fr 02:30PM - 05:50PM,"Rm 1, 31/F, Tower 1,Millennity","PAN, Baoqian",,> The class is delivered in a conventional face-to-face mode > For MSc(GO) students only > Add/Drop Deadline : 31-Aug-2026
ISOM,5510,Data Analysis,2,[BLD] Blended learning,L5 (1433),28-AUG-2026 - 09-OCT-2026 Fr 09:30AM - 12:50PM,"Rm 1, 31/F, Tower 1,Millennity","PAN, Baoqian",,> The class is delivered in a conventional face-to-face mode > For MSc(GO) students only > Add/Drop Deadline : 31-Aug-2026
ISOM,5510,Data Analysis,2,[BLD] Blended learning,L6 (1420),27-AUG-2026 - 24-SEP-2026 Th 02:30PM - 05:50PM,"Rm 1, 31/F, Tower 1,Millennity","PAN, Baoqian",,> The class is delivered in a conventional face-to-face mode > For MSc(GO) students only > Venue on 15-Oct-2026 : LTC and LTE > Add/Drop Deadline : 31-Aug-2026
ISOM,5510,Data Analysis,2,[BLD] Blended learning,L7 (1428),27-AUG-2026 - 15-OCT-2026 Th 09:30AM - 12:50PM,"Rm 1, 31/F, Tower 1,Millennity","HO, Jason Man Wai",,> The class is delivered in a conventional face-to-face mode > For MSc(GO) students only > Add/Drop Deadline : 31-Aug-2026
ISOM,5540,Introduction to Probability,3,,L1 (1444),Th 03:00PM - 05:50PM,"Rm 1033, LSK Bldg (51)","JAMES, Lancelot Fitzgerald",,
ISOM,5580,Practical AI for Business,2,,L1 (1443),30-AUG-2026 - 30-AUG-2026 Su 09:00AM - 12:30PM,"G001, LSK Bldg (75)","CHOI, Joon Nak",,> For FT-MBA; PT-MBA; MBA (Bi-Weekly); Digital MBA and MBA Exchange students only > Add/Drop Deadline : 31-Aug-2026
ISOM,5580,Practical AI for Business,2,,L2 (1473),29-OCT-2026 - 17-DEC-2026 Th 02:15PM - 05:35PM,"Rm 3, 31/F, Tower 1,Millennity","CHOI, Joon Nak",,> For MSc(BA) students only > Add/Drop Deadline : 02-Nov-2026
ISOM,5580,Practical AI for Business,2,,L3 (1474),29-OCT-2026 - 17-DEC-2026 Th 07:00PM - 10:20PM,"Rm 3, 31/F, Tower 1,Millennity","CHOI, Joon Nak",,> For MSc(BA) students only > Add/Drop Deadline : 02-Nov-2026
ISOM,5600,Business Practice for Business Analytics,0,,T1 (4550),TBA,TBA,"HO, Jason Man Wai SAENYASIRI, Ekkachai",,> For MSc(BA) students only > Add/Drop Deadline : 14-Sep-2025
ISOM,5610,Introduction to Business Analytics,2,,L1 (1458),27-OCT-2026 - 15-DEC-2026 Tu 09:30AM - 12:50PM,"Rm 3, 31/F, Tower 1,Millennity","PAN, Baoqian",,> For MSc(BA) students only > Add/Drop Deadline : 02-Nov-2026
ISOM,5610,Introduction to Business Analytics,2,,L2 (1459),27-OCT-2026 - 15-DEC-2026 Tu 02:00PM - 05:20PM,"Rm 3, 31/F, Tower 1,Millennity","PAN, Baoqian",,> For MSc(BA) students only > Add/Drop Deadline : 02-Nov-2026
ISOM,5610,Introduction to Business Analytics,2,,L3 (1491),31-OCT-2026 - 19-DEC-2026 Sa 09:00AM - 12:20PM,"G003, LSK Bldg (75)","PAN, Baoqian",,> For MSc(BA) students only > Add/Drop Deadline : 02-Nov-2026
ISOM,5620,Visual Analytics for Business Decisions,2,,L1 (1418),26-AUG-2026 - 14-OCT-2026 We 02:00PM - 05:20PM,TBA,"SUN, Xinyu",,"> For MSc(BA) students only > Venue : Business School Central in Admiralty, 4/F United Centre, 95 Queensway, Admiralty, Hong Kong > Add/Drop Deadline : 31-Aug-2026"
ISOM,5620,Visual Analytics for Business Decisions,2,,L2 (1419),26-AUG-2026 - 14-OCT-2026 We 07:00PM - 10:20PM,TBA,"SUN, Xinyu",,"> For MSc(BA) students only > Venue : Business School Central in Admiralty, 4/F United Centre, 95 Queensway, Admiralty, Hong Kong > Add/Drop Deadline : 31-Aug-2026"
ISOM,5620,Visual Analytics for Business Decisions,2,,L3 (1441),29-AUG-2026 - 17-OCT-2026 Sa 02:00PM - 05:20PM,"G003, LSK Bldg (75)","SUN, Xinyu",,> For MSc(BA) students only > Add/Drop Deadline : 31-Aug-2026
ISOM,5630,Business Analytics in R,2,,L1 (1448),26-OCT-2026 - 07-DEC-2026 Mo 09:00AM - 12:20PM,"Rm 3, 31/F, Tower 1,Millennity","ZHENG, Xinghua",,> For MSc(BA) students only > Add/Drop Deadline : 02-Nov-2026
ISOM,5630,Business Analytics in R,2,,L2 (1449),26-OCT-2026 - 07-DEC-2026 Mo 07:00PM - 10:20PM,"Rm 2001, LSK Bldg","ZHENG, Xinghua",,> For MSc(BA) students only > Add/Drop Deadline : 02-Nov-2026
ISOM,5630,Business Analytics in R,2,,L3 (1453),27-OCT-2026 - 08-DEC-2026 Tu 09:30AM - 12:50PM,"G003, LSK Bldg (75)","ZHENG, Xinghua",,> For MSc(GO) students only > Add/Drop Deadline : 02-Nov-2026
ISOM,5630,Business Analytics in R,2,,L4 (1454),27-OCT-2026 - 08-DEC-2026 Tu 02:00PM - 05:20PM,"G003, LSK Bldg (75)","ZHENG, Xinghua",,> For MSc(GO) students only > Add/Drop Deadline : 02-Nov-2026
ISOM,5650,Learning Statistics with Python,2,,L1 (1462),28-OCT-2026 - 09-DEC-2026 We 02:15PM - 05:35PM,"Rm 3, 31/F, Tower 1,Millennity","WAN, Xuhu",,> For MSc(BA) students only > Add/Drop Deadline : 02-Nov-2026
ISOM,5650,Learning Statistics with Python,2,,L2 (1463),28-OCT-2026 - 16-DEC-2026 We 07:00PM - 10:20PM,"Rm 3, 31/F, Tower 1,Millennity","WAN, Xuhu",,> For MSc(BA) students only > Add/Drop Deadline : 02-Nov-2026
ISOM,5700,Operations Management,2,[BLD] Blended learning,L1 (1412),25-AUG-2026 - 06-OCT-2026 Tu 02:30PM - 05:50PM,TBA,"HA, Albert Yiu Cheung",,"> The class is delivered in a conventional face-to-face mode > For MSc(GO) students only > Venue : Business School Central in Admiralty, 4/F United Centre, 95 Queensway, Admiralty, Hong Kong > Add/Drop Deadline : 31-Aug-2026"
ISOM,5700,Operations Management,2,[BLD] Blended learning,L2 (1413),25-AUG-2026 - 06-OCT-2026 Tu 09:30AM - 12:50PM,TBA,"HA, Albert Yiu Cheung",,"> The class is delivered in a conventional face-to-face mode > For MSc(GO) students only > Venue : Business School Central in Admiralty, 4/F United Centre, 95 Queensway, Admiralty, Hong Kong > Add/Drop Deadline : 31-Aug-2026"
ISOM,5700,Operations Management,2,[BLD] Blended learning,L3 (1424),27-AUG-2026 - 08-OCT-2026 Th 09:30AM - 12:50PM,"Rm 2003, LSK Bldg","HA, Albert Yiu Cheung",,> The class is delivered in a conventional face-to-face mode > For MSc(GO) students only > Venue on 18-Oct-2026 : LTA and LTC > Add/Drop Deadline : 31-Aug-2026
ISOM,5700,Operations Management,2,[BLD] Blended learning,L4 (1425),27-AUG-2026 - 08-OCT-2026 Th 02:30PM - 05:50PM,"Rm 2003, LSK Bldg","HA, Albert Yiu Cheung",,> The class is delivered in a conventional face-to-face mode > For MSc(GO) students only > Venue on 18-Oct-2026 : LTA and LTC > Add/Drop Deadline : 31-Aug-2026
ISOM,5700,Operations Management,2,[BLD] Blended learning,L5 (1475),29-OCT-2026 - 17-DEC-2026 Th 02:00PM - 05:30PM,"Rm 2003, LSK Bldg","WANG, Xuan",,> The class is delivered in a conventional face-to-face mode > For FT-MBA Year 1 students only > Add/Drop Deadline : 02-Nov-2026
ISOM,5700,Operations Management,2,[BLD] Blended learning,L6 (1438),29-AUG-2026 - 10-OCT-2026 Sa 09:00AM - 11:00AM,TBA,"WANG, Xuan",,> The class is delivered in a blended learning mode > For Digital MBA Year 2 students only > Add/Drop Deadline : 31-Aug-2026
ISOM,5700,Operations Management,2,[BLD] Blended learning,L7 (1486),31-OCT-2026 - 31-OCT-2026 Sa 09:30AM - 01:00PM,"Rm 2001, LSK Bldg","SHIN, Dongwook",,> The class is delivered in a conventional face-to-face mode > For Part-time MBA (Bi-weekly) Year 1 students only > Add/Drop Deadline : 02-Nov-2026
ISOM,5730,Global Supply Chain Management,2,,L1 (1471),29-OCT-2026 - 10-DEC-2026 Th 02:00PM - 05:20PM,"Rm 2001, LSK Bldg","GURUMURTHI, Suri",,> For MSc(GO) students only > Add/Drop Deadline : 02-Nov-2026
ISOM,5730,Global Supply Chain Management,2,,L2 (1472),29-OCT-2026 - 10-DEC-2026 Th 06:00PM - 09:20PM,"Rm 2003, LSK Bldg","GURUMURTHI, Suri",,> For MSc(GO) students only > Add/Drop Deadline : 02-Nov-2026
ISOM,5730,Global Supply Chain Management,2,,L3 (1480),30-OCT-2026 - 11-DEC-2026 Fr 06:00PM - 09:20PM,"Rm 2001, LSK Bldg","GURUMURTHI, Suri",,> For MSc(GO) students only > Add/Drop Deadline : 02-Nov-2026
ISOM,5730,Global Supply Chain Management,2,,L4 (1476),29-OCT-2026 - 17-DEC-2026 Th 09:30AM - 12:50PM,"Rm 2001, LSK Bldg","CHEUNG, Ki Ling",,> For MSc(GO) students only > Add/Drop Deadline : 02-Nov-2026
ISOM,5755,Mastering the Customer Experience: Mapping the End-to-End Customer Journey,2,,L1 (1485),30-OCT-2026 - 18-DEC-2026 Fr 02:00PM - 05:20PM,"Rm 3, 31/F, Tower 1,Millennity","MUTTO, Frederick",,> For MSc(MARK) students only > Add/Drop Deadline : 02-Nov-2026
ISOM,5765,Managing Business to Create Value through Sustainability,2,,L1 (1442),26-AUG-2026 - 14-OCT-2026 We 07:00PM - 10:30PM,TBA,"MUTTO, Frederick",,"> For FT-MBA; PT-MBA; MBA (Bi-weekly); Digital MBA and MBA Exchange students only > Venue : Business School Central in Admiralty, 4/F United Centre, 95 Queensway, Admiralty, Hong Kong > Add/Drop Deadline : 31-Aug-2026"
ISOM,5765,Managing Business to Create Value through Sustainability,2,,L2 (1421),27-AUG-2026 - 24-SEP-2026 Th 02:00PM - 05:20PM,"G001, LSK Bldg (75)","MUTTO, Frederick",,> For MSc(IMT) students only > Add/Drop Deadline : 31-Aug-2026
ISOM,5810,Business Modeling and Optimization,2,,L1 (1408),24-AUG-2026 - 12-OCT-2026 Mo 07:00PM - 10:20PM,"G021, LSK Bldg","ZHANG, Hongtao",,> For MSc(BA) students only > Add/Drop Deadline : 31-Aug-2026
ISOM,5810,Business Modeling and Optimization,2,,L2 (1416),26-AUG-2026 - 07-OCT-2026 We 09:00AM - 12:20PM,"G021, LSK Bldg","ZHANG, Hongtao",,> For MSc(BA) students only > Add/Drop Deadline : 31-Aug-2026
ISOM,5810,Business Modeling and Optimization,2,,L3 (1405),24-AUG-2026 - 05-OCT-2026 Mo 09:00AM - 12:20PM,"G021, LSK Bldg","ZHANG, Hongtao",,> For MSc(BA) students only > Add/Drop Deadline : 31-Aug-2026
ISOM,5810,Business Modeling and Optimization,2,,L4 (1450),26-OCT-2026 - 07-DEC-2026 Mo 09:00AM - 12:20PM,"G021, LSK Bldg","ZHENG, Shaohui",,> For MSc(GO) students only > Add/Drop Deadline : 02-Nov-2026
ISOM,5810,Business Modeling and Optimization,2,,L5 (1452),26-OCT-2026 - 14-DEC-2026 Mo 07:00PM - 10:20PM,"G021, LSK Bldg","ZHENG, Shaohui",,> For MSc(GO) students only > Add/Drop Deadline : 02-Nov-2026
ISOM,5810,Business Modeling and Optimization,2,,L6 (1467),28-OCT-2026 - 16-DEC-2026 We 07:00PM - 10:20PM,"G021, LSK Bldg","ZHENG, Shaohui",,> For MSc(GO) students only > Add/Drop Deadline : 02-Nov-2026
ISOM,5810,Business Modeling and Optimization,2,,L7 (1464),28-OCT-2026 - 09-DEC-2026 We 09:00AM - 12:20PM,"G021, LSK Bldg","ZHENG, Shaohui",,> For MSc(GO) students only > Add/Drop Deadline : 02-Nov-2026
ISOM,6000Y,"Winning Strategies in the Digital World: Platforms, Ecosystems, and Beyond",2,,L1 (1494),01-NOV-2026 - 01-NOV-2026 Su 09:00AM - 12:30PM,"G001, LSK Bldg (75)","MENG, Zhaoli",,> For FT-MBA; PT-MBA; MBA (Bi-weekly); Digital MBA and MBA Exchange students only > Add/Drop Deadline : 02-Nov-2026
ISOM,6200B,Criminal Psychology in the Digital World,2,,L1 (1477),29-OCT-2026 - 29-OCT-2026 Th 07:00PM - 10:20PM,TBA,"FUNG, Chi Pun",,> For MSc(ICSM) students only > Add/Drop Deadline : 02-Nov-2026
ISOM,6200C,"AI in Cybersecurity: Governance, Operations, and Auditing",2,,L1 (1492),31-OCT-2026 - 31-OCT-2026 Sa 02:30PM - 05:50PM,"LG3009, Lift 10-12 (88)",TBA,,"> Instructor : LAU, Jason > For MSc(ICSM) students only > Add/Drop Deadline : 02-Nov-2026"
ISOM,6380A,Information Systems Practicum,2,,R1 (4531),TBA,TBA,"YANG, Xiaodong",,> For MSc(ISM) students only > Add/Drop Deadline : 14-Sep-2026
ISOM,6790U,Building Resilient Scalable and Responsive Supply Chains for Global Leadership,2,,L1 (4488),31-OCT-2026 - 19-DEC-2026 Sa 02:00PM - 05:30PM,"Rm 1005, LSK Bldg (75)","GURUMURTHI, Suri",,> For FT-MBA; PT-MBA; MBA (Bi-weekly); Digital MBA and MBA Exchange students only > Add/Drop Deadline : 02-Nov-2026
ISOM,6990,MPhil Thesis Research,0,,R1 (1445),TBA,TBA,TBA,,> For MPhil(ISOM) students only
ISOM,7000J,IS Doctoral Seminar: Current Research in Information Systems,3,,L1 (1446),01-SEP-2026 - 01-SEP-2026 Tu 03:00PM - 05:50PM,"Rm 3001, LSK Bldg","THONG, James Yeong Liang",,
ISOM,7990,Doctoral Thesis Research,0,,R1 (1447),TBA,TBA,TBA,,> For PhD(ISOM) students only
JEVE,5260,Global Warming and Air Pollution Meteorology,3,,L1 (1841),We 07:00PM - 09:50PM,"Rm 5583, Lift 29-30 (80)","IM, Eun Soon",,
JEVE,5410,Risk Assessment and Contaminated Land Cleanup,3,,L1 (1842),Th 07:00PM - 09:50PM,"G009A, CYT Bldg (80)","LO, Irene Man Chi",,> JEVE 5410 is not co-listing with CIEM 5410 in Fall 2026-27
JEVE,5460,Design and Management of Physico/Chemical Processes of Environmental Engineering,3,,L1 (1843),Mo 07:00PM - 09:50PM,"Rm 5583, Lift 29-30 (80)","SHANG, Chii",,
JEVE,5470,Industrial Wastewater Treatment,3,,L1 (1844),Tu 07:00PM - 09:50PM,"Rm 5583, Lift 29-30 (80)","ZHANG, Xiangru",,
JEVE,5480,Wastewater Treatment and Reuse,3,,L1 (1845),Fr 07:00PM - 09:50PM,"Rm 4, 30/F, Tower 1,Millennity","DAI, Ji",,
JEVE,5900,Carbon Management for Sustainable Environment,3,,L1 (1846),05-SEP-2026 - 24-OCT-2026 Sa 03:00PM - 05:50PM,"Rm 2465, Lift 25-26 (122)","ZHOU, Shelley",,
JEVE,6000H,Sustainable Engineering,3,,L1 (1847),Th 07:00PM - 09:50PM,"Rm 2504, Lift 25-26 (84)","KHANAL, Samir Kumar",,
JEVE,6980B,Independent Project,6,,R1 (4569),TBA,TBA,TBA,,Instructor Consent Required
LANG,1101,Pinyin for Non-Chinese Language Background Students,1,[EN] Taught in Eng/Chin subject to diff. offerings [PU] Putonghua,T01 (3545),07-SEP-2026 - 05-OCT-2026 Mo 01:30PM - 02:50PM,"Rm 2131B, Lift 19 (28)",TBA,,
LANG,1102,Chinese Characters for Non-Chinese Language Background Students I,1,[EN] Taught in Eng/Chin subject to diff. offerings [PU] Putonghua,T01 (3546),07-SEP-2026 - 06-OCT-2026 TuTh 12:00PM - 01:20PM,"Rm 2132A, Lift 19 (28)",TBA,,Instructor Consent Required
LANG,1103,Chinese Characters for Non-Chinese Language Background Students II,1,[EN] Taught in Eng/Chin subject to diff. offerings [PU] Putonghua,T01 (3549),12-OCT-2026 - 10-NOV-2026 TuTh 12:00PM - 01:20PM,"Rm 2132A, Lift 19 (28)",TBA,,
LANG,1130,Cantonese for Non-Chinese Language Background Students I,3,,T01 (4517),TuTh 01:30PM - 02:50PM,"Rm 2131C, Lift 19 (28)",TBA,,
LANG,1133,Cantonese for Chinese Language Background Students I,3,,T01 (3281),MoWe 10:30AM - 11:50AM,"Rm 2129B, Lift 19 (28)",TBA,,
LANG,1210,Japanese Language and Culture for Beginners I,3,,T01 (3282),MoWe 09:00AM - 10:20AM,"Rm 2127C, Lift 19 (28)",TBA,,
LANG,1210,Japanese Language and Culture for Beginners I,3,,T02 (3283),TuTh 12:00PM - 01:20PM,"Rm 2132B, Lift 19 (28)",TBA,,
LANG,1211,Communicative Japanese for Beginners I,2,,T01 (3278),01-SEP-2026 - 07-NOV-2026 TuTh 10:30AM - 11:50AM,"Rm 2130C, Lift 19 (28)",TBA,,
LANG,1211,Communicative Japanese for Beginners I,2,,T02 (3279),01-SEP-2026 - 07-NOV-2026 TuTh 12:00PM - 01:20PM,"Rm 2131C, Lift 19 (28)",TBA,,
LANG,1211,Communicative Japanese for Beginners I,2,,T03 (4533),01-SEP-2026 - 07-NOV-2026 MoWe 12:00PM - 01:20PM,"Rm 2127C, Lift 19 (28)",TBA,,
LANG,1212,Japanese Vocabulary and Grammar Essentials I,1,[SPO] Self-paced online delivery,T01 (3547),21-SEP-2026 - 26-SEP-2026 Th 09:00AM - 10:20AM,"Rm 2127B, Lift 19 (28)",TBA,,> The class is delivered in a self-paced online mode
LANG,1212,Japanese Vocabulary and Grammar Essentials I,1,[SPO] Self-paced online delivery,T02 (3548),21-SEP-2026 - 26-SEP-2026 Tu 09:00AM - 10:20AM,"Rm 2127B, Lift 19 (28)",TBA,,> The class is delivered in a self-paced online mode
LANG,1212,Japanese Vocabulary and Grammar Essentials I,1,[SPO] Self-paced online delivery,T03 (4534),21-SEP-2026 - 26-SEP-2026 Tu 10:30AM - 11:50AM,"Rm 2127C, Lift 19 (28)",TBA,,> The class is delivered in a self-paced online mode
LANG,1212,Japanese Vocabulary and Grammar Essentials I,1,[SPO] Self-paced online delivery,T04 (4535),21-SEP-2026 - 26-SEP-2026 Mo 10:30AM - 11:50AM,"Rm 2126B, Lift 19 (28)",TBA,,> The class is delivered in a self-paced online mode
LANG,1230,Korean Language and Culture for Beginners I,3,,T01 (3287),TuTh 10:30AM - 11:50AM,"Rm 2126B, Lift 19 (28)",TBA,,
LANG,1230,Korean Language and Culture for Beginners I,3,,T02 (3288),TuTh 12:00PM - 01:20PM,"Rm 2132C, Lift 19 (28)",TBA,,
LANG,1230,Korean Language and Culture for Beginners I,3,,T03 (3289),TuTh 04:30PM - 05:50PM,"Rm 2132A, Lift 19 (28)",TBA,,
LANG,1310,French Language and Culture for Beginners I,3,,T01 (3290),TuTh 12:00PM - 01:20PM,"Rm 2126A, Lift 19 (28)",TBA,,
LANG,1310,French Language and Culture for Beginners I,3,,T02 (3291),TuTh 04:30PM - 05:50PM,"Rm 2131B, Lift 19 (28)",TBA,,
LANG,1310,French Language and Culture for Beginners I,3,,T03 (3292),TuTh 03:00PM - 04:20PM,"Rm 2132B, Lift 19 (28)",TBA,,
LANG,1330,Spanish Language and Culture for Beginners I,3,,T01 (3277),01-SEP-2026 - 17-OCT-2026 MoWe 10:30AM - 01:20PM,"Rm 2611, Lift 31-32 (28)",TBA,,> Add/Drop Deadline : 05-Sep-2026
LANG,1330,Spanish Language and Culture for Beginners I,3,,T02 (3293),Mo 03:00PM - 04:20PM,"Rm 2126A, Lift 19 (28)",TBA,,
LANG,1402,English for University Studies,3,Common Core (E-Comm) for 30-credit prog in 22-24 Common Core (E-Comm) for 30-credit prog in 25 Common Core (E-Comm) for 30-credit prog fr 26,T02 (3295),MoWe 10:30AM - 11:50AM,"Rm 2127B, Lift 19 (28)",TBA,,
LANG,1402,English for University Studies,3,Common Core (E-Comm) for 30-credit prog in 22-24 Common Core (E-Comm) for 30-credit prog in 25 Common Core (E-Comm) for 30-credit prog fr 26,T03 (3296),MoWe 10:30AM - 11:50AM,"Rm 2127C, Lift 19 (28)",TBA,,
LANG,1402,English for University Studies,3,Common Core (E-Comm) for 30-credit prog in 22-24 Common Core (E-Comm) for 30-credit prog in 25 Common Core (E-Comm) for 30-credit prog fr 26,T04 (3297),MoWe 10:30AM - 11:50AM,"Rm 2127A, Lift 19 (28)",TBA,,
LANG,1402,English for University Studies,3,Common Core (E-Comm) for 30-credit prog in 22-24 Common Core (E-Comm) for 30-credit prog in 25 Common Core (E-Comm) for 30-credit prog fr 26,T05 (3298),MoWe 12:00PM - 01:20PM,"Rm 2128B, Lift 19 (28)",TBA,,
LANG,1402,English for University Studies,3,Common Core (E-Comm) for 30-credit prog in 22-24 Common Core (E-Comm) for 30-credit prog in 25 Common Core (E-Comm) for 30-credit prog fr 26,T06 (3299),MoWe 10:30AM - 11:50AM,"Rm 2128C, Lift 19 (28)",TBA,,
LANG,1402,English for University Studies,3,Common Core (E-Comm) for 30-credit prog in 22-24 Common Core (E-Comm) for 30-credit prog in 25 Common Core (E-Comm) for 30-credit prog fr 26,T07 (3300),MoWe 10:30AM - 11:50AM,"Rm 2128B, Lift 19 (28)",TBA,,
LANG,1402,English for University Studies,3,Common Core (E-Comm) for 30-credit prog in 22-24 Common Core (E-Comm) for 30-credit prog in 25 Common Core (E-Comm) for 30-credit prog fr 26,T08 (3301),MoWe 10:30AM - 11:50AM,"Rm 2128A, Lift 19 (28)",TBA,,
LANG,1402,English for University Studies,3,Common Core (E-Comm) for 30-credit prog in 22-24 Common Core (E-Comm) for 30-credit prog in 25 Common Core (E-Comm) for 30-credit prog fr 26,T09 (3302),TuTh 09:00AM - 10:20AM,"Rm 2126B, Lift 19 (28)",TBA,,
LANG,1402,English for University Studies,3,Common Core (E-Comm) for 30-credit prog in 22-24 Common Core (E-Comm) for 30-credit prog in 25 Common Core (E-Comm) for 30-credit prog fr 26,T10 (3303),TuTh 09:00AM - 10:20AM,"Rm 2127A, Lift 19 (28)",TBA,,
LANG,1402,English for University Studies,3,Common Core (E-Comm) for 30-credit prog in 22-24 Common Core (E-Comm) for 30-credit prog in 25 Common Core (E-Comm) for 30-credit prog fr 26,T11 (3304),MoWe 12:00PM - 01:20PM,"Rm 2128A, Lift 19 (28)",TBA,,
LANG,1402,English for University Studies,3,Common Core (E-Comm) for 30-credit prog in 22-24 Common Core (E-Comm) for 30-credit prog in 25 Common Core (E-Comm) for 30-credit prog fr 26,T13 (3306),MoWe 12:00PM - 01:20PM,"Rm 2127A, Lift 19 (28)",TBA,,
LANG,1402,English for University Studies,3,Common Core (E-Comm) for 30-credit prog in 22-24 Common Core (E-Comm) for 30-credit prog in 25 Common Core (E-Comm) for 30-credit prog fr 26,T14 (3307),MoWe 12:00PM - 01:20PM,"Rm 2127B, Lift 19 (28)",TBA,,
LANG,1402,English for University Studies,3,Common Core (E-Comm) for 30-credit prog in 22-24 Common Core (E-Comm) for 30-credit prog in 25 Common Core (E-Comm) for 30-credit prog fr 26,T15 (3308),MoWe 12:00PM - 01:20PM,"Rm 2126C, Lift 19 (28)",TBA,,
LANG,1402,English for University Studies,3,Common Core (E-Comm) for 30-credit prog in 22-24 Common Core (E-Comm) for 30-credit prog in 25 Common Core (E-Comm) for 30-credit prog fr 26,T16 (3309),MoWe 12:00PM - 01:20PM,"Rm 2126B, Lift 19 (28)",TBA,,
LANG,1402,English for University Studies,3,Common Core (E-Comm) for 30-credit prog in 22-24 Common Core (E-Comm) for 30-credit prog in 25 Common Core (E-Comm) for 30-credit prog fr 26,T17 (3310),MoWe 09:00AM - 10:20AM,"Rm 2128B, Lift 19 (28)",TBA,,
LANG,1402,English for University Studies,3,Common Core (E-Comm) for 30-credit prog in 22-24 Common Core (E-Comm) for 30-credit prog in 25 Common Core (E-Comm) for 30-credit prog fr 26,T18 (3311),MoWe 09:00AM - 10:20AM,"Rm 2128C, Lift 19 (28)",TBA,,
LANG,1402,English for University Studies,3,Common Core (E-Comm) for 30-credit prog in 22-24 Common Core (E-Comm) for 30-credit prog in 25 Common Core (E-Comm) for 30-credit prog fr 26,T19 (3312),MoWe 09:00AM - 10:20AM,"Rm 2129A, Lift 19 (28)",TBA,,
LANG,1402,English for University Studies,3,Common Core (E-Comm) for 30-credit prog in 22-24 Common Core (E-Comm) for 30-credit prog in 25 Common Core (E-Comm) for 30-credit prog fr 26,T20 (3313),MoWe 09:00AM - 10:20AM,"Rm 2129B, Lift 19 (28)",TBA,,
LANG,1402,English for University Studies,3,Common Core (E-Comm) for 30-credit prog in 22-24 Common Core (E-Comm) for 30-credit prog in 25 Common Core (E-Comm) for 30-credit prog fr 26,T21 (3314),Mo 04:30PM - 05:50PM,"Rm 2127B, Lift 19 (28)",TBA,,
LANG,1402,English for University Studies,3,Common Core (E-Comm) for 30-credit prog in 22-24 Common Core (E-Comm) for 30-credit prog in 25 Common Core (E-Comm) for 30-credit prog fr 26,T22 (3315),Mo 04:30PM - 05:50PM,"Rm 2126C, Lift 19 (28)",TBA,,
LANG,1402,English for University Studies,3,Common Core (E-Comm) for 30-credit prog in 22-24 Common Core (E-Comm) for 30-credit prog in 25 Common Core (E-Comm) for 30-credit prog fr 26,T23 (3316),Mo 04:30PM - 05:50PM,"Rm 2126B, Lift 19 (28)",TBA,,
LANG,1402,English for University Studies,3,Common Core (E-Comm) for 30-credit prog in 22-24 Common Core (E-Comm) for 30-credit prog in 25 Common Core (E-Comm) for 30-credit prog fr 26,T26 (3319),WeFr 04:30PM - 05:50PM,"Rm 2129A, Lift 19 (28)",TBA,,
LANG,1402,English for University Studies,3,Common Core (E-Comm) for 30-credit prog in 22-24 Common Core (E-Comm) for 30-credit prog in 25 Common Core (E-Comm) for 30-credit prog fr 26,T27 (3320),WeFr 04:30PM - 05:50PM,"Rm 2129B, Lift 19 (28)",TBA,,
LANG,1402,English for University Studies,3,Common Core (E-Comm) for 30-credit prog in 22-24 Common Core (E-Comm) for 30-credit prog in 25 Common Core (E-Comm) for 30-credit prog fr 26,T28 (3321),WeFr 04:30PM - 05:50PM,"Rm 2129C, Lift 19 (28)",TBA,,
LANG,1402,English for University Studies,3,Common Core (E-Comm) for 30-credit prog in 22-24 Common Core (E-Comm) for 30-credit prog in 25 Common Core (E-Comm) for 30-credit prog fr 26,T29 (3322),WeFr 04:30PM - 05:50PM,"Rm 2130A, Lift 19 (28)",TBA,,
LANG,1402,English for University Studies,3,Common Core (E-Comm) for 30-credit prog in 22-24 Common Core (E-Comm) for 30-credit prog in 25 Common Core (E-Comm) for 30-credit prog fr 26,T30 (3323),WeFr 04:30PM - 05:50PM,"Rm 2130B, Lift 19 (28)",TBA,,
LANG,1402,English for University Studies,3,Common Core (E-Comm) for 30-credit prog in 22-24 Common Core (E-Comm) for 30-credit prog in 25 Common Core (E-Comm) for 30-credit prog fr 26,T31 (3324),MoWe 09:00AM - 10:20AM,"Rm 2127B, Lift 19 (28)",TBA,,
LANG,1402,English for University Studies,3,Common Core (E-Comm) for 30-credit prog in 22-24 Common Core (E-Comm) for 30-credit prog in 25 Common Core (E-Comm) for 30-credit prog fr 26,T32 (3325),MoWe 09:00AM - 10:20AM,"Rm 2128A, Lift 19 (28)",TBA,,
LANG,1402,English for University Studies,3,Common Core (E-Comm) for 30-credit prog in 22-24 Common Core (E-Comm) for 30-credit prog in 25 Common Core (E-Comm) for 30-credit prog fr 26,T34 (3327),TuTh 04:30PM - 05:50PM,"Rm 2130C, Lift 19 (28)",TBA,,
LANG,1402,English for University Studies,3,Common Core (E-Comm) for 30-credit prog in 22-24 Common Core (E-Comm) for 30-credit prog in 25 Common Core (E-Comm) for 30-credit prog fr 26,T35 (3328),WeFr 01:30PM - 02:50PM,"Rm 2128C, Lift 19 (28)",TBA,,
LANG,1402,English for University Studies,3,Common Core (E-Comm) for 30-credit prog in 22-24 Common Core (E-Comm) for 30-credit prog in 25 Common Core (E-Comm) for 30-credit prog fr 26,T36 (3329),WeFr 01:30PM - 02:50PM,"Rm 2129A, Lift 19 (28)",TBA,,
LANG,1402,English for University Studies,3,Common Core (E-Comm) for 30-credit prog in 22-24 Common Core (E-Comm) for 30-credit prog in 25 Common Core (E-Comm) for 30-credit prog fr 26,T37 (3330),WeFr 01:30PM - 02:50PM,"Rm 2129B, Lift 19 (28)",TBA,,
LANG,1402,English for University Studies,3,Common Core (E-Comm) for 30-credit prog in 22-24 Common Core (E-Comm) for 30-credit prog in 25 Common Core (E-Comm) for 30-credit prog fr 26,T39 (3332),WeFr 01:30PM - 02:50PM,"Rm 2130A, Lift 19 (28)",TBA,,
LANG,1402,English for University Studies,3,Common Core (E-Comm) for 30-credit prog in 22-24 Common Core (E-Comm) for 30-credit prog in 25 Common Core (E-Comm) for 30-credit prog fr 26,T40 (3333),WeFr 01:30PM - 02:50PM,"Rm 2130B, Lift 19 (28)",TBA,,
LANG,1402,English for University Studies,3,Common Core (E-Comm) for 30-credit prog in 22-24 Common Core (E-Comm) for 30-credit prog in 25 Common Core (E-Comm) for 30-credit prog fr 26,T41 (3334),TuTh 03:00PM - 04:20PM,"Rm 2129C, Lift 19 (28)",TBA,,
LANG,1402,English for University Studies,3,Common Core (E-Comm) for 30-credit prog in 22-24 Common Core (E-Comm) for 30-credit prog in 25 Common Core (E-Comm) for 30-credit prog fr 26,T42 (3335),TuTh 03:00PM - 04:20PM,"Rm 2130A, Lift 19 (28)",TBA,,
LANG,1402,English for University Studies,3,Common Core (E-Comm) for 30-credit prog in 22-24 Common Core (E-Comm) for 30-credit prog in 25 Common Core (E-Comm) for 30-credit prog fr 26,T43 (3336),TuTh 03:00PM - 04:20PM,"Rm 2130B, Lift 19 (28)",TBA,,
LANG,1402,English for University Studies,3,Common Core (E-Comm) for 30-credit prog in 22-24 Common Core (E-Comm) for 30-credit prog in 25 Common Core (E-Comm) for 30-credit prog fr 26,T44 (3337),TuTh 03:00PM - 04:20PM,"Rm 2130C, Lift 19 (28)",TBA,,
LANG,1402,English for University Studies,3,Common Core (E-Comm) for 30-credit prog in 22-24 Common Core (E-Comm) for 30-credit prog in 25 Common Core (E-Comm) for 30-credit prog fr 26,T45 (3338),TuTh 04:30PM - 05:50PM,"Rm 2129A, Lift 19 (28)",TBA,,
LANG,1402,English for University Studies,3,Common Core (E-Comm) for 30-credit prog in 22-24 Common Core (E-Comm) for 30-credit prog in 25 Common Core (E-Comm) for 30-credit prog fr 26,T46 (3339),TuTh 04:30PM - 05:50PM,"Rm 2129B, Lift 19 (28)",TBA,,
LANG,1402,English for University Studies,3,Common Core (E-Comm) for 30-credit prog in 22-24 Common Core (E-Comm) for 30-credit prog in 25 Common Core (E-Comm) for 30-credit prog fr 26,T47 (3340),TuTh 04:30PM - 05:50PM,"Rm 2129C, Lift 19 (28)",TBA,,
LANG,1402,English for University Studies,3,Common Core (E-Comm) for 30-credit prog in 22-24 Common Core (E-Comm) for 30-credit prog in 25 Common Core (E-Comm) for 30-credit prog fr 26,T48 (3341),TuTh 04:30PM - 05:50PM,"Rm 2130A, Lift 19 (28)",TBA,,
LANG,1402,English for University Studies,3,Common Core (E-Comm) for 30-credit prog in 22-24 Common Core (E-Comm) for 30-credit prog in 25 Common Core (E-Comm) for 30-credit prog fr 26,T49 (3342),TuTh 01:30PM - 02:50PM,"Rm 2129C, Lift 19 (28)",TBA,,
LANG,1402,English for University Studies,3,Common Core (E-Comm) for 30-credit prog in 22-24 Common Core (E-Comm) for 30-credit prog in 25 Common Core (E-Comm) for 30-credit prog fr 26,T50 (3343),TuTh 01:30PM - 02:50PM,"Rm 2130A, Lift 19 (28)",TBA,,
LANG,1402,English for University Studies,3,Common Core (E-Comm) for 30-credit prog in 22-24 Common Core (E-Comm) for 30-credit prog in 25 Common Core (E-Comm) for 30-credit prog fr 26,T51 (3344),TuTh 01:30PM - 02:50PM,"Rm 2130B, Lift 19 (28)",TBA,,
LANG,1402,English for University Studies,3,Common Core (E-Comm) for 30-credit prog in 22-24 Common Core (E-Comm) for 30-credit prog in 25 Common Core (E-Comm) for 30-credit prog fr 26,T52 (3345),TuTh 01:30PM - 02:50PM,"Rm 2130C, Lift 19 (28)",TBA,,
LANG,1402,English for University Studies,3,Common Core (E-Comm) for 30-credit prog in 22-24 Common Core (E-Comm) for 30-credit prog in 25 Common Core (E-Comm) for 30-credit prog fr 26,T53 (3346),TuTh 01:30PM - 02:50PM,"Rm 2131A, Lift 19 (28)",TBA,,
LANG,1402,English for University Studies,3,Common Core (E-Comm) for 30-credit prog in 22-24 Common Core (E-Comm) for 30-credit prog in 25 Common Core (E-Comm) for 30-credit prog fr 26,T55 (3348),TuTh 03:00PM - 04:20PM,"Rm 2129A, Lift 19 (28)",TBA,,
LANG,1402,English for University Studies,3,Common Core (E-Comm) for 30-credit prog in 22-24 Common Core (E-Comm) for 30-credit prog in 25 Common Core (E-Comm) for 30-credit prog fr 26,T56 (3349),TuTh 03:00PM - 04:20PM,"Rm 2129B, Lift 19 (28)",TBA,,
LANG,1402,English for University Studies,3,Common Core (E-Comm) for 30-credit prog in 22-24 Common Core (E-Comm) for 30-credit prog in 25 Common Core (E-Comm) for 30-credit prog fr 26,T57 (3350),TuTh 10:30AM - 11:50AM,"Rm 2132C, Lift 19 (28)",TBA,,
LANG,1402,English for University Studies,3,Common Core (E-Comm) for 30-credit prog in 22-24 Common Core (E-Comm) for 30-credit prog in 25 Common Core (E-Comm) for 30-credit prog fr 26,T58 (3351),TuTh 10:30AM - 11:50AM,"Rm 2129B, Lift 19 (28)",TBA,,
LANG,1402,English for University Studies,3,Common Core (E-Comm) for 30-credit prog in 22-24 Common Core (E-Comm) for 30-credit prog in 25 Common Core (E-Comm) for 30-credit prog fr 26,T59 (3352),TuTh 12:00PM - 01:20PM,"Rm 2129B, Lift 19 (28)",TBA,,
LANG,1402,English for University Studies,3,Common Core (E-Comm) for 30-credit prog in 22-24 Common Core (E-Comm) for 30-credit prog in 25 Common Core (E-Comm) for 30-credit prog fr 26,T60 (3353),TuTh 12:00PM - 01:20PM,"Rm 2129C, Lift 19 (28)",TBA,,
LANG,1402,English for University Studies,3,Common Core (E-Comm) for 30-credit prog in 22-24 Common Core (E-Comm) for 30-credit prog in 25 Common Core (E-Comm) for 30-credit prog fr 26,T62 (3355),TuTh 12:00PM - 01:20PM,"Rm 2130B, Lift 19 (28)",TBA,,
LANG,1402,English for University Studies,3,Common Core (E-Comm) for 30-credit prog in 22-24 Common Core (E-Comm) for 30-credit prog in 25 Common Core (E-Comm) for 30-credit prog fr 26,T63 (3356),TuTh 12:00PM - 01:20PM,"Rm 2130C, Lift 19 (28)",TBA,,
LANG,1402,English for University Studies,3,Common Core (E-Comm) for 30-credit prog in 22-24 Common Core (E-Comm) for 30-credit prog in 25 Common Core (E-Comm) for 30-credit prog fr 26,T64 (3357),TuTh 12:00PM - 01:20PM,"Rm 2131A, Lift 19 (28)",TBA,,
LANG,1402,English for University Studies,3,Common Core (E-Comm) for 30-credit prog in 22-24 Common Core (E-Comm) for 30-credit prog in 25 Common Core (E-Comm) for 30-credit prog fr 26,T65 (3358),Mo 03:00PM - 04:20PM,"Rm 2132C, Lift 19 (28)",TBA,,
LANG,1402,English for University Studies,3,Common Core (E-Comm) for 30-credit prog in 22-24 Common Core (E-Comm) for 30-credit prog in 25 Common Core (E-Comm) for 30-credit prog fr 26,T66 (3359),Mo 03:00PM - 04:20PM,"Rm 2126C, Lift 19 (28)",TBA,,
LANG,1402,English for University Studies,3,Common Core (E-Comm) for 30-credit prog in 22-24 Common Core (E-Comm) for 30-credit prog in 25 Common Core (E-Comm) for 30-credit prog fr 26,T67 (3360),TuTh 09:00AM - 10:20AM,"Rm 2132C, Lift 19 (28)",TBA,,
LANG,1402,English for University Studies,3,Common Core (E-Comm) for 30-credit prog in 22-24 Common Core (E-Comm) for 30-credit prog in 25 Common Core (E-Comm) for 30-credit prog fr 26,T68 (3361),TuTh 09:00AM - 10:20AM,"Rm 2127C, Lift 19 (28)",TBA,,
LANG,1402,English for University Studies,3,Common Core (E-Comm) for 30-credit prog in 22-24 Common Core (E-Comm) for 30-credit prog in 25 Common Core (E-Comm) for 30-credit prog fr 26,T70 (3363),TuTh 10:30AM - 11:50AM,"Rm 2131B, Lift 19 (28)",TBA,,
LANG,1402,English for University Studies,3,Common Core (E-Comm) for 30-credit prog in 22-24 Common Core (E-Comm) for 30-credit prog in 25 Common Core (E-Comm) for 30-credit prog fr 26,T71 (3364),TuTh 10:30AM - 11:50AM,"Rm 2131C, Lift 19 (28)",TBA,,
LANG,1402,English for University Studies,3,Common Core (E-Comm) for 30-credit prog in 22-24 Common Core (E-Comm) for 30-credit prog in 25 Common Core (E-Comm) for 30-credit prog fr 26,T73 (3366),Mo 01:30PM - 02:50PM,"Rm 2132C, Lift 19 (28)",TBA,,
LANG,1402,English for University Studies,3,Common Core (E-Comm) for 30-credit prog in 22-24 Common Core (E-Comm) for 30-credit prog in 25 Common Core (E-Comm) for 30-credit prog fr 26,T74 (3367),Mo 03:00PM - 04:20PM,"Rm 2131B, Lift 19 (28)",TBA,,
LANG,1402,English for University Studies,3,Common Core (E-Comm) for 30-credit prog in 22-24 Common Core (E-Comm) for 30-credit prog in 25 Common Core (E-Comm) for 30-credit prog fr 26,T75 (3368),Mo 03:00PM - 04:20PM,"Rm 2131C, Lift 19 (28)",TBA,,
LANG,1402,English for University Studies,3,Common Core (E-Comm) for 30-credit prog in 22-24 Common Core (E-Comm) for 30-credit prog in 25 Common Core (E-Comm) for 30-credit prog fr 26,T76 (3369),Mo 03:00PM - 04:20PM,"Rm 2132A, Lift 19 (28)",TBA,,
LANG,1402,English for University Studies,3,Common Core (E-Comm) for 30-credit prog in 22-24 Common Core (E-Comm) for 30-credit prog in 25 Common Core (E-Comm) for 30-credit prog fr 26,T77 (3370),Mo 03:00PM - 04:20PM,"Rm 2132B, Lift 19 (28)",TBA,,
LANG,1402I,English for University Studies,3,Common Core (E-Comm) for 30-credit prog in 22-24 Common Core (E-Comm) for 30-credit prog in 25 Common Core (E-Comm) for 30-credit prog fr 26,T01 (3371),WeFr 01:30PM - 02:50PM,"Rm 2127A, Lift 19 (28)",TBA,,
LANG,1402I,English for University Studies,3,Common Core (E-Comm) for 30-credit prog in 22-24 Common Core (E-Comm) for 30-credit prog in 25 Common Core (E-Comm) for 30-credit prog fr 26,T02 (3372),TuTh 04:30PM - 05:50PM,"Rm 2127B, Lift 19 (28)",TBA,,
LANG,1402I,English for University Studies,3,Common Core (E-Comm) for 30-credit prog in 22-24 Common Core (E-Comm) for 30-credit prog in 25 Common Core (E-Comm) for 30-credit prog fr 26,T03 (3373),TuTh 01:30PM - 02:50PM,"Rm 2127A, Lift 19 (28)",TBA,,
LANG,1402I,English for University Studies,3,Common Core (E-Comm) for 30-credit prog in 22-24 Common Core (E-Comm) for 30-credit prog in 25 Common Core (E-Comm) for 30-credit prog fr 26,T04 (3374),TuTh 03:00PM - 04:20PM,"Rm 2127B, Lift 19 (28)",TBA,,
LANG,1402I,English for University Studies,3,Common Core (E-Comm) for 30-credit prog in 22-24 Common Core (E-Comm) for 30-credit prog in 25 Common Core (E-Comm) for 30-credit prog fr 26,T05 (3375),Mo 03:00PM - 04:20PM,"Rm 2127C, Lift 19 (28)",TBA,,
LANG,1402I,English for University Studies,3,Common Core (E-Comm) for 30-credit prog in 22-24 Common Core (E-Comm) for 30-credit prog in 25 Common Core (E-Comm) for 30-credit prog fr 26,T06 (3376),TuTh 09:00AM - 10:20AM,"Rm 2129A, Lift 19 (28)",TBA,,
LANG,1402I,English for University Studies,3,Common Core (E-Comm) for 30-credit prog in 22-24 Common Core (E-Comm) for 30-credit prog in 25 Common Core (E-Comm) for 30-credit prog fr 26,T07 (3377),TuTh 10:30AM - 11:50AM,"Rm 2128A, Lift 19 (28)",TBA,,
LANG,1405,Mediated Me: An Introduction to Digital Literacy,3,Common Core (H) for 36-credit program Common Core (H) for 30-credit prog in 22-24 Common Core (H) for 30-credit prog in 25 Common Core (H) for 30-credit prog fr 26 [BLD] Blended learning,L01 (3382),We 04:30PM - 05:50PM,"Rm 4582, Lift 27-28 (66)",TBA,,> The class is delivered in a blended learning mode
LANG,1406,Academic English for Business Studies,3,Common Core (E-Comm) for 30-credit prog in 22-24 Common Core (E-Comm) for 30-credit prog in 25 Common Core (E-Comm) for 30-credit prog fr 26,T01 (3383),MoWe 10:30AM - 11:50AM,"Rm 2132C, Lift 19 (28)",TBA,,
LANG,1406,Academic English for Business Studies,3,Common Core (E-Comm) for 30-credit prog in 22-24 Common Core (E-Comm) for 30-credit prog in 25 Common Core (E-Comm) for 30-credit prog fr 26,T02 (3384),MoWe 12:00PM - 01:20PM,"Rm 2132B, Lift 19 (28)",TBA,,
LANG,1406,Academic English for Business Studies,3,Common Core (E-Comm) for 30-credit prog in 22-24 Common Core (E-Comm) for 30-credit prog in 25 Common Core (E-Comm) for 30-credit prog fr 26,T03 (3385),Mo 04:30PM - 05:50PM,"Rm 2126A, Lift 19 (28)",TBA,,
LANG,1406,Academic English for Business Studies,3,Common Core (E-Comm) for 30-credit prog in 22-24 Common Core (E-Comm) for 30-credit prog in 25 Common Core (E-Comm) for 30-credit prog fr 26,T04 (3386),MoWe 10:30AM - 11:50AM,"Rm 2126C, Lift 19 (28)",TBA,,
LANG,1406,Academic English for Business Studies,3,Common Core (E-Comm) for 30-credit prog in 22-24 Common Core (E-Comm) for 30-credit prog in 25 Common Core (E-Comm) for 30-credit prog fr 26,T05 (3387),WeFr 04:30PM - 05:50PM,"Rm 2128B, Lift 19 (28)",TBA,,
LANG,1406,Academic English for Business Studies,3,Common Core (E-Comm) for 30-credit prog in 22-24 Common Core (E-Comm) for 30-credit prog in 25 Common Core (E-Comm) for 30-credit prog fr 26,T06 (3388),MoWe 09:00AM - 10:20AM,"Rm 2129C, Lift 19 (28)",TBA,,
LANG,1406,Academic English for Business Studies,3,Common Core (E-Comm) for 30-credit prog in 22-24 Common Core (E-Comm) for 30-credit prog in 25 Common Core (E-Comm) for 30-credit prog fr 26,T07 (3389),MoWe 09:00AM - 10:20AM,"Rm 2127A, Lift 19 (28)",TBA,,
LANG,1406,Academic English for Business Studies,3,Common Core (E-Comm) for 30-credit prog in 22-24 Common Core (E-Comm) for 30-credit prog in 25 Common Core (E-Comm) for 30-credit prog fr 26,T08 (3390),TuTh 03:00PM - 04:20PM,"Rm 2128B, Lift 19 (28)",TBA,,
LANG,1406,Academic English for Business Studies,3,Common Core (E-Comm) for 30-credit prog in 22-24 Common Core (E-Comm) for 30-credit prog in 25 Common Core (E-Comm) for 30-credit prog fr 26,T09 (3391),TuTh 03:00PM - 04:20PM,"Rm 2128C, Lift 19 (28)",TBA,,
LANG,1406,Academic English for Business Studies,3,Common Core (E-Comm) for 30-credit prog in 22-24 Common Core (E-Comm) for 30-credit prog in 25 Common Core (E-Comm) for 30-credit prog fr 26,T10 (3392),TuTh 04:30PM - 05:50PM,"Rm 2128B, Lift 19 (28)",TBA,,
LANG,1406,Academic English for Business Studies,3,Common Core (E-Comm) for 30-credit prog in 22-24 Common Core (E-Comm) for 30-credit prog in 25 Common Core (E-Comm) for 30-credit prog fr 26,T11 (3393),TuTh 04:30PM - 05:50PM,"Rm 2128C, Lift 19 (28)",TBA,,
LANG,1406,Academic English for Business Studies,3,Common Core (E-Comm) for 30-credit prog in 22-24 Common Core (E-Comm) for 30-credit prog in 25 Common Core (E-Comm) for 30-credit prog fr 26,T12 (3394),WeFr 01:30PM - 02:50PM,"Rm 2128A, Lift 19 (28)",TBA,,
LANG,1406,Academic English for Business Studies,3,Common Core (E-Comm) for 30-credit prog in 22-24 Common Core (E-Comm) for 30-credit prog in 25 Common Core (E-Comm) for 30-credit prog fr 26,T13 (3395),WeFr 01:30PM - 02:50PM,"Rm 2128B, Lift 19 (28)",TBA,,
LANG,1406,Academic English for Business Studies,3,Common Core (E-Comm) for 30-credit prog in 22-24 Common Core (E-Comm) for 30-credit prog in 25 Common Core (E-Comm) for 30-credit prog fr 26,T14 (3396),WeFr 04:30PM - 05:50PM,"Rm 2128A, Lift 19 (28)",TBA,,
LANG,1406,Academic English for Business Studies,3,Common Core (E-Comm) for 30-credit prog in 22-24 Common Core (E-Comm) for 30-credit prog in 25 Common Core (E-Comm) for 30-credit prog fr 26,T15 (3397),TuTh 09:00AM - 10:20AM,"Rm 2132A, Lift 19 (28)",TBA,,
LANG,1406,Academic English for Business Studies,3,Common Core (E-Comm) for 30-credit prog in 22-24 Common Core (E-Comm) for 30-credit prog in 25 Common Core (E-Comm) for 30-credit prog fr 26,T16 (3398),TuTh 10:30AM - 11:50AM,"Rm 2130A, Lift 19 (28)",TBA,,
LANG,1406,Academic English for Business Studies,3,Common Core (E-Comm) for 30-credit prog in 22-24 Common Core (E-Comm) for 30-credit prog in 25 Common Core (E-Comm) for 30-credit prog fr 26,T17 (3399),TuTh 10:30AM - 11:50AM,"Rm 2130B, Lift 19 (28)",TBA,,
LANG,1406,Academic English for Business Studies,3,Common Core (E-Comm) for 30-credit prog in 22-24 Common Core (E-Comm) for 30-credit prog in 25 Common Core (E-Comm) for 30-credit prog fr 26,T18 (3400),TuTh 12:00PM - 01:20PM,"Rm 2128C, Lift 19 (28)",TBA,,
LANG,1406,Academic English for Business Studies,3,Common Core (E-Comm) for 30-credit prog in 22-24 Common Core (E-Comm) for 30-credit prog in 25 Common Core (E-Comm) for 30-credit prog fr 26,T19 (3401),TuTh 12:00PM - 01:20PM,"Rm 2129A, Lift 19 (28)",TBA,,
LANG,1406,Academic English for Business Studies,3,Common Core (E-Comm) for 30-credit prog in 22-24 Common Core (E-Comm) for 30-credit prog in 25 Common Core (E-Comm) for 30-credit prog fr 26,T20 (3402),TuTh 01:30PM - 02:50PM,"Rm 2129A, Lift 19 (28)",TBA,,
LANG,1406,Academic English for Business Studies,3,Common Core (E-Comm) for 30-credit prog in 22-24 Common Core (E-Comm) for 30-credit prog in 25 Common Core (E-Comm) for 30-credit prog fr 26,T21 (3403),TuTh 01:30PM - 02:50PM,"Rm 2129B, Lift 19 (28)",TBA,,
LANG,1406,Academic English for Business Studies,3,Common Core (E-Comm) for 30-credit prog in 22-24 Common Core (E-Comm) for 30-credit prog in 25 Common Core (E-Comm) for 30-credit prog fr 26,T22 (3404),MoWe 12:00PM - 01:20PM,"Rm 2132A, Lift 19 (28)",TBA,,
LANG,1406,Academic English for Business Studies,3,Common Core (E-Comm) for 30-credit prog in 22-24 Common Core (E-Comm) for 30-credit prog in 25 Common Core (E-Comm) for 30-credit prog fr 26,T23 (3405),Mo 01:30PM - 02:50PM,"Rm 2132A, Lift 19 (28)",TBA,,
LANG,1406,Academic English for Business Studies,3,Common Core (E-Comm) for 30-credit prog in 22-24 Common Core (E-Comm) for 30-credit prog in 25 Common Core (E-Comm) for 30-credit prog fr 26,T24 (3406),Mo 01:30PM - 02:50PM,"Rm 2132B, Lift 19 (28)",TBA,,
LANG,1406,Academic English for Business Studies,3,Common Core (E-Comm) for 30-credit prog in 22-24 Common Core (E-Comm) for 30-credit prog in 25 Common Core (E-Comm) for 30-credit prog fr 26,T25 (3407),Mo 03:00PM - 04:20PM,"Rm 2130C, Lift 19 (28)",TBA,,
LANG,1406,Academic English for Business Studies,3,Common Core (E-Comm) for 30-credit prog in 22-24 Common Core (E-Comm) for 30-credit prog in 25 Common Core (E-Comm) for 30-credit prog fr 26,T26 (3408),Mo 03:00PM - 04:20PM,"Rm 2131A, Lift 19 (28)",TBA,,
LANG,1406,Academic English for Business Studies,3,Common Core (E-Comm) for 30-credit prog in 22-24 Common Core (E-Comm) for 30-credit prog in 25 Common Core (E-Comm) for 30-credit prog fr 26,T27 (3409),TuTh 09:00AM - 10:20AM,"Rm 2131C, Lift 19 (28)",TBA,,
LANG,1406,Academic English for Business Studies,3,Common Core (E-Comm) for 30-credit prog in 22-24 Common Core (E-Comm) for 30-credit prog in 25 Common Core (E-Comm) for 30-credit prog fr 26,T28 (4589),TuTh 09:00AM - 10:20AM,"Rm 2126C, Lift 19 (28)",TBA,,
LANG,1406,Academic English for Business Studies,3,Common Core (E-Comm) for 30-credit prog in 22-24 Common Core (E-Comm) for 30-credit prog in 25 Common Core (E-Comm) for 30-credit prog fr 26,T29 (4590),WeFr 04:30PM - 05:50PM,"Rm 2128C, Lift 19 (28)",TBA,,
LANG,1406,Academic English for Business Studies,3,Common Core (E-Comm) for 30-credit prog in 22-24 Common Core (E-Comm) for 30-credit prog in 25 Common Core (E-Comm) for 30-credit prog fr 26,T30 (4591),Mo 01:30PM - 02:50PM,"Rm 2126A, Lift 19 (28)",TBA,,
LANG,1406,Academic English for Business Studies,3,Common Core (E-Comm) for 30-credit prog in 22-24 Common Core (E-Comm) for 30-credit prog in 25 Common Core (E-Comm) for 30-credit prog fr 26,T31 (4592),TuTh 04:30PM - 05:50PM,"Rm 2130B, Lift 19 (28)",TBA,,
LANG,1406,Academic English for Business Studies,3,Common Core (E-Comm) for 30-credit prog in 22-24 Common Core (E-Comm) for 30-credit prog in 25 Common Core (E-Comm) for 30-credit prog fr 26,T32 (4593),TuTh 10:30AM - 11:50AM,"Rm 2131A, Lift 19 (28)",TBA,,
LANG,1407,Academic English for Engineering Studies,3,Common Core (E-Comm) for 30-credit prog in 22-24 Common Core (E-Comm) for 30-credit prog in 25 Common Core (E-Comm) for 30-credit prog fr 26,T01 (3410),Mo 04:30PM - 05:50PM,"Rm 2127A, Lift 19 (28)",TBA,,
LANG,1407,Academic English for Engineering Studies,3,Common Core (E-Comm) for 30-credit prog in 22-24 Common Core (E-Comm) for 30-credit prog in 25 Common Core (E-Comm) for 30-credit prog fr 26,T02 (3411),MoWe 10:30AM - 11:50AM,"Rm 2132B, Lift 19 (28)",TBA,,
LANG,1407,Academic English for Engineering Studies,3,Common Core (E-Comm) for 30-credit prog in 22-24 Common Core (E-Comm) for 30-credit prog in 25 Common Core (E-Comm) for 30-credit prog fr 26,T03 (3412),WeFr 04:30PM - 05:50PM,"Rm 2127C, Lift 19 (28)",TBA,,
LANG,1407,Academic English for Engineering Studies,3,Common Core (E-Comm) for 30-credit prog in 22-24 Common Core (E-Comm) for 30-credit prog in 25 Common Core (E-Comm) for 30-credit prog fr 26,T04 (3413),MoWe 09:00AM - 10:20AM,"Rm 2126C, Lift 19 (28)",TBA,,
LANG,1407,Academic English for Engineering Studies,3,Common Core (E-Comm) for 30-credit prog in 22-24 Common Core (E-Comm) for 30-credit prog in 25 Common Core (E-Comm) for 30-credit prog fr 26,T05 (3414),TuTh 01:30PM - 02:50PM,"Rm 2128C, Lift 19 (28)",TBA,,
LANG,1407,Academic English for Engineering Studies,3,Common Core (E-Comm) for 30-credit prog in 22-24 Common Core (E-Comm) for 30-credit prog in 25 Common Core (E-Comm) for 30-credit prog fr 26,T06 (3415),TuTh 03:00PM - 04:20PM,"Rm 2128A, Lift 19 (28)",TBA,,
LANG,1407,Academic English for Engineering Studies,3,Common Core (E-Comm) for 30-credit prog in 22-24 Common Core (E-Comm) for 30-credit prog in 25 Common Core (E-Comm) for 30-credit prog fr 26,T07 (3416),TuTh 04:30PM - 05:50PM,"Rm 2128A, Lift 19 (28)",TBA,,
LANG,1407,Academic English for Engineering Studies,3,Common Core (E-Comm) for 30-credit prog in 22-24 Common Core (E-Comm) for 30-credit prog in 25 Common Core (E-Comm) for 30-credit prog fr 26,T08 (3417),WeFr 01:30PM - 02:50PM,"Rm 2127C, Lift 19 (28)",TBA,,
LANG,1407,Academic English for Engineering Studies,3,Common Core (E-Comm) for 30-credit prog in 22-24 Common Core (E-Comm) for 30-credit prog in 25 Common Core (E-Comm) for 30-credit prog fr 26,T09 (3418),MoWe 12:00PM - 01:20PM,"Rm 2126A, Lift 19 (28)",TBA,,
LANG,1407,Academic English for Engineering Studies,3,Common Core (E-Comm) for 30-credit prog in 22-24 Common Core (E-Comm) for 30-credit prog in 25 Common Core (E-Comm) for 30-credit prog fr 26,T10 (3419),Mo 01:30PM - 02:50PM,"Rm 2131C, Lift 19 (28)",TBA,,
LANG,1407,Academic English for Engineering Studies,3,Common Core (E-Comm) for 30-credit prog in 22-24 Common Core (E-Comm) for 30-credit prog in 25 Common Core (E-Comm) for 30-credit prog fr 26,T11 (3420),Mo 03:00PM - 04:20PM,"Rm 2130A, Lift 19 (28)",TBA,,
LANG,1407,Academic English for Engineering Studies,3,Common Core (E-Comm) for 30-credit prog in 22-24 Common Core (E-Comm) for 30-credit prog in 25 Common Core (E-Comm) for 30-credit prog fr 26,T12 (3421),TuTh 09:00AM - 10:20AM,"Rm 2131B, Lift 19 (28)",TBA,,
LANG,1407,Academic English for Engineering Studies,3,Common Core (E-Comm) for 30-credit prog in 22-24 Common Core (E-Comm) for 30-credit prog in 25 Common Core (E-Comm) for 30-credit prog fr 26,T13 (3422),TuTh 10:30AM - 11:50AM,"Rm 2129C, Lift 19 (28)",TBA,,
LANG,1407,Academic English for Engineering Studies,3,Common Core (E-Comm) for 30-credit prog in 22-24 Common Core (E-Comm) for 30-credit prog in 25 Common Core (E-Comm) for 30-credit prog fr 26,T14 (3423),TuTh 12:00PM - 01:20PM,"Rm 2128B, Lift 19 (28)",TBA,,
LANG,1407,Academic English for Engineering Studies,3,Common Core (E-Comm) for 30-credit prog in 22-24 Common Core (E-Comm) for 30-credit prog in 25 Common Core (E-Comm) for 30-credit prog fr 26,T15 (3424),MoWe 12:00PM - 01:20PM,"Rm 2132C, Lift 19 (28)",TBA,,
LANG,1407,Academic English for Engineering Studies,3,Common Core (E-Comm) for 30-credit prog in 22-24 Common Core (E-Comm) for 30-credit prog in 25 Common Core (E-Comm) for 30-credit prog fr 26,T16 (3425),WeFr 04:30PM - 05:50PM,"Rm 2131B, Lift 19 (28)",TBA,,
LANG,1407,Academic English for Engineering Studies,3,Common Core (E-Comm) for 30-credit prog in 22-24 Common Core (E-Comm) for 30-credit prog in 25 Common Core (E-Comm) for 30-credit prog fr 26,T17 (4594),WeFr 01:30PM - 02:50PM,"Rm 2129C, Lift 19 (28)",TBA,,
LANG,1407,Academic English for Engineering Studies,3,Common Core (E-Comm) for 30-credit prog in 22-24 Common Core (E-Comm) for 30-credit prog in 25 Common Core (E-Comm) for 30-credit prog fr 26,T18 (4595),TuTh 01:30PM - 02:50PM,"Rm 2131B, Lift 19 (28)",TBA,,
LANG,1407,Academic English for Engineering Studies,3,Common Core (E-Comm) for 30-credit prog in 22-24 Common Core (E-Comm) for 30-credit prog in 25 Common Core (E-Comm) for 30-credit prog fr 26,T19 (4596),TuTh 10:30AM - 11:50AM,"Rm 2132A, Lift 19 (28)",TBA,,
LANG,1407,Academic English for Engineering Studies,3,Common Core (E-Comm) for 30-credit prog in 22-24 Common Core (E-Comm) for 30-credit prog in 25 Common Core (E-Comm) for 30-credit prog fr 26,T20 (4597),TuTh 09:00AM - 10:20AM,"Rm 2129B, Lift 19 (28)",TBA,,
LANG,1407,Academic English for Engineering Studies,3,Common Core (E-Comm) for 30-credit prog in 22-24 Common Core (E-Comm) for 30-credit prog in 25 Common Core (E-Comm) for 30-credit prog fr 26,T21 (4598),TuTh 12:00PM - 01:20PM,"Rm 2130A, Lift 19 (28)",TBA,,
LANG,1407,Academic English for Engineering Studies,3,Common Core (E-Comm) for 30-credit prog in 22-24 Common Core (E-Comm) for 30-credit prog in 25 Common Core (E-Comm) for 30-credit prog fr 26,T22 (4599),MoWe 10:30AM - 11:50AM,"Rm 2126A, Lift 19 (28)",TBA,,
LANG,1416C,Effective Chinese Communication,3,Common Core (C-Comm) for 36-credit program Common Core (C-Comm) for 30-credit prog in 22-24 Common Core (C-Comm) for 30-credit prog in 25 Common Core (C-Comm) for 30-credit prog fr 26 [CA] Cantonese,T01 (3426),TuTh 03:00PM - 04:20PM,"Rm 2132C, Lift 19 (28)",TBA,,
LANG,1416C,Effective Chinese Communication,3,Common Core (C-Comm) for 36-credit program Common Core (C-Comm) for 30-credit prog in 22-24 Common Core (C-Comm) for 30-credit prog in 25 Common Core (C-Comm) for 30-credit prog fr 26 [CA] Cantonese,T02 (3427),TuTh 09:00AM - 10:20AM,"Rm 2130B, Lift 19 (28)",TBA,,
LANG,1416C,Effective Chinese Communication,3,Common Core (C-Comm) for 36-credit program Common Core (C-Comm) for 30-credit prog in 22-24 Common Core (C-Comm) for 30-credit prog in 25 Common Core (C-Comm) for 30-credit prog fr 26 [CA] Cantonese,T03 (3428),Mo 01:30PM - 02:50PM,"Rm 2130A, Lift 19 (28)",TBA,,
LANG,1416C,Effective Chinese Communication,3,Common Core (C-Comm) for 36-credit program Common Core (C-Comm) for 30-credit prog in 22-24 Common Core (C-Comm) for 30-credit prog in 25 Common Core (C-Comm) for 30-credit prog fr 26 [CA] Cantonese,T04 (3429),Mo 03:00PM - 04:20PM,"Rm 2129A, Lift 19 (28)",TBA,,
LANG,1416C,Effective Chinese Communication,3,Common Core (C-Comm) for 36-credit program Common Core (C-Comm) for 30-credit prog in 22-24 Common Core (C-Comm) for 30-credit prog in 25 Common Core (C-Comm) for 30-credit prog fr 26 [CA] Cantonese,T05 (3430),MoWe 12:00PM - 01:20PM,"Rm 2130C, Lift 19 (28)",TBA,,
LANG,1416C,Effective Chinese Communication,3,Common Core (C-Comm) for 36-credit program Common Core (C-Comm) for 30-credit prog in 22-24 Common Core (C-Comm) for 30-credit prog in 25 Common Core (C-Comm) for 30-credit prog fr 26 [CA] Cantonese,T06 (3431),MoWe 10:30AM - 11:50AM,"Rm 2131C, Lift 19 (28)",TBA,,
LANG,1416I,Effective Chinese Communication,3,Common Core (C-Comm) for 36-credit program Common Core (C-Comm) for 30-credit prog in 22-24 Common Core (C-Comm) for 30-credit prog in 25 Common Core (C-Comm) for 30-credit prog fr 26,T01 (3432),TuTh 04:30PM - 05:50PM,"Rm 2127C, Lift 19 (28)",TBA,,Instructor Consent Required
LANG,1416P,Effective Chinese Communication,3,Common Core (C-Comm) for 36-credit program Common Core (C-Comm) for 30-credit prog in 22-24 Common Core (C-Comm) for 30-credit prog in 25 Common Core (C-Comm) for 30-credit prog fr 26 [PU] Putonghua,T01 (3433),TuTh 03:00PM - 04:20PM,"Rm 2127C, Lift 19 (28)",TBA,,
LANG,1416P,Effective Chinese Communication,3,Common Core (C-Comm) for 36-credit program Common Core (C-Comm) for 30-credit prog in 22-24 Common Core (C-Comm) for 30-credit prog in 25 Common Core (C-Comm) for 30-credit prog fr 26 [PU] Putonghua,T02 (3434),TuTh 01:30PM - 02:50PM,"Rm 2128A, Lift 19 (28)",TBA,,
LANG,1416P,Effective Chinese Communication,3,Common Core (C-Comm) for 36-credit program Common Core (C-Comm) for 30-credit prog in 22-24 Common Core (C-Comm) for 30-credit prog in 25 Common Core (C-Comm) for 30-credit prog fr 26 [PU] Putonghua,T03 (3435),TuTh 10:30AM - 11:50AM,"Rm 2128C, Lift 19 (28)",TBA,,
LANG,1416P,Effective Chinese Communication,3,Common Core (C-Comm) for 36-credit program Common Core (C-Comm) for 30-credit prog in 22-24 Common Core (C-Comm) for 30-credit prog in 25 Common Core (C-Comm) for 30-credit prog fr 26 [PU] Putonghua,T04 (3436),TuTh 12:00PM - 01:20PM,"Rm 2127C, Lift 19 (28)",TBA,,
LANG,1416P,Effective Chinese Communication,3,Common Core (C-Comm) for 36-credit program Common Core (C-Comm) for 30-credit prog in 22-24 Common Core (C-Comm) for 30-credit prog in 25 Common Core (C-Comm) for 30-credit prog fr 26 [PU] Putonghua,T05 (3437),MoWe 12:00PM - 01:20PM,"Rm 2130A, Lift 19 (28)",TBA,,
LANG,1416P,Effective Chinese Communication,3,Common Core (C-Comm) for 36-credit program Common Core (C-Comm) for 30-credit prog in 22-24 Common Core (C-Comm) for 30-credit prog in 25 Common Core (C-Comm) for 30-credit prog fr 26 [PU] Putonghua,T06 (3438),Mo 01:30PM - 02:50PM,"Rm 2129B, Lift 19 (28)",TBA,,
LANG,1416P,Effective Chinese Communication,3,Common Core (C-Comm) for 36-credit program Common Core (C-Comm) for 30-credit prog in 22-24 Common Core (C-Comm) for 30-credit prog in 25 Common Core (C-Comm) for 30-credit prog fr 26 [PU] Putonghua,T07 (3439),Mo 03:00PM - 04:20PM,"Rm 2128B, Lift 19 (28)",TBA,,
LANG,1416P,Effective Chinese Communication,3,Common Core (C-Comm) for 36-credit program Common Core (C-Comm) for 30-credit prog in 22-24 Common Core (C-Comm) for 30-credit prog in 25 Common Core (C-Comm) for 30-credit prog fr 26 [PU] Putonghua,T08 (3440),TuTh 09:00AM - 10:20AM,"Rm 2129C, Lift 19 (28)",TBA,,
LANG,1416P,Effective Chinese Communication,3,Common Core (C-Comm) for 36-credit program Common Core (C-Comm) for 30-credit prog in 22-24 Common Core (C-Comm) for 30-credit prog in 25 Common Core (C-Comm) for 30-credit prog fr 26 [PU] Putonghua,T09 (3441),MoWe 10:30AM - 11:50AM,"Rm 2131A, Lift 19 (28)",TBA,,
LANG,1421,Chinese Communication in the Digital Era,3,Common Core (C-Comm) for 36-credit program Common Core (C-Comm) for 30-credit prog in 22-24 Common Core (C-Comm) for 30-credit prog in 25 Common Core (C-Comm) for 30-credit prog fr 26 [PU] Putonghua,T01 (3442),TuTh 01:30PM - 02:50PM,"Rm 2128B, Lift 19 (28)",TBA,,
LANG,1421,Chinese Communication in the Digital Era,3,Common Core (C-Comm) for 36-credit program Common Core (C-Comm) for 30-credit prog in 22-24 Common Core (C-Comm) for 30-credit prog in 25 Common Core (C-Comm) for 30-credit prog fr 26 [PU] Putonghua,T02 (3443),WeFr 01:30PM - 02:50PM,"Rm 2132C, Lift 19 (28)",TBA,,
LANG,1421,Chinese Communication in the Digital Era,3,Common Core (C-Comm) for 36-credit program Common Core (C-Comm) for 30-credit prog in 22-24 Common Core (C-Comm) for 30-credit prog in 25 Common Core (C-Comm) for 30-credit prog fr 26 [PU] Putonghua,T03 (3444),TuTh 09:00AM - 10:20AM,"Rm 2130A, Lift 19 (28)",TBA,,
LANG,1421,Chinese Communication in the Digital Era,3,Common Core (C-Comm) for 36-credit program Common Core (C-Comm) for 30-credit prog in 22-24 Common Core (C-Comm) for 30-credit prog in 25 Common Core (C-Comm) for 30-credit prog fr 26 [PU] Putonghua,T04 (3445),TuTh 10:30AM - 11:50AM,"Rm 2129A, Lift 19 (28)",TBA,,
LANG,1421,Chinese Communication in the Digital Era,3,Common Core (C-Comm) for 36-credit program Common Core (C-Comm) for 30-credit prog in 22-24 Common Core (C-Comm) for 30-credit prog in 25 Common Core (C-Comm) for 30-credit prog fr 26 [PU] Putonghua,T05 (3446),MoWe 12:00PM - 01:20PM,"Rm 2130B, Lift 19 (28)",TBA,,
LANG,1421,Chinese Communication in the Digital Era,3,Common Core (C-Comm) for 36-credit program Common Core (C-Comm) for 30-credit prog in 22-24 Common Core (C-Comm) for 30-credit prog in 25 Common Core (C-Comm) for 30-credit prog fr 26 [PU] Putonghua,T06 (3447),Mo 01:30PM - 02:50PM,"Rm 2129C, Lift 19 (28)",TBA,,
LANG,1421,Chinese Communication in the Digital Era,3,Common Core (C-Comm) for 36-credit program Common Core (C-Comm) for 30-credit prog in 22-24 Common Core (C-Comm) for 30-credit prog in 25 Common Core (C-Comm) for 30-credit prog fr 26 [PU] Putonghua,T07 (3448),Mo 03:00PM - 04:20PM,"Rm 2128C, Lift 19 (28)",TBA,,
LANG,1422,Chinese for Workplace Applications,3,Common Core (C-Comm) for 36-credit program Common Core (C-Comm) for 30-credit prog in 22-24 Common Core (C-Comm) for 30-credit prog in 25 Common Core (C-Comm) for 30-credit prog fr 26 [PU] Putonghua,T01 (3449),MoWe 09:00AM - 10:20AM,"Rm 2126B, Lift 19 (28)",TBA,,
LANG,1422,Chinese for Workplace Applications,3,Common Core (C-Comm) for 36-credit program Common Core (C-Comm) for 30-credit prog in 22-24 Common Core (C-Comm) for 30-credit prog in 25 Common Core (C-Comm) for 30-credit prog fr 26 [PU] Putonghua,T02 (3450),WeFr 04:30PM - 05:50PM,"Rm 2127B, Lift 19 (28)",TBA,,
LANG,1422,Chinese for Workplace Applications,3,Common Core (C-Comm) for 36-credit program Common Core (C-Comm) for 30-credit prog in 22-24 Common Core (C-Comm) for 30-credit prog in 25 Common Core (C-Comm) for 30-credit prog fr 26 [PU] Putonghua,T03 (3451),TuTh 04:30PM - 05:50PM,"Rm 2126B, Lift 19 (28)",TBA,,
LANG,1422,Chinese for Workplace Applications,3,Common Core (C-Comm) for 36-credit program Common Core (C-Comm) for 30-credit prog in 22-24 Common Core (C-Comm) for 30-credit prog in 25 Common Core (C-Comm) for 30-credit prog fr 26 [PU] Putonghua,T04 (3452),WeFr 01:30PM - 02:50PM,"Rm 2126C, Lift 19 (28)",TBA,,
LANG,1422,Chinese for Workplace Applications,3,Common Core (C-Comm) for 36-credit program Common Core (C-Comm) for 30-credit prog in 22-24 Common Core (C-Comm) for 30-credit prog in 25 Common Core (C-Comm) for 30-credit prog fr 26 [PU] Putonghua,T05 (3453),TuTh 10:30AM - 11:50AM,"Rm 2126C, Lift 19 (28)",TBA,,
LANG,1422,Chinese for Workplace Applications,3,Common Core (C-Comm) for 36-credit program Common Core (C-Comm) for 30-credit prog in 22-24 Common Core (C-Comm) for 30-credit prog in 25 Common Core (C-Comm) for 30-credit prog fr 26 [PU] Putonghua,T06 (3454),TuTh 12:00PM - 01:20PM,"Rm 2126B, Lift 19 (28)",TBA,,
LANG,1422,Chinese for Workplace Applications,3,Common Core (C-Comm) for 36-credit program Common Core (C-Comm) for 30-credit prog in 22-24 Common Core (C-Comm) for 30-credit prog in 25 Common Core (C-Comm) for 30-credit prog fr 26 [PU] Putonghua,T07 (3455),TuTh 01:30PM - 02:50PM,"Rm 2126C, Lift 19 (28)",TBA,,
LANG,1422,Chinese for Workplace Applications,3,Common Core (C-Comm) for 36-credit program Common Core (C-Comm) for 30-credit prog in 22-24 Common Core (C-Comm) for 30-credit prog in 25 Common Core (C-Comm) for 30-credit prog fr 26 [PU] Putonghua,T08 (3456),TuTh 03:00PM - 04:20PM,"Rm 2126B, Lift 19 (28)",TBA,,
LANG,1422,Chinese for Workplace Applications,3,Common Core (C-Comm) for 36-credit program Common Core (C-Comm) for 30-credit prog in 22-24 Common Core (C-Comm) for 30-credit prog in 25 Common Core (C-Comm) for 30-credit prog fr 26 [PU] Putonghua,T09 (3457),MoWe 10:30AM - 11:50AM,"Rm 2129C, Lift 19 (28)",TBA,,
LANG,1422,Chinese for Workplace Applications,3,Common Core (C-Comm) for 36-credit program Common Core (C-Comm) for 30-credit prog in 22-24 Common Core (C-Comm) for 30-credit prog in 25 Common Core (C-Comm) for 30-credit prog fr 26 [PU] Putonghua,T10 (3458),MoWe 12:00PM - 01:20PM,"Rm 2128C, Lift 19 (28)",TBA,,
LANG,1422,Chinese for Workplace Applications,3,Common Core (C-Comm) for 36-credit program Common Core (C-Comm) for 30-credit prog in 22-24 Common Core (C-Comm) for 30-credit prog in 25 Common Core (C-Comm) for 30-credit prog fr 26 [PU] Putonghua,T11 (3459),Mo 01:30PM - 02:50PM,"Rm 2128A, Lift 19 (28)",TBA,,
LANG,1422,Chinese for Workplace Applications,3,Common Core (C-Comm) for 36-credit program Common Core (C-Comm) for 30-credit prog in 22-24 Common Core (C-Comm) for 30-credit prog in 25 Common Core (C-Comm) for 30-credit prog fr 26 [PU] Putonghua,T12 (3460),Mo 03:00PM - 04:20PM,"Rm 2127B, Lift 19 (28)",TBA,,
LANG,1422,Chinese for Workplace Applications,3,Common Core (C-Comm) for 36-credit program Common Core (C-Comm) for 30-credit prog in 22-24 Common Core (C-Comm) for 30-credit prog in 25 Common Core (C-Comm) for 30-credit prog fr 26 [PU] Putonghua,T13 (3461),Mo 04:30PM - 05:50PM,"Rm 2132C, Lift 19 (28)",TBA,,
LANG,1422,Chinese for Workplace Applications,3,Common Core (C-Comm) for 36-credit program Common Core (C-Comm) for 30-credit prog in 22-24 Common Core (C-Comm) for 30-credit prog in 25 Common Core (C-Comm) for 30-credit prog fr 26 [PU] Putonghua,T14 (3462),TuTh 09:00AM - 10:20AM,"Rm 2128B, Lift 19 (28)",TBA,,
LANG,1422,Chinese for Workplace Applications,3,Common Core (C-Comm) for 36-credit program Common Core (C-Comm) for 30-credit prog in 22-24 Common Core (C-Comm) for 30-credit prog in 25 Common Core (C-Comm) for 30-credit prog fr 26 [PU] Putonghua,T15 (3463),TuTh 04:30PM - 05:50PM,"Rm 2132B, Lift 19 (28)",TBA,,
LANG,1423,Chinese Communication in Global Context,3,Common Core (C-Comm) for 36-credit program Common Core (C-Comm) for 30-credit prog in 22-24 Common Core (C-Comm) for 30-credit prog in 25 Common Core (C-Comm) for 30-credit prog fr 26 [PU] Putonghua [C] Require Chinese reading,T01 (3464),Mo 01:30PM - 02:50PM,"Rm 2131A, Lift 19 (28)",TBA,,
LANG,1423,Chinese Communication in Global Context,3,Common Core (C-Comm) for 36-credit program Common Core (C-Comm) for 30-credit prog in 22-24 Common Core (C-Comm) for 30-credit prog in 25 Common Core (C-Comm) for 30-credit prog fr 26 [PU] Putonghua [C] Require Chinese reading,T02 (3465),MoWe 12:00PM - 01:20PM,"Rm 2131C, Lift 19 (28)",TBA,,
LANG,1423,Chinese Communication in Global Context,3,Common Core (C-Comm) for 36-credit program Common Core (C-Comm) for 30-credit prog in 22-24 Common Core (C-Comm) for 30-credit prog in 25 Common Core (C-Comm) for 30-credit prog fr 26 [PU] Putonghua [C] Require Chinese reading,T03 (3466),WeFr 04:30PM - 05:50PM,"Rm 2131C, Lift 19 (28)",TBA,,
LANG,1424C,Chinese Writing in Cultural Contexts,3,Common Core (C-Comm) for 36-credit program Common Core (C-Comm) for 30-credit prog in 22-24 Common Core (C-Comm) for 30-credit prog in 25 Common Core (C-Comm) for 30-credit prog fr 26 [CA] Cantonese,T01 (3467),WeFr 04:30PM - 05:50PM,"Rm 2127A, Lift 19 (28)",TBA,,
LANG,1424C,Chinese Writing in Cultural Contexts,3,Common Core (C-Comm) for 36-credit program Common Core (C-Comm) for 30-credit prog in 22-24 Common Core (C-Comm) for 30-credit prog in 25 Common Core (C-Comm) for 30-credit prog fr 26 [CA] Cantonese,T02 (3468),WeFr 01:30PM - 02:50PM,"Rm 2127B, Lift 19 (28)",TBA,,
LANG,1424C,Chinese Writing in Cultural Contexts,3,Common Core (C-Comm) for 36-credit program Common Core (C-Comm) for 30-credit prog in 22-24 Common Core (C-Comm) for 30-credit prog in 25 Common Core (C-Comm) for 30-credit prog fr 26 [CA] Cantonese,T03 (3469),TuTh 03:00PM - 04:20PM,"Rm 2126C, Lift 19 (28)",TBA,,
LANG,1424C,Chinese Writing in Cultural Contexts,3,Common Core (C-Comm) for 36-credit program Common Core (C-Comm) for 30-credit prog in 22-24 Common Core (C-Comm) for 30-credit prog in 25 Common Core (C-Comm) for 30-credit prog fr 26 [CA] Cantonese,T04 (3470),TuTh 04:30PM - 05:50PM,"Rm 2126C, Lift 19 (28)",TBA,,
LANG,1424C,Chinese Writing in Cultural Contexts,3,Common Core (C-Comm) for 36-credit program Common Core (C-Comm) for 30-credit prog in 22-24 Common Core (C-Comm) for 30-credit prog in 25 Common Core (C-Comm) for 30-credit prog fr 26 [CA] Cantonese,T05 (3471),TuTh 12:00PM - 01:20PM,"Rm 2126C, Lift 19 (28)",TBA,,
LANG,1424C,Chinese Writing in Cultural Contexts,3,Common Core (C-Comm) for 36-credit program Common Core (C-Comm) for 30-credit prog in 22-24 Common Core (C-Comm) for 30-credit prog in 25 Common Core (C-Comm) for 30-credit prog fr 26 [CA] Cantonese,T06 (3472),TuTh 01:30PM - 02:50PM,"Rm 2127B, Lift 19 (28)",TBA,,
LANG,1424C,Chinese Writing in Cultural Contexts,3,Common Core (C-Comm) for 36-credit program Common Core (C-Comm) for 30-credit prog in 22-24 Common Core (C-Comm) for 30-credit prog in 25 Common Core (C-Comm) for 30-credit prog fr 26 [CA] Cantonese,T07 (3473),MoWe 10:30AM - 11:50AM,"Rm 2130A, Lift 19 (28)",TBA,,
LANG,1424P,Chinese Writing in Cultural Contexts,3,Common Core (C-Comm) for 36-credit program Common Core (C-Comm) for 30-credit prog in 22-24 Common Core (C-Comm) for 30-credit prog in 25 Common Core (C-Comm) for 30-credit prog fr 26 [PU] Putonghua,T01 (3474),TuTh 10:30AM - 11:50AM,"Rm 2127B, Lift 19 (28)",TBA,,
LANG,1424P,Chinese Writing in Cultural Contexts,3,Common Core (C-Comm) for 36-credit program Common Core (C-Comm) for 30-credit prog in 22-24 Common Core (C-Comm) for 30-credit prog in 25 Common Core (C-Comm) for 30-credit prog fr 26 [PU] Putonghua,T02 (3475),TuTh 09:00AM - 10:20AM,"Rm 2128C, Lift 19 (28)",TBA,,
LANG,1424P,Chinese Writing in Cultural Contexts,3,Common Core (C-Comm) for 36-credit program Common Core (C-Comm) for 30-credit prog in 22-24 Common Core (C-Comm) for 30-credit prog in 25 Common Core (C-Comm) for 30-credit prog fr 26 [PU] Putonghua,T03 (3476),Mo 03:00PM - 04:20PM,"Rm 2127A, Lift 19 (28)",TBA,,
LANG,1424P,Chinese Writing in Cultural Contexts,3,Common Core (C-Comm) for 36-credit program Common Core (C-Comm) for 30-credit prog in 22-24 Common Core (C-Comm) for 30-credit prog in 25 Common Core (C-Comm) for 30-credit prog fr 26 [PU] Putonghua,T04 (3477),Mo 04:30PM - 05:50PM,"Rm 2131C, Lift 19 (28)",TBA,,
LANG,1424P,Chinese Writing in Cultural Contexts,3,Common Core (C-Comm) for 36-credit program Common Core (C-Comm) for 30-credit prog in 22-24 Common Core (C-Comm) for 30-credit prog in 25 Common Core (C-Comm) for 30-credit prog fr 26 [PU] Putonghua,T05 (3478),MoWe 12:00PM - 01:20PM,"Rm 2129A, Lift 19 (28)",TBA,,
LANG,1424P,Chinese Writing in Cultural Contexts,3,Common Core (C-Comm) for 36-credit program Common Core (C-Comm) for 30-credit prog in 22-24 Common Core (C-Comm) for 30-credit prog in 25 Common Core (C-Comm) for 30-credit prog fr 26 [PU] Putonghua,T06 (3479),Mo 01:30PM - 02:50PM,"Rm 2128B, Lift 19 (28)",TBA,,
LANG,1425,Chinese Communication in Interpersonal Relations,3,Common Core (C-Comm) for 36-credit program Common Core (C-Comm) for 30-credit prog in 22-24 Common Core (C-Comm) for 30-credit prog in 25 Common Core (C-Comm) for 30-credit prog fr 26 [PU] Putonghua [C] Require Chinese reading,T01 (3480),WeFr 01:30PM - 02:50PM,"Rm 2126D, Lift 19 (34)",TBA,,
LANG,1425,Chinese Communication in Interpersonal Relations,3,Common Core (C-Comm) for 36-credit program Common Core (C-Comm) for 30-credit prog in 22-24 Common Core (C-Comm) for 30-credit prog in 25 Common Core (C-Comm) for 30-credit prog fr 26 [PU] Putonghua [C] Require Chinese reading,T02 (3481),Mo 04:30PM - 05:50PM,"Rm 2126D, Lift 19 (34)",TBA,,
LANG,1426,Chinese Communication in Film and Literary Contexts,3,Common Core (C-Comm) for 36-credit program Common Core (C-Comm) for 30-credit prog in 22-24 Common Core (C-Comm) for 30-credit prog in 25 Common Core (C-Comm) for 30-credit prog fr 26 [PU] Putonghua,T01 (3482),TuTh 01:30PM - 02:50PM,"Rm 2126D, Lift 19 (34)",TBA,,
LANG,1426,Chinese Communication in Film and Literary Contexts,3,Common Core (C-Comm) for 36-credit program Common Core (C-Comm) for 30-credit prog in 22-24 Common Core (C-Comm) for 30-credit prog in 25 Common Core (C-Comm) for 30-credit prog fr 26 [PU] Putonghua,T02 (3483),Mo 01:30PM - 02:50PM,"Rm 2126D, Lift 19 (34)",TBA,,
LANG,1511,Chinese for Non-Chinese Language Background Students I,3,Common Core (C-Comm) for 36-credit program Common Core (C-Comm) for 30-credit prog in 22-24 Common Core (C-Comm) for 30-credit prog in 25 Common Core (C-Comm) for 30-credit prog fr 26 [PU] Putonghua,T01 (3484),MoWe 10:30AM - 11:50AM,"Rm 2129A, Lift 19 (28)",TBA,,Instructor Consent Required
LANG,1511,Chinese for Non-Chinese Language Background Students I,3,Common Core (C-Comm) for 36-credit program Common Core (C-Comm) for 30-credit prog in 22-24 Common Core (C-Comm) for 30-credit prog in 25 Common Core (C-Comm) for 30-credit prog fr 26 [PU] Putonghua,T02 (3485),WeFr 01:30PM - 02:50PM,"Rm 2131A, Lift 19 (28)",TBA,,Instructor Consent Required
LANG,1511,Chinese for Non-Chinese Language Background Students I,3,Common Core (C-Comm) for 36-credit program Common Core (C-Comm) for 30-credit prog in 22-24 Common Core (C-Comm) for 30-credit prog in 25 Common Core (C-Comm) for 30-credit prog fr 26 [PU] Putonghua,T03 (3486),Mo 04:30PM - 05:50PM,"Rm 2132A, Lift 19 (28)",TBA,,Instructor Consent Required
LANG,1511,Chinese for Non-Chinese Language Background Students I,3,Common Core (C-Comm) for 36-credit program Common Core (C-Comm) for 30-credit prog in 22-24 Common Core (C-Comm) for 30-credit prog in 25 Common Core (C-Comm) for 30-credit prog fr 26 [PU] Putonghua,T04 (3487),Mo 01:30PM - 02:50PM,"Rm 2127B, Lift 19 (28)",TBA,,Instructor Consent Required
LANG,1511,Chinese for Non-Chinese Language Background Students I,3,Common Core (C-Comm) for 36-credit program Common Core (C-Comm) for 30-credit prog in 22-24 Common Core (C-Comm) for 30-credit prog in 25 Common Core (C-Comm) for 30-credit prog fr 26 [PU] Putonghua,T05 (3488),Mo 03:00PM - 04:20PM,"Rm 2126B, Lift 19 (28)",TBA,,Instructor Consent Required
LANG,1512,Chinese for Non-Chinese Language Background Students II,3,Common Core (C-Comm) for 36-credit program Common Core (C-Comm) for 30-credit prog in 22-24 Common Core (C-Comm) for 30-credit prog in 25 Common Core (C-Comm) for 30-credit prog fr 26 [PU] Putonghua,T01 (3489),WeFr 01:30PM - 02:50PM,"Rm 2126B, Lift 19 (28)",TBA,,Instructor Consent Required
LANG,1512,Chinese for Non-Chinese Language Background Students II,3,Common Core (C-Comm) for 36-credit program Common Core (C-Comm) for 30-credit prog in 22-24 Common Core (C-Comm) for 30-credit prog in 25 Common Core (C-Comm) for 30-credit prog fr 26 [PU] Putonghua,T02 (3490),WeFr 04:30PM - 05:50PM,"Rm 2130C, Lift 19 (28)",TBA,,Instructor Consent Required
LANG,1513,Chinese for Non-Chinese Language Background Students III,3,Common Core (C-Comm) for 36-credit program Common Core (C-Comm) for 30-credit prog in 22-24 Common Core (C-Comm) for 30-credit prog in 25 Common Core (C-Comm) for 30-credit prog fr 26 [PU] Putonghua,T01 (3491),WeFr 04:30PM - 05:50PM,"Rm 2126C, Lift 19 (28)",TBA,,Instructor Consent Required
LANG,1514,Chinese for Non-Chinese Language Background Students IV,3,Common Core (C-Comm) for 36-credit program Common Core (C-Comm) for 30-credit prog in 22-24 Common Core (C-Comm) for 30-credit prog in 25 Common Core (C-Comm) for 30-credit prog fr 26 [PU] Putonghua,T01 (3493),TuTh 04:30PM - 05:50PM,"Rm 2131C, Lift 19 (28)",TBA,,Instructor Consent Required
LANG,1515,Chinese for Non-Chinese Language Background Students V,3,Common Core (C-Comm) for 36-credit program Common Core (C-Comm) for 30-credit prog in 22-24 Common Core (C-Comm) for 30-credit prog in 25 Common Core (C-Comm) for 30-credit prog fr 26 [PU] Putonghua,T01 (3494),WeFr 04:30PM - 05:50PM,"Rm 2132A, Lift 19 (28)",TBA,,Instructor Consent Required
LANG,2061,Professional Writing for the Workplace,3,,T01 (3495),TuTh 04:30PM - 05:50PM,"Rm 2131A, Lift 19 (28)",TBA,,
LANG,2061,Professional Writing for the Workplace,3,,T02 (3496),TuTh 09:00AM - 10:20AM,"Rm 2128A, Lift 19 (28)",TBA,,
LANG,2061,Professional Writing for the Workplace,3,,T03 (3497),Mo 04:30PM - 05:50PM,"Rm 2132B, Lift 19 (28)",TBA,,
LANG,2061,Professional Writing for the Workplace,3,,T04 (3498),WeFr 01:30PM - 02:50PM,"Rm 2132A, Lift 19 (28)",TBA,,
LANG,2061,Professional Writing for the Workplace,3,,T05 (3499),Mo 01:30PM - 02:50PM,"Rm 2127C, Lift 19 (28)",TBA,,
LANG,2061,Professional Writing for the Workplace,3,,T06 (3500),TuTh 01:30PM - 02:50PM,"Rm 2132C, Lift 19 (28)",TBA,,
LANG,2062,Professional Speaking for the Workplace,3,,T01 (3501),Mo 03:00PM - 04:20PM,"Rm 2130B, Lift 19 (28)",TBA,,
LANG,2062,Professional Speaking for the Workplace,3,,T02 (3502),WeFr 01:30PM - 02:50PM,"Rm 2126A, Lift 19 (28)",TBA,,
LANG,2062,Professional Speaking for the Workplace,3,,T03 (3503),TuTh 03:00PM - 04:20PM,"Rm 2131A, Lift 19 (28)",TBA,,
LANG,2062,Professional Speaking for the Workplace,3,,T04 (3504),MoWe 10:30AM - 11:50AM,"Rm 2131B, Lift 19 (28)",TBA,,
LANG,2062,Professional Speaking for the Workplace,3,,T05 (3505),TuTh 01:30PM - 02:50PM,"Rm 2132A, Lift 19 (28)",TBA,,
LANG,2063,Writing for Workplace Success,3,Common Core (E-Comm) for 30-credit prog in 22-24 Common Core (E-Comm) for 30-credit prog in 25 Common Core (E-Comm) for 30-credit prog fr 26,T01 (3506),TuTh 09:00AM - 10:20AM,"Rm 2131A, Lift 19 (28)",TBA,,
LANG,2063,Writing for Workplace Success,3,Common Core (E-Comm) for 30-credit prog in 22-24 Common Core (E-Comm) for 30-credit prog in 25 Common Core (E-Comm) for 30-credit prog fr 26,T02 (3507),TuTh 12:00PM - 01:20PM,"Rm 2128A, Lift 19 (28)",TBA,,
LANG,2063,Writing for Workplace Success,3,Common Core (E-Comm) for 30-credit prog in 22-24 Common Core (E-Comm) for 30-credit prog in 25 Common Core (E-Comm) for 30-credit prog fr 26,T03 (3508),Mo 01:30PM - 02:50PM,"Rm 2130C, Lift 19 (28)",TBA,,
LANG,2063,Writing for Workplace Success,3,Common Core (E-Comm) for 30-credit prog in 22-24 Common Core (E-Comm) for 30-credit prog in 25 Common Core (E-Comm) for 30-credit prog fr 26,T04 (3509),WeFr 04:30PM - 05:50PM,"Rm 2132B, Lift 19 (28)",TBA,,
LANG,2063,Writing for Workplace Success,3,Common Core (E-Comm) for 30-credit prog in 22-24 Common Core (E-Comm) for 30-credit prog in 25 Common Core (E-Comm) for 30-credit prog fr 26,T05 (3510),MoWe 12:00PM - 01:20PM,"Rm 2131B, Lift 19 (28)",TBA,,
LANG,2064,Speaking for Workplace Success,3,Common Core (E-Comm) for 30-credit prog in 22-24 Common Core (E-Comm) for 30-credit prog in 25 Common Core (E-Comm) for 30-credit prog fr 26,T01 (3511),TuTh 09:00AM - 10:20AM,"Rm 2130C, Lift 19 (28)",TBA,,
LANG,2064,Speaking for Workplace Success,3,Common Core (E-Comm) for 30-credit prog in 22-24 Common Core (E-Comm) for 30-credit prog in 25 Common Core (E-Comm) for 30-credit prog fr 26,T02 (3512),Mo 03:00PM - 04:20PM,"Rm 2129B, Lift 19 (28)",TBA,,
LANG,2064,Speaking for Workplace Success,3,Common Core (E-Comm) for 30-credit prog in 22-24 Common Core (E-Comm) for 30-credit prog in 25 Common Core (E-Comm) for 30-credit prog fr 26,T03 (3513),Mo 01:30PM - 02:50PM,"Rm 2130B, Lift 19 (28)",TBA,,
LANG,2064,Speaking for Workplace Success,3,Common Core (E-Comm) for 30-credit prog in 22-24 Common Core (E-Comm) for 30-credit prog in 25 Common Core (E-Comm) for 30-credit prog fr 26,T04 (3514),MoWe 10:30AM - 11:50AM,"Rm 2132A, Lift 19 (28)",TBA,,
LANG,2064,Speaking for Workplace Success,3,Common Core (E-Comm) for 30-credit prog in 22-24 Common Core (E-Comm) for 30-credit prog in 25 Common Core (E-Comm) for 30-credit prog fr 26,T05 (3515),MoWe 12:00PM - 01:20PM,"Rm 2131A, Lift 19 (28)",TBA,,
LANG,2066,Dynamic Communication for STEAM Topics,3,Common Core (E-Comm) for 30-credit prog in 22-24 Common Core (E-Comm) for 30-credit prog in 25 Common Core (E-Comm) for 30-credit prog fr 26,T01 (3518),Mo 01:30PM - 02:50PM,"Rm 2126C, Lift 19 (28)",TBA,,
LANG,2066,Dynamic Communication for STEAM Topics,3,Common Core (E-Comm) for 30-credit prog in 22-24 Common Core (E-Comm) for 30-credit prog in 25 Common Core (E-Comm) for 30-credit prog fr 26,T02 (3519),TuTh 03:00PM - 04:20PM,"Rm 2131B, Lift 19 (28)",TBA,,
LANG,2066,Dynamic Communication for STEAM Topics,3,Common Core (E-Comm) for 30-credit prog in 22-24 Common Core (E-Comm) for 30-credit prog in 25 Common Core (E-Comm) for 30-credit prog fr 26,T03 (3520),TuTh 01:30PM - 02:50PM,"Rm 2132B, Lift 19 (28)",TBA,,
LANG,2068,Speaking with Impact,3,Common Core (E-Comm) for 30-credit prog in 22-24 Common Core (E-Comm) for 30-credit prog in 25 Common Core (E-Comm) for 30-credit prog fr 26,T01 (3521),MoWe 10:30AM - 11:50AM,"Rm 6602, Lift 31-32 (60)",TBA,,
LANG,2068,Speaking with Impact,3,Common Core (E-Comm) for 30-credit prog in 22-24 Common Core (E-Comm) for 30-credit prog in 25 Common Core (E-Comm) for 30-credit prog fr 26,T02 (3522),MoWe 09:00AM - 10:20AM,"Rm 6602, Lift 31-32 (60)",TBA,,
LANG,2068,Speaking with Impact,3,Common Core (E-Comm) for 30-credit prog in 22-24 Common Core (E-Comm) for 30-credit prog in 25 Common Core (E-Comm) for 30-credit prog fr 26,T03 (3523),TuTh 12:00PM - 01:20PM,"Rm 6602, Lift 31-32 (60)",TBA,,
LANG,2068,Speaking with Impact,3,Common Core (E-Comm) for 30-credit prog in 22-24 Common Core (E-Comm) for 30-credit prog in 25 Common Core (E-Comm) for 30-credit prog fr 26,T04 (3524),WeFr 01:30PM - 02:50PM,"Rm 6602, Lift 31-32 (60)",TBA,,
LANG,2069,Supercommunication Offline and On: The Art of Connecting,3,Common Core (E-Comm) for 30-credit prog in 22-24 Common Core (E-Comm) for 30-credit prog in 25 Common Core (E-Comm) for 30-credit prog fr 26,T01 (3525),WeFr 04:30PM - 05:50PM,"Rm 2126D, Lift 19 (34)",TBA,,
LANG,2069,Supercommunication Offline and On: The Art of Connecting,3,Common Core (E-Comm) for 30-credit prog in 22-24 Common Core (E-Comm) for 30-credit prog in 25 Common Core (E-Comm) for 30-credit prog fr 26,T02 (3526),TuTh 03:00PM - 04:20PM,"Rm 2126D, Lift 19 (34)",TBA,,
LANG,2069,Supercommunication Offline and On: The Art of Connecting,3,Common Core (E-Comm) for 30-credit prog in 22-24 Common Core (E-Comm) for 30-credit prog in 25 Common Core (E-Comm) for 30-credit prog fr 26,T03 (3527),MoWe 12:00PM - 01:20PM,"Rm 2126D, Lift 19 (34)",TBA,,
LANG,2071,From Proposal to Applause: Navigating the Academic Conference Journey,3,Common Core (E-Comm) for 30-credit prog in 22-24 Common Core (E-Comm) for 30-credit prog in 25 Common Core (E-Comm) for 30-credit prog fr 26,T01 (3528),Mo 03:00PM - 04:20PM,"Rm 2126D, Lift 19 (34)",TBA,,
LANG,2071,From Proposal to Applause: Navigating the Academic Conference Journey,3,Common Core (E-Comm) for 30-credit prog in 22-24 Common Core (E-Comm) for 30-credit prog in 25 Common Core (E-Comm) for 30-credit prog fr 26,T02 (3529),MoWe 10:30AM - 11:50AM,"Rm 2126D, Lift 19 (34)",TBA,,
LANG,2071,From Proposal to Applause: Navigating the Academic Conference Journey,3,Common Core (E-Comm) for 30-credit prog in 22-24 Common Core (E-Comm) for 30-credit prog in 25 Common Core (E-Comm) for 30-credit prog fr 26,T03 (3530),TuTh 12:00PM - 01:20PM,"Rm 2126D, Lift 19 (34)",TBA,,
LANG,2090,Exploring Language and Communication with Big Data,3,Common Core (H) for 36-credit program Common Core (H) for 30-credit prog in 22-24 Common Core (H) for 30-credit prog in 25 Common Core (H) for 30-credit prog fr 26,L01 (3531),Mo 04:30PM - 05:50PM,"Rm 4502, Lift 25-26 (60)",TBA,,
LANG,2090,Exploring Language and Communication with Big Data,3,Common Core (H) for 36-credit program Common Core (H) for 30-credit prog in 22-24 Common Core (H) for 30-credit prog in 25 Common Core (H) for 30-credit prog fr 26,T01 (3532),Fr 12:00PM - 01:20PM,"Rm 4502, Lift 25-26 (60)",TBA,,
LANG,2091,Phonetics and Speech Technology,3,Common Core (H) for 36-credit program Common Core (H) for 30-credit prog in 22-24 Common Core (H) for 30-credit prog in 25 Common Core (H) for 30-credit prog fr 26,L01 (3533),WeFr 01:30PM - 02:50PM,"Rm 4502, Lift 25-26 (60)",TBA,,
LANG,2170,Chinese Communication Skills for Humanities & Social Science Studies,3,,T01 (3534),WeFr 04:30PM - 05:50PM,"Rm 2132C, Lift 19 (28)",TBA,,
LANG,2170,Chinese Communication Skills for Humanities & Social Science Studies,3,,T02 (3535),TuTh 12:00PM - 01:20PM,"Rm 2131B, Lift 19 (28)",TBA,,
LANG,2170,Chinese Communication Skills for Humanities & Social Science Studies,3,,T03 (3536),Mo 01:30PM - 02:50PM,"Rm 2127A, Lift 19 (28)",TBA,,
LANG,2200,Japanese Language and Culture for Beginners II,3,,T01 (3537),Mo 03:00PM - 04:20PM,"Rm 2129C, Lift 19 (28)",TBA,,
LANG,2201,Communicative Japanese for Beginners II,2,,T01 (4536),01-SEP-2026 - 07-NOV-2026 TuTh 03:00PM - 04:20PM,"Rm 2131C, Lift 19 (28)",TBA,,
LANG,2202,Japanese Vocabulary and Grammar Essentials II,1,[SPO] Self-paced online delivery,T01 (4537),21-SEP-2026 - 26-SEP-2026 We 01:30PM - 02:50PM,"Rm 2131B, Lift 19 (28)",TBA,,> The class is delivered in a self-paced online mode
LANG,2310,French Language and Culture for Beginners II,3,,T01 (3538),TuTh 10:30AM - 11:50AM,"Rm 2127A, Lift 19 (28)",TBA,,
LANG,2330,Spanish Language and Culture for Beginners II,3,,T01 (3539),WeFr 01:30PM - 02:50PM,"Rm 2130C, Lift 19 (28)",TBA,,
LANG,3027,Science Communication in English for Research Students,3,,T01 (3540),Mo 01:30PM - 02:50PM,"Rm 2126B, Lift 19 (28)",TBA,,Instructor Consent Required
LANG,4010,From Report to Presentation: Mastering Effective Communication in Environmental Impact Assessments,3,,T01 (3541),TuTh 01:30PM - 02:50PM,"Rm 2126B, Lift 19 (28)",TBA,,
LANG,4010,From Report to Presentation: Mastering Effective Communication in Environmental Impact Assessments,3,,T02 (3542),TuTh 03:00PM - 04:20PM,"Rm 2132A, Lift 19 (28)",TBA,,
LANG,4031,Technical Communication II for ECE & CPEG,3,,T01 (3543),TuTh 01:30PM - 02:50PM,"Rm 2126A, Lift 19 (28)",TBA,,
LANG,5000,Foundation in Listening & Speaking for Postgraduate Students,1,,T01 (1495),TuTh 04:30PM - 05:50PM,"Rm 2127A, Lift 19 (28)",TBA,,
LANG,5000,Foundation in Listening & Speaking for Postgraduate Students,1,,T02 (1496),TuTh 03:00PM - 04:20PM,"Rm 2127A, Lift 19 (28)",TBA,,
LANG,5000,Foundation in Listening & Speaking for Postgraduate Students,1,,T03 (1497),TuTh 12:00PM - 01:20PM,"Rm 2127A, Lift 19 (28)",TBA,,
LANG,5000,Foundation in Listening & Speaking for Postgraduate Students,1,,T04 (1498),TuTh 01:30PM - 02:50PM,"Rm 2127C, Lift 19 (28)",TBA,,
LANG,5000,Foundation in Listening & Speaking for Postgraduate Students,1,,T05 (1499),TuTh 10:30AM - 11:50AM,"Rm 2128B, Lift 19 (28)",TBA,,
LANG,5000,Foundation in Listening & Speaking for Postgraduate Students,1,,T06 (1500),MoWe 10:30AM - 11:50AM,"Rm 2130C, Lift 19 (28)",TBA,,
LANG,5000,Foundation in Listening & Speaking for Postgraduate Students,1,,T07 (1501),MoWe 12:00PM - 01:20PM,"Rm 2129C, Lift 19 (28)",TBA,,
LANG,5000,Foundation in Listening & Speaking for Postgraduate Students,1,,T08 (1502),Mo 01:30PM - 02:50PM,"Rm 2129A, Lift 19 (28)",TBA,,
LANG,5000,Foundation in Listening & Speaking for Postgraduate Students,1,,T09 (1503),Mo 03:00PM - 04:20PM,"Rm 2128A, Lift 19 (28)",TBA,,
LANG,5000,Foundation in Listening & Speaking for Postgraduate Students,1,,T10 (1504),WeFr 04:30PM - 05:50PM,"Rm 2131A, Lift 19 (28)",TBA,,
LANG,5005E,Communicating Research in English,1,[BLD] Blended learning,T01 (1505),MoWe 09:00AM - 10:20AM,"Rm 1103, Acad Concourse (36)",TBA,,> The class is delivered in a blended learning mode > For students under SENG and SSCI research postgraduate programs
LANG,5005E,Communicating Research in English,1,[BLD] Blended learning,T02 (1506),Mo 04:30PM - 05:50PM,"Rm 6580, Lift 27-28 (48)",TBA,,> The class is delivered in a blended learning mode > For students under SENG and SSCI research postgraduate programs
LANG,5005E,Communicating Research in English,1,[BLD] Blended learning,T03 (1507),WeFr 04:30PM - 05:50PM,"Rm 1103, Acad Concourse (36)",TBA,,> The class is delivered in a blended learning mode > For students under SENG and SSCI research postgraduate programs
LANG,5005E,Communicating Research in English,1,[BLD] Blended learning,T04 (1508),Mo 03:00PM - 04:20PM,"Rm 6580, Lift 27-28 (48)",TBA,,> The class is delivered in a blended learning mode > For students under SENG and SSCI research postgraduate programs
LANG,5005E,Communicating Research in English,1,[BLD] Blended learning,T05 (1509),TuTh 01:30PM - 02:50PM,"Rm 1103, Acad Concourse (36)",TBA,,> The class is delivered in a blended learning mode > For students under SENG and SSCI research postgraduate programs
LANG,5005E,Communicating Research in English,1,[BLD] Blended learning,T06 (1510),TuTh 03:00PM - 04:20PM,"Rm 1103, Acad Concourse (36)",TBA,,> The class is delivered in a blended learning mode > For students under SENG and SSCI research postgraduate programs
LANG,5005E,Communicating Research in English,1,[BLD] Blended learning,T07 (1511),TuTh 04:30PM - 05:50PM,"Rm 1103, Acad Concourse (36)",TBA,,> The class is delivered in a blended learning mode > For students under SENG and SSCI research postgraduate programs
LANG,5005E,Communicating Research in English,1,[BLD] Blended learning,T08 (1512),WeFr 01:30PM - 02:50PM,"Rm 1103, Acad Concourse (36)",TBA,,> The class is delivered in a blended learning mode > For students under SENG and SSCI research postgraduate programs
LANG,5005E,Communicating Research in English,1,[BLD] Blended learning,T09 (1513),MoWe 10:30AM - 11:50AM,"Rm 1103, Acad Concourse (36)",TBA,,> The class is delivered in a blended learning mode > For students under SENG and SSCI research postgraduate programs
LANG,5005E,Communicating Research in English,1,[BLD] Blended learning,T10 (1514),MoWe 12:00PM - 01:20PM,"Rm 1103, Acad Concourse (36)",TBA,,> The class is delivered in a blended learning mode > For students under SENG and SSCI research postgraduate programs
LANG,5005E,Communicating Research in English,1,[BLD] Blended learning,T11 (1515),Mo 01:30PM - 02:50PM,"Rm 1103, Acad Concourse (36)",TBA,,> The class is delivered in a blended learning mode > For students under SENG and SSCI research postgraduate programs
LANG,5005E,Communicating Research in English,1,[BLD] Blended learning,T12 (1516),TuTh 09:00AM - 10:20AM,"Rm 1103, Acad Concourse (36)",TBA,,> The class is delivered in a blended learning mode > For students under SENG and SSCI research postgraduate programs
LANG,5005E,Communicating Research in English,1,[BLD] Blended learning,T13 (1517),TuTh 10:30AM - 11:50AM,"Rm 1103, Acad Concourse (36)",TBA,,> The class is delivered in a blended learning mode > For students under SENG and SSCI research postgraduate programs
LANG,5005E,Communicating Research in English,1,[BLD] Blended learning,T14 (1518),TuTh 12:00PM - 01:20PM,"Rm 1103, Acad Concourse (36)",TBA,,> The class is delivered in a blended learning mode > For students under SENG and SSCI research postgraduate programs
LANG,5005E,Communicating Research in English,1,[BLD] Blended learning,T15 (1519),TuTh 04:30PM - 05:50PM,"Rm 1104, Acad Concourse (42)",TBA,,> The class is delivered in a blended learning mode > For students under SENG and SSCI research postgraduate programs
LANG,5005E,Communicating Research in English,1,[BLD] Blended learning,T16 (1520),WeFr 01:30PM - 02:50PM,"Rm 1104, Acad Concourse (42)",TBA,,> The class is delivered in a blended learning mode > For students under SENG and SSCI research postgraduate programs
LANG,5005E,Communicating Research in English,1,[BLD] Blended learning,T17 (1521),MoWe 10:30AM - 11:50AM,"Rm 1104, Acad Concourse (42)",TBA,,> The class is delivered in a blended learning mode > For students under SENG and SSCI research postgraduate programs
LANG,5005E,Communicating Research in English,1,[BLD] Blended learning,T18 (1522),MoWe 12:00PM - 01:20PM,"Rm 1104, Acad Concourse (42)",TBA,,> The class is delivered in a blended learning mode > For students under SENG and SSCI research postgraduate programs
LANG,5005E,Communicating Research in English,1,[BLD] Blended learning,T19 (1523),Mo 01:30PM - 02:50PM,"Rm 1104, Acad Concourse (42)",TBA,,> The class is delivered in a blended learning mode > For students under SENG and SSCI research postgraduate programs
LANG,5005E,Communicating Research in English,1,[BLD] Blended learning,T20 (1524),TuTh 01:30PM - 02:50PM,"Rm 1104, Acad Concourse (42)",TBA,,> The class is delivered in a blended learning mode > For students under SENG and SSCI research postgraduate programs
LANG,5005E,Communicating Research in English,1,[BLD] Blended learning,T21 (1525),TuTh 03:00PM - 04:20PM,"Rm 1104, Acad Concourse (42)",TBA,,> The class is delivered in a blended learning mode > For students under SENG and SSCI research postgraduate programs
LANG,5030,Professional Communication Skills for Engineers,1,,T01 (1526),TuTh 01:30PM - 02:50PM,"Rm 3301, Lift 17-18",TBA,,> For MSc students in Engineering only
LANG,5070,Critical Writing for Global China Studies,3,,T01 (1527),TuFr 10:30AM - 11:50AM,"Rm 3020, Lift 2",TBA,,> For MSc(GCS) students only
LANG,5072,Writing about Chinese Culture,3,,T01 (1528),MoWe 09:00AM - 10:20AM,"Rm 3301, Lift 17-18",TBA,,> For MA(CC) students only
LANG,5072,Writing about Chinese Culture,3,,T02 (1529),MoWe 10:30AM - 11:50AM,"Rm 3301, Lift 17-18",TBA,,> For MA(CC) students only
LANG,5072,Writing about Chinese Culture,3,,T03 (1530),Th 09:00AM - 11:50AM,"Rm 3301, Lift 17-18",TBA,,> For MA(CC) students only
LANG,5330,Basic Spanish for International Management,2,,T01 (1531),26-OCT-2026 - 30-NOV-2026 MoWe 10:30AM - 01:20PM,"Rm 3401, Lift 17-18",TBA,,> For MSc(IMT) students only > Add/Drop Deadline : 02-Nov-2026
LIFS,1010,Introduction to Biological Sciences,3,Common Core (S&T) for 36-credit program Common Core (S) for 30-credit prog in 22-24 Common Core (S) for 30-credit prog in 25 Common Core (S) for 30-credit prog fr 26,L1 (3551),TuTh 10:30AM - 11:50AM,"Rm 2407, Lift 17-18 (126)","AMIN, Aftab KO, Ice Wai Ping KO, Robert Kam Ming",,
LIFS,1901,General Biology I,3,,L1 (3552),TuTh 03:00PM - 04:20PM,Lecture Theater J (300),"LEUNG, Yat Hin Nicki TANG, Jessica Ce Mun",,
LIFS,1902,General Biology II,3,[BLD] Blended learning,L1 (3553),MoWe 10:30AM - 11:50AM,Lecture Theater D (216),"LI, Laam LIANG, Chun TANG, Jessica Ce Mun",,> The class is delivered in a blended learning mode
LIFS,1902,General Biology II,3,[BLD] Blended learning,L2 (3554),MoWe 12:00PM - 01:20PM,Lecture Theater D (216),"LI, Laam LIANG, Chun TANG, Jessica Ce Mun",,> The class is delivered in a blended learning mode
LIFS,1904,Laboratory for General Biology II,1,,LA1 (3555),Mo 02:00PM - 05:20PM,"Rm 4160, Lift 33","AMIN, Aftab",,
LIFS,1904,Laboratory for General Biology II,1,,LA2 (3556),Mo 02:00PM - 05:20PM,TBA,"AMIN, Aftab",,> Venue: Room 4160
LIFS,1930,Nature of Life Sciences,3,[BLD] Blended learning,T1 (3557),Th 04:30PM - 05:50PM,"Rm 5619, Lift 31-32 (60)","KO, Ice Wai Ping LAM, Yeung TANG, Jessica Ce Mun",,> The class is delivered in a blended learning mode
LIFS,1930,Nature of Life Sciences,3,[BLD] Blended learning,T2 (3558),Tu 04:30PM - 05:50PM,"Rm 5619, Lift 31-32 (60)","KO, Ice Wai Ping LAM, Yeung TANG, Jessica Ce Mun",,> The class is delivered in a blended learning mode
LIFS,1980,Guided Study on Biomedical and Health Sciences,1,,L1 (3559),Mo 10:30AM - 11:50AM,"Rm 4502, Lift 25-26 (60)","FUNG, Erik MAK, Ho Yi TSE, Yu Chung WANG, Jie",,
LIFS,2010,Modern Approaches to Biochemical and Cell Biological Research,3,,L1 (3560),01-SEP-2026 - 29-SEP-2026 TuTh 04:30PM - 05:50PM,Lecture Theater B (317),"BANFIELD, David Karl MAK, Ho Yi",,
LIFS,2040,Cell Biology,3,,L1 (3561),TuTh 01:30PM - 02:50PM,"LG6101, Teaching Hub (150)","GUO, Yusong",,
LIFS,2060,Biodiversity,3,,L1 (3562),TuTh 12:00PM - 01:20PM,"LG3009, Lift 10-12 (88)","KO, Ice Wai Ping TANG, Jessica Ce Mun",,
LIFS,2060,Biodiversity,3,,L2 (3563),TuTh 09:00AM - 10:20AM,"Rm 2406, Lift 17-18 (76)","KO, Ice Wai Ping TANG, Jessica Ce Mun",,
LIFS,2070,Introduction to Biotechnology,3,,L1 (3564),MoWe 10:30AM - 11:50AM,"G012, LSK Bldg (199)","HIRANO, Yukinori TSIM, Karl Wah Keung WU, Angela Ruohao",,
LIFS,2210,Biochemistry I,3,[BLD] Blended learning,L1 (3565),Mo 04:30PM - 05:50PM,Lecture Theater D (216),"DANG, Shangyu LIANG, Chun",,> The class is delivered in a blended learning mode
LIFS,2210,Biochemistry I,3,[BLD] Blended learning,L2 (3566),Mo 01:30PM - 02:50PM,Lecture Theater A (401),"WANG, Lan",,> The class is delivered in a blended learning mode
LIFS,2720,Biochemistry Laboratory,2,,LA1 (3567),We 01:00PM - 04:50PM,"Rm 4160, Lift 33","LAM, Yeung",,> Additional laboratory hours to be arranged by Division
LIFS,2820,Biochemical Laboratory Techniques,1,,L1 (3568),We 12:00PM - 12:50PM,"Rm 2502, Lift 25-26 (120)","LAM, Yeung",,
LIFS,2888,Introduction to Bioindustries,3,,L1 (3569),TuTh 03:00PM - 04:20PM,"Rm 2502, Lift 25-26 (120)","LAM, Yeung TAM, Sunny",,
LIFS,2901,Case Study on Biomedical and Health Sciences I: From Proposal to Practice,3,,L1 (3550),01-SEP-2026 - 21-SEP-2026 Tu 12:00PM - 02:50PM,"Rm 5402, Lift 17-18 (43)","HO, Sarah Elizabeth",,
LIFS,2901,Case Study on Biomedical and Health Sciences I: From Proposal to Practice,3,,T1 (3570),TBA,TBA,"HO, Sarah Elizabeth SUN, Meredith Dan TSE, Yu Chung",,
LIFS,3010,Molecular and Cellular Biology I,3,,L1 (3571),MoWe 09:00AM - 10:20AM,"Rm 2502, Lift 25-26 (120)","LIANG, Chun WU, Zhenguo",,
LIFS,3040,Animal Physiology,3,,L1 (3572),MoWe 12:00PM - 01:20PM,"Rm 2503, Lift 25-26 (87)","AMIN, Aftab HUANG, Pingbo",,
LIFS,3040,Animal Physiology,3,,L2 (3573),TuTh 09:00AM - 10:20AM,"Rm 2503, Lift 25-26 (87)","AMIN, Aftab HUANG, Pingbo",,
LIFS,3110,Biotechnological Application of Recombinant DNA Techniques,3,,T1 (3576),Mo 03:00PM - 03:50PM,Lecture Theater D (216),"LI, Laam NGUYEN, Tuan Anh",,
LIFS,3110,Biotechnological Application of Recombinant DNA Techniques,3,,LA1 (3574),Tu 02:00PM - 05:50PM,"Rm 4160, Lift 33","LI, Laam NGUYEN, Tuan Anh",,> Additional laboratory hours to be arranged by Division
LIFS,3110,Biotechnological Application of Recombinant DNA Techniques,3,,LA2 (3575),Tu 02:00PM - 05:50PM,TBA,"LI, Laam NGUYEN, Tuan Anh",,> Venue: Room 4160 > Additional laboratory hours to be arranged by Division
LIFS,3140,General Genetics,4,,L1 (3577),Mo 04:30PM - 05:50PM,Lecture Theater C (211),"CHOW, King Lau LEUNG, Danny Chi Yeu LEUNG, Yat Hin Nicki",,
LIFS,3140,General Genetics,4,,T1 (3578),We 05:00PM - 05:50PM,Lecture Theater C (211),"CHOW, King Lau LEUNG, Danny Chi Yeu LEUNG, Yat Hin Nicki",,
LIFS,3280,Introduction to Immunology,3,,L1 (3579),TuTh 10:30AM - 11:50AM,"Rm 2306, Lift 17-18 (111)","GAO, Wenqing",,
LIFS,3510,Junior Research Project I,2,,LA1 (3580),TBA,TBA,"TANG, Jessica Ce Mun",,Instructor Consent Required
LIFS,3520,Junior Research Project II,2,,LA1 (3581),TBA,TBA,"TANG, Jessica Ce Mun",,Instructor Consent Required
LIFS,3903,Case Study on Biomedical and Health Sciences IIC - Genome-wide Association Studies in Practice,4,,T1 (3583),Mo 10:30AM - 11:50AM,"Rm 4402, Lift 17-18","SUN, Meredith Dan",,
LIFS,3903,Case Study on Biomedical and Health Sciences IIC - Genome-wide Association Studies in Practice,4,,LA1 (3582),Fr 09:30AM - 11:50AM,"Rm 4402, Lift 17-18","SUN, Meredith Dan",,
LIFS,4090,Developmental Biology,3,,L1 (3584),MoWe 12:00PM - 01:20PM,"Rm 5583, Lift 29-30 (80)","YAN, Yan",,
LIFS,4200,Concepts and Issues in Contemporary Biotechnology,3,,L1 (3585),WeFr 03:00PM - 04:20PM,Lecture Theater A (401),"NGUYEN, Tuan Anh TAM, Sunny TSIM, Karl Wah Keung WAYE, Mary Miu Yee",,
LIFS,4220,Modern Food Science and Technology,3,,L1 (3586),Mo 04:30PM - 05:50PM,"Rm 4620, Lift 31-32 (126)","LEUNG, Ka Wing LI, Laam TSIM, Karl Wah Keung",,
LIFS,4370,Human Genetics and Personalized Medicine,3,,L1 (3587),TuTh 12:00PM - 01:20PM,"Rm 5583, Lift 29-30 (80)","LEUNG, Yat Hin Nicki MAK, Ho Yi",,
LIFS,4550,Biochemistry of Nutrition,3,,L1 (3588),MoWe 09:00AM - 10:20AM,"Rm 6573, Lift 29-30 (88)","AMIN, Aftab HIRANO, Yukinori",,
LIFS,4760,Biochemistry of Diseases,3,,L1 (3589),TuTh 09:00AM - 10:20AM,"Rm 5403, Lift 17-18 (134)","KO, Robert Kam Ming",,
LIFS,4882,Investigative Pharmacology,3,[EXP] Experiential learning,T1 (3591),Th 12:00PM - 12:50PM,"Rm 4160, Lift 33","KO, Robert Kam Ming LAM, Yeung",,Instructor Consent Required
LIFS,4882,Investigative Pharmacology,3,[EXP] Experiential learning,LA1 (3590),Fr 01:00PM - 06:50PM,"Rm 4160, Lift 33","KO, Robert Kam Ming LAM, Yeung",,> The class is delivered in a experiential learning mode Instructor Consent Required
LIFS,4960,Biological Science Capstone Project,3,,T1 (3593),TBA,TBA,"LAM, Yeung",,Instructor Consent Required
LIFS,4960,Biological Science Capstone Project,3,,LA1 (3592),TBA,TBA,"LAM, Yeung",,Instructor Consent Required
LIFS,4961,Biochemistry and Cell Biology Capstone Project,3,,R1 (3594),TBA,TBA,"TANG, Jessica Ce Mun",,Instructor Consent Required
LIFS,4963,Biotechnology Capstone Project,3,,R1 (3595),TBA,TBA,"LI, Laam",,Instructor Consent Required
LIFS,4970,Biological Science Project Research I,3,,T1 (3597),TBA,TBA,"LAM, Yeung",,Instructor Consent Required
LIFS,4970,Biological Science Project Research I,3,,LA1 (3596),TBA,TBA,"LAM, Yeung",,Instructor Consent Required
LIFS,4971,Biochemistry and Cell Biology Project Research I,3,,LA1 (3598),TBA,TBA,"TANG, Jessica Ce Mun",,Instructor Consent Required
LIFS,4973,Biotechnology Project Research I,3,,LA1 (3599),TBA,TBA,"LI, Laam",,Instructor Consent Required
LIFS,5070,Workshops in Biosciences,3,,L1 (1556),TBA,TBA,"LEUNG, Yat Hin Nicki LIU, Zhen PARK, Hyo Keun",,> For MPhil & PhD (LIFS) students only
LIFS,5070,Workshops in Biosciences,3,,LA1 (1557),TBA,TBA,"LEUNG, Yat Hin Nicki LIU, Zhen PARK, Hyo Keun",,
LIFS,5710,Cellular Regulation,3,,L1 (1558),Fr 09:00AM - 11:50AM,"Rm 2610, Lift 31-32 (26)","GUO, Yusong HIRANO, Yukinori LIAO, Yi PARK, Hyo Keun WU, Zhenguo",,> For MPhil & PhD (LIFS) students only
LIFS,6111Y,Life Science Postgraduate Student Seminar,1,,T1 (1559),TBA,TBA,"BANFIELD, David Karl CHOW, King Lau DANG, Shangyu GAO, Wenqing MAK, Ho Yi WANG, Jiguang",,> For MPhil & PhD (LIFS) students only
LIFS,6112J,Current Topics in Neuroscience,2,,L1 (1560),Mo 05:00PM - 06:50PM,"Rm 1027, LSK Bldg (40)","BU, Guojun GAO, Wenqing LIU, Kai PARK, Hyo Keun WANG, Jie",,> For MPhil & PhD (LIFS) students only
LIFS,6113J,Current Topics in Biochemistry and Biophysics,2,,L1 (1561),We 05:00PM - 06:50PM,"Rm 2463, Lift 25-26 (42)","DANG, Shangyu HUANG, Pingbo NGUYEN, Tuan Anh ZHAI, Yuanliang ZHU, Guang",,> For MPhil & PhD (LIFS) students only
LIFS,6114J,Current Topics in Biotechnology and Traditional Chinese Medicine,2,,L1 (1562),We 05:00PM - 06:50PM,"Rm 1027, LSK Bldg (40)","HIRANO, Yukinori MIAO, Yi ZHANG, Lisheng",,> For MPhil & PhD (LIFS) students only
LIFS,6170,"Special Topics in Molecular, Cell and Developmental Biology",4,,L1 (1563),Tu 09:00AM - 10:50AM,"Rm 2612A, Lift 31-32 (29)","GUO, Yusong LIU, Kai LIU, Zhen YAN, Yan",,> For MPhil & PhD (LIFS) students only
LIFS,6170,"Special Topics in Molecular, Cell and Developmental Biology",4,,T1 (1564),Th 09:00AM - 10:50AM,"Rm 2612A, Lift 31-32 (29)","GUO, Yusong LIU, Kai LIU, Zhen YAN, Yan",,
LIFS,6410K,Seminar Enrichment Course,1,,T1 (1565),Fr 04:00PM - 05:50PM,Lecture Theater C (211),"LEUNG, Danny Chi Yeu",,> For MPhil & PhD (LIFS) students only
LIFS,6990,MPhil Thesis Research,0,,R1 (1566),TBA,TBA,TBA,,
LIFS,7990,Doctoral Thesis Research,0,,R1 (1567),TBA,TBA,TBA,,
MAED,5021,Mathematical Analysis and Its Applications I,3,,L1 (1604),Fr 07:00PM - 09:50PM,Lecture Theater E (143),"HO, Hon Ming",,> For MSc(MAED) students only
MAED,5033,Complex Analysis for Mathematics Educators,3,,L1 (1605),Tu 06:30PM - 09:20PM,"Rm 4, 30/F, Tower 1,Millennity","CHENG, Kam Hang",,> For MSc(MAED) students only
MAED,5121,Algebra and Its Applications I,3,,L1 (1606),Mo 07:00PM - 09:50PM,Lecture Theater F (150),"LAM, Tsz Kin",,> For MSc(MAED) students only
MAED,5321,Combinatorics,3,,L1 (1607),Mo 12:30PM - 03:20PM,"Rm 4, 30/F, Tower 1,Millennity","CHEN, Beifang",,> For MSc(MAED) students only
MAED,5511,Teaching Mathematics in the Digital Age,3,,L1 (1608),We 06:30PM - 09:20PM,"Rm 4, 30/F, Tower 1,Millennity","KU, Yin Bon",,> For MSc(MAED) students only
MAED,5731,Problem Solving Strategies,3,,L1 (1609),Th 07:00PM - 09:50PM,Lecture Theater F (150),"MAK, Hugo Wai Leung",,> For MSc(MAED) students only
MAED,5851,Scientific Computation,3,,L1 (1610),Sa 09:30AM - 12:20PM,"Rm 3, 30/F, Tower 1,Millennity","CHU, Kwun Lun",,> For MSc(MAED) students only
MAFS,5010,Stochastic Calculus,3,,L1 (1611),Mo 07:30PM - 10:20PM,Lecture Theater J (300),"DENG, Shuoqing",,> For MSc(MAFM) students only
MAFS,5020,Advanced Probability and Statistics,3,,L1 (1612),Su 02:00PM - 04:50PM,"Rm 5403, Lift 17-18 (134)",TBA,,> For MSc(MAFM) students only
MAFS,5030,Quantitative Modeling of Derivatives Securities,3,,L1 (1613),Th 07:30PM - 10:20PM,Lecture Theater K (106),"LEUNG, Chi Man",,> For MSc(MAFM) students only
MAFS,5240,Software Development with C++ for Quantitative Finance,3,,L1 (1614),Fr 07:30PM - 10:20PM,"Rm 5, 30/F, Tower 1,Millennity","SHUM, Chung Dak",,> For MSc(MAFM) students only
MAFS,5310,Portfolio Optimization: Theory and Application,3,,L1 (1615),Tu 07:30PM - 10:20PM,Lecture Theater E (143),"PEREZ PALOMAR, Daniel",,> For MSc(MAFM) students only
MAFS,5340,Machine Learning and Its Applications,3,,L1 (1616),We 07:30PM - 10:20PM,Lecture Theater K (106),"YANG, Can",,> For MSc(MAFM) students only
MAFS,6010G,Crypto Finance,3,,L1 (1617),Sa 09:30AM - 12:20PM,"Rm 5403, Lift 17-18 (134)",TBA,,> For MSc(MAFM) students only
MAIE,5103,Artificial Intelligence Ethics,3,,L1 (1183),Th 07:00PM - 09:50PM,"Rm 4619, Lift 31-32 (126)","XIAO, Huiru",,
MAIE,5209,Design and Analysis of Algorithms,3,,L1 (1184),We 07:00PM - 09:50PM,"Rm 2464, Lift 25-26 (122)","LEUNG, Wai Ting",,
MAIE,5211,Theory of Computation,3,,L1 (1185),Mo 07:00PM - 09:50PM,"Rm 3, 30/F, Tower 1,Millennity","LI, Maocheng",,
MAIE,5221,Natural Language Processing,3,,L1 (1186),We 07:00PM - 09:50PM,"G010, CYT Bldg (140)","XUE, Wei",,
MAIE,5421,Computer Vision,3,,L1 (1187),Fr 07:00PM - 09:50PM,"G012, LSK Bldg (199)","LUO, Wenhan",,
MAIE,5532,Machine Learning System,3,,L1 (1188),Tu 07:00PM - 09:50PM,"Rm 3, 30/F, Tower 1,Millennity","NTAFLOS, Lefteris",,
MAIE,5534,Entrepreneurial Me,3,,L1 (1189),05-SEP-2026 - 24-OCT-2026 Sa 10:00AM - 12:50PM,"Rm 5620, Lift 31-32 (70)","HUANG, Erwin",,
MAIE,6000C,Engineering AI Products: From Prototype to Production,3,,L1 (4502),05-SEP-2026 - 24-OCT-2026 Sa 02:30PM - 05:20PM,"Rm 2306, Lift 17-18 (111)","NTAFLOS, Lefteris",,
MAIE,6500,Innovation Management for AI,1,,T1 (4564),TBA,TBA,TBA,,
MAIE,6600,Internship and Entrepreneurship for AI,5,,T1 (4565),TBA,TBA,TBA,,
MARK,1220,Marketing and Society,3,Common Core (SA) for 36-credit program Common Core (SA) for 30-credit prog in 22-24 Common Core (SA) for 30-credit prog in 25 Common Core (SUS) for 30-credit prog in 25 Common Core (SA) for 30-credit prog fr 26 Common Core (SUS) for 30-credit prog fr 26,L1 (3600),MoWe 12:00PM - 01:20PM,"Rm 1001, LSK Bldg (75)","SALVACRUZ, Joseph",,
MARK,2120,Marketing Management,3,,L1 (3601),TuTh 04:30PM - 05:50PM,"Rm 1005, LSK Bldg (75)","HAN, Tianyu",,
MARK,2120,Marketing Management,3,,L2 (3602),TuTh 03:00PM - 04:20PM,"Rm 1005, LSK Bldg (75)","HAN, Tianyu",,
MARK,2120,Marketing Management,3,,L3 (3603),TuTh 12:00PM - 01:20PM,"Rm 1003, LSK Bldg (75)","HAN, Tianyu",,
MARK,2120,Marketing Management,3,,L4 (3604),WeFr 01:30PM - 02:50PM,"Rm 1005, LSK Bldg (75)","BUECHEL, Eva Christina",,
MARK,2120,Marketing Management,3,,L5 (3605),WeFr 03:00PM - 04:20PM,"Rm 1005, LSK Bldg (75)","BUECHEL, Eva Christina",,
MARK,2120,Marketing Management,3,,L6 (3606),WeFr 04:30PM - 05:50PM,"Rm 1005, LSK Bldg (75)","BUECHEL, Eva Christina",,
MARK,2120,Marketing Management,3,,L7 (3607),MoWe 09:00AM - 10:20AM,"Rm 1005, LSK Bldg (75)","GABRIELE, Francesco",,
MARK,2120,Marketing Management,3,,L8 (3608),Mo 04:30PM - 05:50PM,"Rm 1005, LSK Bldg (75)","GABRIELE, Francesco",,
MARK,2120,Marketing Management,3,,L9 (3609),MoWe 10:30AM - 11:50AM,"Rm 1005, LSK Bldg (75)","GABRIELE, Francesco",,
MARK,3220,Marketing Research,4,,L1 (3610),TuTh 04:30PM - 05:50PM,"Rm 1001, LSK Bldg (75)","LIU, Jia",,
MARK,3220,Marketing Research,4,,L2 (3612),TuTh 03:00PM - 04:20PM,"Rm 1001, LSK Bldg (75)","LIU, Jia",,
MARK,3220,Marketing Research,4,,T1 (3614),Tu 06:00PM - 07:50PM,"G005, LSK Bldg","LIU, Jia",,
MARK,3220,Marketing Research,4,,T2 (3616),Tu 06:00PM - 07:50PM,"G021, LSK Bldg","LIU, Jia",,
MARK,3410,Promotion and Advertising Management,4,,L1 (3617),TuTh 12:00PM - 01:20PM,"Rm 1001, LSK Bldg (75)","JUNG, Han Young",,
MARK,3410,Promotion and Advertising Management,4,,L2 (3619),TuTh 10:30AM - 11:50AM,"Rm 1001, LSK Bldg (75)","JUNG, Han Young",,
MARK,3410,Promotion and Advertising Management,4,,L3 (3621),TuTh 09:00AM - 10:20AM,"Rm 1001, LSK Bldg (75)","JUNG, Han Young",,
MARK,3410,Promotion and Advertising Management,4,,T1 (3623),Th 07:00PM - 07:50PM,"Rm 1011, LSK Bldg (80)","JUNG, Han Young",,
MARK,3410,Promotion and Advertising Management,4,,T2 (3625),We 07:00PM - 07:50PM,"Rm 1034, LSK Bldg (80)","JUNG, Han Young",,
MARK,3410,Promotion and Advertising Management,4,,T3 (3626),Th 06:00PM - 06:50PM,"Rm 1014, LSK Bldg (80)","JUNG, Han Young",,
MARK,3420,Consumer Behavior,4,,L1 (3627),MoWe 09:00AM - 10:20AM,"Rm 1001, LSK Bldg (75)","SALVACRUZ, Joseph",,
MARK,3420,Consumer Behavior,4,,L2 (3629),MoWe 10:30AM - 11:50AM,"Rm 1001, LSK Bldg (75)","SALVACRUZ, Joseph",,
MARK,3420,Consumer Behavior,4,,T1 (3631),We 06:00PM - 06:50PM,"G012, LSK Bldg (199)","SALVACRUZ, Joseph",,
MARK,3420,Consumer Behavior,4,,T2 (3633),We 06:00PM - 06:50PM,"G012, LSK Bldg (199)","SALVACRUZ, Joseph",,
MARK,3620,Marketing Analytics,4,,L1 (3634),WeFr 04:30PM - 05:50PM,"Rm 1003, LSK Bldg (75)","LIN, Song",,
MARK,3620,Marketing Analytics,4,,L2 (3636),WeFr 03:00PM - 04:20PM,"Rm 1003, LSK Bldg (75)","LIN, Song",,
MARK,3620,Marketing Analytics,4,,T1 (3638),Fr 06:00PM - 06:50PM,"G012, LSK Bldg (199)","LIN, Song",,
MARK,3620,Marketing Analytics,4,,T2 (3640),Fr 06:00PM - 06:50PM,"G012, LSK Bldg (199)","LIN, Song",,
MARK,4450,Brand Management,4,,L1 (3641),TuTh 12:00PM - 01:20PM,"Rm 1005, LSK Bldg (75)","CHEN, Qihui",,
MARK,4450,Brand Management,4,,L2 (3643),TuTh 01:30PM - 02:50PM,"Rm 1005, LSK Bldg (75)","CHEN, Qihui",,
MARK,4450,Brand Management,4,,L3 (3645),TuTh 09:00AM - 10:20AM,"Rm 1032, LSK Bldg (45)","CHEN, Qihui",,
MARK,4450,Brand Management,4,,T1 (3647),Mo 07:00PM - 07:50PM,"Rm 1034, LSK Bldg (80)","CHEN, Qihui",,
MARK,4450,Brand Management,4,,T2 (3649),Fr 07:00PM - 07:50PM,"Rm 1033, LSK Bldg (51)","CHEN, Qihui",,
MARK,4450,Brand Management,4,,T3 (3650),Mo 06:00PM - 06:50PM,"Rm 1007, LSK Bldg (80)","CHEN, Qihui",,
MARK,5120,Marketing Strategy,2,[BLD] Blended learning,L1 (1570),24-AUG-2026 - 05-OCT-2026 Mo 02:00PM - 05:20PM,"Rm 2001, LSK Bldg","RACH, Sean",,> The class is delivered in a conventional face-to-face mode > For MSc(MARK) students only > Add/Drop Deadline : 31-Aug-2026
MARK,5120,Marketing Strategy,2,[BLD] Blended learning,L2 (1574),25-AUG-2026 - 06-OCT-2026 Tu 02:00PM - 05:20PM,"Rm 2001, LSK Bldg","RACH, Sean",,> The class is delivered in a conventional face-to-face mode > For MSc(MARK) students only > Add/Drop Deadline : 31-Aug-2026
MARK,5120,Marketing Strategy,2,[BLD] Blended learning,L3 (1582),28-AUG-2026 - 09-OCT-2026 Fr 02:00PM - 05:20PM,"Rm 2001, LSK Bldg","RACH, Sean",,> The class is delivered in a conventional face-to-face mode > For MSc(MARK) students only > Venue on 12-Oct-2026 : MIL13102 and MIL13103 > Add/Drop Deadline : 31-Aug-2026
MARK,5120,Marketing Strategy,2,[BLD] Blended learning,L4 (1572),24-AUG-2026 - 12-OCT-2026 Mo 09:30AM - 01:00PM,"Rm 2003, LSK Bldg","RACH, Sean",,> The class is delivered in a conventional face-to-face mode > For FT-MBA Year 1 students only > Add/Drop Deadline : 31-Aug-2026
MARK,5120,Marketing Strategy,2,[BLD] Blended learning,L5 (1585),29-AUG-2026 - 17-OCT-2026 Sa 02:00PM - 05:30PM,"Rm 2003, LSK Bldg","RAITT, Gene",,> The class is delivered in a conventional face-to-face mode > For PT-MBA Year 1 students only > Add/Drop Deadline : 31-Aug-2026
MARK,5260,Luxury Strategy,2,,L1 (1584),29-AUG-2026 - 12-SEP-2026 Sa 02:00PM - 05:20PM,"Rm 2, 31/F, Tower 1,Millennity","HOU, Andre",,> For MSc(MARK) students only > Add/Drop Deadline : 31-Aug-2026
MARK,5290,Understanding Consumers,2,,L1 (1594),27-OCT-2026 - 08-DEC-2026 Tu 09:30AM - 12:50PM,TBA,"SALVACRUZ, Joseph",,> For MSc(MARK) students only > Add/Drop Deadline : 02-Nov-2026
MARK,5290,Understanding Consumers,2,,L2 (1595),27-OCT-2026 - 08-DEC-2026 Tu 02:00PM - 05:20PM,TBA,"SALVACRUZ, Joseph",,> For MSc(MARK) students only > Add/Drop Deadline : 02-Nov-2026
MARK,5290,Understanding Consumers,2,,L3 (1598),28-OCT-2026 - 16-DEC-2026 We 02:00PM - 05:20PM,"Rm 2003, LSK Bldg","DALTON, Amy Nicole",,> For MSc(MARK) students only > Add/Drop Deadline : 02-Nov-2026
MARK,5300,Pricing Strategy,2,,L1 (1576),26-AUG-2026 - 14-OCT-2026 We 07:00PM - 10:30PM,TBA,"VAN DER LANS, Ralf",,"> For FT-MBA; PT-MBA; MBA (Bi-weekly); Digital MBA and MBA Exchange students only > Venue : Business School Central in Admiralty, 4/F United Centre, 95 Queensway, Admiralty, Hong Kong > Add/Drop Deadline : 31-Aug-2026"
MARK,5310,Applied Marketing Research for Managers,2,,L1 (1592),26-OCT-2026 - 14-DEC-2026 Mo 02:00PM - 05:20PM,"G001, LSK Bldg (75)","SHI, Mengze",,> For MSc(MARK) students only > Add/Drop Deadline : 02-Nov-2026
MARK,5310,Applied Marketing Research for Managers,2,,L2 (1599),28-OCT-2026 - 16-DEC-2026 We 09:30AM - 12:50PM,"Rm 3, 31/F, Tower 1,Millennity","SHI, Mengze",,> For MSc(MARK) students only > Add/Drop Deadline : 02-Nov-2026
MARK,5310,Applied Marketing Research for Managers,2,,L3 (1600),29-OCT-2026 - 17-DEC-2026 Th 09:30AM - 12:50PM,"G003, LSK Bldg (75)","SHI, Mengze",,> For MSc(MARK) students only > Add/Drop Deadline : 02-Nov-2026
MARK,5380,Mastering D2C Marketing,2,,L1 (1603),31-OCT-2026 - 19-DEC-2026 Sa 09:00AM - 12:30PM,"Rm 1005, LSK Bldg (75)","RAITT, Gene",,> For FT-MBA; PT-MBA; MBA (Bi-weekly); Digital MBA and MBA Exchange students only > Add/Drop Deadline : 02-Nov-2026
MARK,5390,Global Marketing,2,,L1 (1571),24-AUG-2026 - 05-OCT-2026 Mo 09:30AM - 12:50PM,"Rm 2001, LSK Bldg","HELSEN, Kristiaan",,> For MSc(MARK) students only > Add/Drop Deadline : 31-Aug-2026
MARK,5390,Global Marketing,2,,L2 (1575),25-AUG-2026 - 06-OCT-2026 Tu 09:30AM - 12:50PM,"Rm 2001, LSK Bldg","HELSEN, Kristiaan",,> For MSc(MARK) students only > Add/Drop Deadline : 31-Aug-2026
MARK,5390,Global Marketing,2,,L3 (1583),28-AUG-2026 - 09-OCT-2026 Fr 09:30AM - 12:50PM,"G003, LSK Bldg (75)","HELSEN, Kristiaan",,> For MSc(MARK) students only > Add/Drop Deadline : 31-Aug-2026
MARK,5400,Marketing Analytics,2,,L1 (1591),26-OCT-2026 - 07-DEC-2026 Mo 02:00PM - 05:20PM,"Rm 2001, LSK Bldg","LIN, Song",,> For MSc(MARK) students only > Add/Drop Deadline : 02-Nov-2026
MARK,5400,Marketing Analytics,2,,L2 (1597),27-OCT-2026 - 15-DEC-2026 Tu 09:30AM - 12:50PM,TBA,"LIN, Song",,> For MSc(MARK) students only > Add/Drop Deadline : 02-Nov-2026
MARK,5400,Marketing Analytics,2,,L3 (1596),27-OCT-2026 - 08-DEC-2026 Tu 02:00PM - 05:20PM,TBA,"LIN, Song",,> For MSc(MARK) students only > Add/Drop Deadline : 02-Nov-2026
MARK,5430,Digital Marketing,2,,L1 (1577),02-SEP-2026 - 02-SEP-2026 We 09:30AM - 12:50PM,"Rm 2001, LSK Bldg","WANG, Wenbo",,> For MSc(MARK) students only > Add/Drop Deadline : 07-Sep-2026
MARK,5430,Digital Marketing,2,,L2 (1578),02-SEP-2026 - 02-SEP-2026 We 02:00PM - 05:20PM,"Rm 2001, LSK Bldg","WANG, Wenbo",,> For MSc(MARK) students only > Add/Drop Deadline : 07-Sep-2026
MARK,5430,Digital Marketing,2,,L3 (1579),02-SEP-2026 - 02-SEP-2026 We 07:00PM - 10:20PM,"Rm 2001, LSK Bldg","WANG, Wenbo",,> For MSc(MARK) students only > Add/Drop Deadline : 07-Sep-2026
MARK,5530,Navigating Business Decisions with Data and Causality,2,,L1 (1580),27-AUG-2026 - 24-SEP-2026 Th 09:30AM - 12:50PM,"Rm 2001, LSK Bldg","LIU, Jia",,> For MSc(MARK) students only > Add/Drop Deadline : 31-Aug-2026
MARK,5560,Marketing Communication,2,,L1 (1581),27-AUG-2026 - 24-SEP-2026 Th 02:15PM - 05:35PM,"Rm 3, 31/F, Tower 1,Millennity","KETCHUM, David Pattison",,> For MSc(MARK) students only > Add/Drop Deadline : 31-Aug-2026
MARK,5560,Marketing Communication,2,,L2 (1601),29-OCT-2026 - 17-DEC-2026 Th 02:30PM - 05:50PM,"Rm 1, 31/F, Tower 1,Millennity","KETCHUM, David Pattison",,> For MSc(MARK) students only > Add/Drop Deadline : 02-Nov-2026
MARK,5588,Entrepreneurial Marketing,2,,L1 (1593),26-OCT-2026 - 14-DEC-2026 Mo 09:30AM - 12:50PM,"Rm 2001, LSK Bldg","KOC, Joseph",,> For MSc(MARK) students only > Add/Drop Deadline : 02-Nov-2026
MARK,5689,Public Relations,2,,L1 (1602),30-OCT-2026 - 18-DEC-2026 Fr 09:30AM - 12:50PM,"Rm 3, 31/F, Tower 1,Millennity","JACKSON, Mark",,> For MSc(MARK) students only > Add/Drop Deadline : 02-Nov-2026
MARK,5700,Artificial Intelligence in Marketing,2,,L1 (1569),24-AUG-2026 - 07-SEP-2026 Mo 07:00PM - 10:20PM,"Rm 2001, LSK Bldg","PEREIRA, Kevin",,> For MSc(MARK) students only > Add/Drop Deadline : 31-Aug-2026
MARK,5700,Artificial Intelligence in Marketing,2,,L2 (1573),25-AUG-2026 - 08-SEP-2026 Tu 07:00PM - 10:20PM,"Rm 2001, LSK Bldg","PEREIRA, Kevin",,> For MSc(MARK) students only > Add/Drop Deadline : 31-Aug-2026
MARK,5710,Analytical Modeling in Marketing,3,,L1 (1586),We 12:00PM - 02:50PM,"Rm 1027, LSK Bldg (40)","LIN, Song",,> For MPhil(MARK) and PhD(MARK) students only
MARK,6510O,Current Topics in Consumer Research,2,,L1 (1587),Fr 02:00PM - 03:50PM,"Rm 1026, LSK Bldg (28)","HONG, Jiewen",,> Instructor consent is required for students to enroll the course Instructor Consent Required
MARK,6901J,Marketing for Startups,3,,L1 (1588),Mo 07:00PM - 09:50PM,"Rm 1, 30/F, Tower 1,Millennity","RAITT, Gene",,> For Msc (TLEN) students only
MARK,6990,MPhil Thesis Research,0,,R1 (1589),TBA,TBA,TBA,,> For MPhil(MARK) students only
MARK,7990,Doctoral Thesis Research,0,,R1 (1590),TBA,TBA,TBA,,> For PhD(MARK) students only
MASS,5010,Research Methods in Social Science,3,,L1 (1923),Mo 06:00PM - 08:50PM,"Rm 4503, Lift 25-26 (64)","ZHOU, Titi",,> For MA(SOSC) students only
MASS,5010,Research Methods in Social Science,3,,L2 (1924),We 06:00PM - 08:50PM,"Rm 1032, LSK Bldg (45)","ZHOU, Titi",,> For MA(SOSC) students only
MASS,5020,Social Statistics I,3,,L1 (1925),Th 09:00AM - 10:50AM,"Rm 4402, Lift 17-18","SIU, Nicolson",,> For MA(SOSC) students only > MASS 5020 is not co-listing with MGCS 5010 in Fall 2026-27
MASS,5020,Social Statistics I,3,,L2 (1927),Fr 12:00PM - 01:50PM,"Rm 4402, Lift 17-18","SIU, Nicolson",,> For MA(SOSC) students only > MASS 5020 is not co-listing with MGCS 5010 in Fall 2026-27
MASS,5020,Social Statistics I,3,,T1 (1929),Th 11:00AM - 12:50PM,"Rm 4402, Lift 17-18","SIU, Nicolson",,
MASS,5020,Social Statistics I,3,,T2 (1931),Fr 02:00PM - 03:50PM,"Rm 4402, Lift 17-18","SIU, Nicolson",,
MASS,5180,Migration and Globalization,3,,L1 (1932),Th 04:00PM - 06:50PM,"Rm 3020, Lift 2","MA, John Zhongdong",,> For MA(SOSC) students only
MASS,5210,Economic Development,3,,L1 (1933),Mo 09:30AM - 12:20PM,"Rm 1, 30/F, Tower 1,Millennity","PARK, Sangyoon",,> For MA(SOSC) students only
MASS,5250,Democracy and Governance,3,,L1 (1934),Tu 06:00PM - 08:50PM,"Rm 4579, Lift 27-28 (60)","HE, Wenkai",,> For MA(SOSC) students only
MASS,5270,Global Political Economy and Chinaâs New Era,3,,L1 (1935),Fr 06:30PM - 09:20PM,"Rm 1409, Lift 25-26 (60)","ZHANG, Dong",,> For MA(SOSC) students only
MASS,5981,Environment and Human Behavior,3,,L1 (1936),Tu 09:30AM - 12:20PM,"Rm 5, 30/F, Tower 1,Millennity","TAM, Kim-Pong",,> For MA(SOSC) students only
MASS,5982,Social Cognition,3,,L1 (1937),We 09:30AM - 12:20PM,"Rm 1, 30/F, Tower 1,Millennity","SHU, Annie",,> For MA(SOSC) students only
MATE,5001,Thermodynamics and Phase Diagram in Materials Science and Engineering,3,,L1 (1848),Tu 07:00PM - 09:50PM,"Rm 2406, Lift 17-18 (76)","CHEN, Guohua",,
MATE,5005,Entrepreneurship of Materials Technologies,3,,L1 (1849),Sa 02:30PM - 05:20PM,"Rm 2503, Lift 25-26 (87)","NG, Ka Ming",,
MATE,5007,Artificial Intelligence in Materials Science and Engineering,3,,L1 (1850),We 07:00PM - 09:50PM,"Rm 5, 30/F, Tower 1,Millennity","XIANG, Yang",,
MATE,5011,Pharmaceutical Engineering,3,,L1 (1851),Th 06:30PM - 09:20PM,"Rm 4, 30/F, Tower 1,Millennity","LAKERVELD, Richard",,
MATE,5013,Advanced Polymers for Engineers,3,,L1 (1852),Th 07:00PM - 09:50PM,"Rm 3, 30/F, Tower 1,Millennity","KIM, Yoonseob",,
MATE,5014,Electrochemical Energy Technologies,3,,L1 (1853),Mo 07:00PM - 09:50PM,"G012, LSK Bldg (199)","SHAO, Minhua",,
MATE,6101A,Independent Project,3,,R1 (4577),TBA,TBA,TBA,,Instructor Consent Required
MATE,6101B,Independent Project,6,,R1 (4578),TBA,TBA,TBA,,Instructor Consent Required
MATH,1003,Calculus and Linear Algebra,3,Common Core (QR) for 36-credit program,L1 (3664),TuTh 10:30AM - 11:50AM,"LG6101, Teaching Hub (150)","WU, Yueping",,
MATH,1003,Calculus and Linear Algebra,3,Common Core (QR) for 36-credit program,L2 (3666),TuTh 04:30PM - 05:50PM,"LG6101, Teaching Hub (150)","WU, Yueping",,
MATH,1003,Calculus and Linear Algebra,3,Common Core (QR) for 36-credit program,L3 (3668),WeFr 01:30PM - 02:50PM,"LG6101, Teaching Hub (150)","WU, Yueping",,
MATH,1003,Calculus and Linear Algebra,3,Common Core (QR) for 36-credit program,L4 (3670),Mo 04:30PM - 05:50PM,"LG4101, Teaching Hub (150)","WONG, Ka Yee",,
MATH,1003,Calculus and Linear Algebra,3,Common Core (QR) for 36-credit program,T1A (3672),Mo 09:00AM - 09:50AM,"Rm 2406, Lift 17-18 (76)","WU, Yueping",,
MATH,1003,Calculus and Linear Algebra,3,Common Core (QR) for 36-credit program,T1B (3674),Th 04:00PM - 04:50PM,"Rm 2304, Lift 17-18 (76)","WU, Yueping",,
MATH,1003,Calculus and Linear Algebra,3,Common Core (QR) for 36-credit program,T1C (3675),Th 06:00PM - 06:50PM,"Rm 2304, Lift 17-18 (76)","WU, Yueping",,
MATH,1003,Calculus and Linear Algebra,3,Common Core (QR) for 36-credit program,T1D (3676),Th 02:00PM - 02:50PM,"Rm 1014, LSK Bldg (80)","WU, Yueping",,
MATH,1003,Calculus and Linear Algebra,3,Common Core (QR) for 36-credit program,T2A (3677),Th 02:00PM - 02:50PM,"Rm 4502, Lift 25-26 (60)","WU, Yueping",,
MATH,1003,Calculus and Linear Algebra,3,Common Core (QR) for 36-credit program,T2B (3678),Th 06:00PM - 06:50PM,"Rm 4621, Lift 31-32 (126)","WU, Yueping",,
MATH,1003,Calculus and Linear Algebra,3,Common Core (QR) for 36-credit program,T2C (3679),Tu 06:00PM - 06:50PM,"LG3009, Lift 10-12 (88)","WU, Yueping",,
MATH,1003,Calculus and Linear Algebra,3,Common Core (QR) for 36-credit program,T2D (3680),Mo 11:00AM - 11:50AM,"Rm 1409, Lift 25-26 (60)","WU, Yueping",,
MATH,1003,Calculus and Linear Algebra,3,Common Core (QR) for 36-credit program,T3A (3681),Th 12:00PM - 12:50PM,"Rm 5402, Lift 17-18 (43)","WU, Yueping",,
MATH,1003,Calculus and Linear Algebra,3,Common Core (QR) for 36-credit program,T3B (3682),We 06:00PM - 06:50PM,"Rm 5583, Lift 29-30 (80)","WU, Yueping",,
MATH,1003,Calculus and Linear Algebra,3,Common Core (QR) for 36-credit program,T3C (3683),Fr 12:30PM - 01:20PM,"Rm 2406, Lift 17-18 (76)","WU, Yueping",,
MATH,1003,Calculus and Linear Algebra,3,Common Core (QR) for 36-credit program,T3D (3684),Fr 10:00AM - 10:50AM,"Multi-function Room, LG4, LIB","WU, Yueping",,
MATH,1003,Calculus and Linear Algebra,3,Common Core (QR) for 36-credit program,T4A (3685),Mo 09:30AM - 10:20AM,"LG3008, Lift 10-12 (82)","WONG, Ka Yee",,
MATH,1003,Calculus and Linear Algebra,3,Common Core (QR) for 36-credit program,T4B (3686),We 09:30AM - 10:20AM,"G009A, CYT Bldg (80)","WONG, Ka Yee",,
MATH,1003,Calculus and Linear Algebra,3,Common Core (QR) for 36-credit program,T4C (3687),We 06:00PM - 06:50PM,"G009A, CYT Bldg (80)","WONG, Ka Yee",,
MATH,1003,Calculus and Linear Algebra,3,Common Core (QR) for 36-credit program,T4D (3688),Th 06:00PM - 06:50PM,"Rm 2406, Lift 17-18 (76)","WONG, Ka Yee",,
MATH,1005,Calculus and Statistics,4,,L1 (3689),MoWe 09:00AM - 10:20AM,"LG6101, Teaching Hub (150)","YAO, Jing",,
MATH,1005,Calculus and Statistics,4,,L2 (3691),Mo 01:30PM - 02:50PM,"LG4101, Teaching Hub (150)","YAO, Jing",,
MATH,1005,Calculus and Statistics,4,,T1A (3693),Mo 04:30PM - 05:20PM,"Rm 2406, Lift 17-18 (76)","YAO, Jing",,
MATH,1005,Calculus and Statistics,4,,T1B (3695),Fr 10:30AM - 11:20AM,"Rm 5402, Lift 17-18 (43)","YAO, Jing",,
MATH,1005,Calculus and Statistics,4,,T1C (3696),Fr 12:00PM - 12:50PM,"Rm 6555, Lift 29-30 (88)","YAO, Jing",,
MATH,1005,Calculus and Statistics,4,,T1D (3697),Mo 06:00PM - 06:50PM,"Rm 6555, Lift 29-30 (88)","YAO, Jing",,
MATH,1005,Calculus and Statistics,4,,T2A (3698),Mo 09:30AM - 10:20AM,"Rm 2404, Lift 17-18 (81)","YAO, Jing",,
MATH,1005,Calculus and Statistics,4,,T2B (3699),Mo 11:00AM - 11:50AM,"Rm 2503, Lift 25-26 (87)","YAO, Jing",,
MATH,1005,Calculus and Statistics,4,,T2C (3700),Th 10:30AM - 11:20AM,"Rm 4503, Lift 25-26 (64)","YAO, Jing",,
MATH,1005,Calculus and Statistics,4,,T2D (3701),Mo 06:00PM - 06:50PM,"Rm 1527, Lift 22 (74)","YAO, Jing",,
MATH,1006,"Calculus, Vectors, and Matrices",4,,L1 (3702),TuTh 09:00AM - 10:20AM,Lecture Theater E (143),"LAM, Tsz Kin",,
MATH,1006,"Calculus, Vectors, and Matrices",4,,T1A (3704),Fr 09:30AM - 10:20AM,"Rm 4504, Lift 25-26 (54)","LAM, Tsz Kin",,
MATH,1006,"Calculus, Vectors, and Matrices",4,,T1B (3706),Mo 05:00PM - 05:50PM,"Rm 1410, Lift 25-26 (60)","LAM, Tsz Kin",,
MATH,1006,"Calculus, Vectors, and Matrices",4,,T1C (3707),Th 01:30PM - 02:20PM,"Rm 4504, Lift 25-26 (54)","LAM, Tsz Kin",,
MATH,1013,Calculus I,3,Common Core (QR) for 36-credit program,L01 (3708),TuTh 12:00PM - 01:20PM,"G010, CYT Bldg (140)","CHENG, Kam Hang",,
MATH,1013,Calculus I,3,Common Core (QR) for 36-credit program,L02 (3710),TuTh 10:30AM - 11:50AM,Lecture Theater E (143),"LIU, Stephen",,
MATH,1013,Calculus I,3,Common Core (QR) for 36-credit program,L03 (3712),Mo 01:30PM - 02:50PM,"G010, CYT Bldg (140)","LI, Weiping",,
MATH,1013,Calculus I,3,Common Core (QR) for 36-credit program,L04 (3714),MoWe 10:30AM - 11:50AM,"G010, CYT Bldg (140)","CHIANG, Yik Man",,
MATH,1013,Calculus I,3,Common Core (QR) for 36-credit program,L05 (3716),TuTh 03:00PM - 04:20PM,"LG6102, Teaching Hub (150)","LIU, Chenkai",,
MATH,1013,Calculus I,3,Common Core (QR) for 36-credit program,L06 (3718),MoWe 09:00AM - 10:20AM,"G010, CYT Bldg (140)","YING, Jiaxi",,
MATH,1013,Calculus I,3,Common Core (QR) for 36-credit program,L07 (3720),Mo 04:30PM - 05:50PM,Lecture Theater E (143),"TANG, Rong",,
MATH,1013,Calculus I,3,Common Core (QR) for 36-credit program,L08 (3722),MoWe 12:00PM - 01:20PM,Lecture Theater E (143),TBA,,
MATH,1013,Calculus I,3,Common Core (QR) for 36-credit program,L09 (3724),TuTh 04:30PM - 05:50PM,"G010, CYT Bldg (140)","LIU, Junbang",,
MATH,1013,Calculus I,3,Common Core (QR) for 36-credit program,L10 (3726),TuTh 09:00AM - 10:20AM,"LG6102, Teaching Hub (150)","QUAN, Xueyang",,
MATH,1013,Calculus I,3,Common Core (QR) for 36-credit program,L11 (3728),TuTh 01:30PM - 02:50PM,"G010, CYT Bldg (140)","QUAN, Xueyang",,
MATH,1013,Calculus I,3,Common Core (QR) for 36-credit program,T01A (3730),Tu 06:00PM - 06:50PM,"Rm 2463, Lift 25-26 (42)","CHENG, Kam Hang",,
MATH,1013,Calculus I,3,Common Core (QR) for 36-credit program,T01B (3732),Mo 01:00PM - 01:50PM,"Rm 1410, Lift 25-26 (60)","CHENG, Kam Hang",,
MATH,1013,Calculus I,3,Common Core (QR) for 36-credit program,T01C (3733),Tu 09:00AM - 09:50AM,"Rm 2463, Lift 25-26 (42)","CHENG, Kam Hang",,
MATH,1013,Calculus I,3,Common Core (QR) for 36-credit program,T01D (3734),We 04:30PM - 05:20PM,"LG3008, Lift 10-12 (82)","CHENG, Kam Hang",,
MATH,1013,Calculus I,3,Common Core (QR) for 36-credit program,T02A (3735),We 11:00AM - 11:50AM,"Rm 2504, Lift 25-26 (84)","LIU, Stephen",,
MATH,1013,Calculus I,3,Common Core (QR) for 36-credit program,T02B (3736),Tu 06:00PM - 06:50PM,"Rm 2504, Lift 25-26 (84)","LIU, Stephen",,
MATH,1013,Calculus I,3,Common Core (QR) for 36-credit program,T02C (3737),Tu 05:00PM - 05:50PM,"Rm 2504, Lift 25-26 (84)","LIU, Stephen",,
MATH,1013,Calculus I,3,Common Core (QR) for 36-credit program,T03A (3738),Fr 02:00PM - 02:50PM,"Rm 2504, Lift 25-26 (84)","LI, Weiping",,
MATH,1013,Calculus I,3,Common Core (QR) for 36-credit program,T03B (3739),Fr 12:00PM - 12:50PM,"Rm 2504, Lift 25-26 (84)","LI, Weiping",,
MATH,1013,Calculus I,3,Common Core (QR) for 36-credit program,T03C (3740),We 02:00PM - 02:50PM,"Rm 2504, Lift 25-26 (84)","LI, Weiping",,
MATH,1013,Calculus I,3,Common Core (QR) for 36-credit program,T04A (3741),Tu 02:00PM - 02:50PM,"Rm 2504, Lift 25-26 (84)","CHIANG, Yik Man",,
MATH,1013,Calculus I,3,Common Core (QR) for 36-credit program,T04B (3742),Tu 01:00PM - 01:50PM,"Rm 2504, Lift 25-26 (84)","CHIANG, Yik Man",,
MATH,1013,Calculus I,3,Common Core (QR) for 36-credit program,T04C (3743),Mo 06:00PM - 06:50PM,"Rm 2504, Lift 25-26 (84)","CHIANG, Yik Man",,
MATH,1013,Calculus I,3,Common Core (QR) for 36-credit program,T05A (3744),Mo 09:00AM - 09:50AM,"Rm 2504, Lift 25-26 (84)","LIU, Chenkai",,
MATH,1013,Calculus I,3,Common Core (QR) for 36-credit program,T05B (3745),Fr 01:00PM - 01:50PM,"Rm 2504, Lift 25-26 (84)","LIU, Chenkai",,
MATH,1013,Calculus I,3,Common Core (QR) for 36-credit program,T05C (3746),Fr 10:30AM - 11:20AM,"Rm 4580, Lift 27-28 (83)","LIU, Chenkai",,
MATH,1013,Calculus I,3,Common Core (QR) for 36-credit program,T06A (3747),Fr 09:30AM - 10:20AM,"Rm 2503, Lift 25-26 (87)","YING, Jiaxi",,
MATH,1013,Calculus I,3,Common Core (QR) for 36-credit program,T06B (3748),We 11:00AM - 11:50AM,"Rm 2503, Lift 25-26 (87)","YING, Jiaxi",,
MATH,1013,Calculus I,3,Common Core (QR) for 36-credit program,T06C (3749),Mo 06:00PM - 06:50PM,"Rm 2503, Lift 25-26 (87)","YING, Jiaxi",,
MATH,1013,Calculus I,3,Common Core (QR) for 36-credit program,T07A (3750),Th 05:30PM - 06:20PM,"Rm 4580, Lift 27-28 (83)","TANG, Rong",,
MATH,1013,Calculus I,3,Common Core (QR) for 36-credit program,T07B (3751),Th 04:30PM - 05:20PM,"Rm 4580, Lift 27-28 (83)","TANG, Rong",,
MATH,1013,Calculus I,3,Common Core (QR) for 36-credit program,T07C (3752),We 05:30PM - 06:20PM,"Rm 4580, Lift 27-28 (83)","TANG, Rong",,
MATH,1013,Calculus I,3,Common Core (QR) for 36-credit program,T08A (3753),We 04:30PM - 05:20PM,"Rm 4580, Lift 27-28 (83)",TBA,,
MATH,1013,Calculus I,3,Common Core (QR) for 36-credit program,T08B (3754),We 09:30AM - 10:20AM,"Rm 4580, Lift 27-28 (83)",TBA,,
MATH,1013,Calculus I,3,Common Core (QR) for 36-credit program,T08C (3755),Tu 06:00PM - 06:50PM,"Rm 4580, Lift 27-28 (83)",TBA,,
MATH,1013,Calculus I,3,Common Core (QR) for 36-credit program,T09A (3756),Fr 11:30AM - 12:20PM,"Rm 1527, Lift 22 (74)","LIU, Junbang",,
MATH,1013,Calculus I,3,Common Core (QR) for 36-credit program,T09B (3757),Mo 06:00PM - 06:50PM,"Rm 4580, Lift 27-28 (83)","LIU, Junbang",,
MATH,1013,Calculus I,3,Common Core (QR) for 36-credit program,T09C (3758),Mo 05:00PM - 05:50PM,"Rm 4580, Lift 27-28 (83)","LIU, Junbang",,
MATH,1013,Calculus I,3,Common Core (QR) for 36-credit program,T10A (3759),Fr 10:00AM - 10:50AM,"Rm 2504, Lift 25-26 (84)","QUAN, Xueyang",,
MATH,1013,Calculus I,3,Common Core (QR) for 36-credit program,T10B (3760),Th 05:30PM - 06:20PM,"Rm 2504, Lift 25-26 (84)","QUAN, Xueyang",,
MATH,1013,Calculus I,3,Common Core (QR) for 36-credit program,T10C (3761),We 04:00PM - 04:50PM,"Rm 2504, Lift 25-26 (84)","QUAN, Xueyang",,
MATH,1013,Calculus I,3,Common Core (QR) for 36-credit program,T11A (3762),Fr 10:00AM - 10:50AM,"Rm 1409, Lift 25-26 (60)","QUAN, Xueyang",,
MATH,1013,Calculus I,3,Common Core (QR) for 36-credit program,T11B (3763),Mo 09:30AM - 10:20AM,"Rm 4580, Lift 27-28 (83)","QUAN, Xueyang",,
MATH,1013,Calculus I,3,Common Core (QR) for 36-credit program,T11C (3764),Th 05:30PM - 06:20PM,"LG3008, Lift 10-12 (82)","QUAN, Xueyang",,
MATH,1014,Calculus II,3,,L1 (3765),Mo 03:00PM - 04:20PM,Lecture Theater E (143),"LIU, Stephen",,
MATH,1014,Calculus II,3,,L2 (3767),TuTh 12:00PM - 01:20PM,Lecture Theater E (143),"LIU, Stephen",,
MATH,1014,Calculus II,3,,L3 (3769),Mo 01:30PM - 02:50PM,Lecture Theater E (143),"LAM, Tsz Kin",,
MATH,1014,Calculus II,3,,T1A (3771),Tu 01:30PM - 02:20PM,"Rm 1409, Lift 25-26 (60)","LIU, Stephen",,
MATH,1014,Calculus II,3,,T1B (3773),Fr 12:30PM - 01:20PM,"Rm 2304, Lift 17-18 (76)","LIU, Stephen",,
MATH,1014,Calculus II,3,,T1C (3774),We 12:00PM - 12:50PM,"Multi-function Room, LG4, LIB","LIU, Stephen",,
MATH,1014,Calculus II,3,,T2A (3775),Mo 12:00PM - 12:50PM,"Rm 5404, Lift 17-18 (93)","LIU, Stephen",,
MATH,1014,Calculus II,3,,T2B (3776),Mo 05:00PM - 05:50PM,"Rm 4579, Lift 27-28 (60)","LIU, Stephen",,
MATH,1014,Calculus II,3,,T2C (3777),Fr 11:00AM - 11:50AM,"Rm 6573, Lift 29-30 (88)","LIU, Stephen",,
MATH,1014,Calculus II,3,,T3A (3778),Tu 03:00PM - 03:50PM,"G009B, CYT Bldg (70)","LAM, Tsz Kin",,
MATH,1014,Calculus II,3,,T3B (3779),Tu 09:30AM - 10:20AM,"Rm 1527, Lift 22 (74)","LAM, Tsz Kin",,
MATH,1014,Calculus II,3,,T3C (3780),Mo 04:30PM - 05:20PM,"Rm 6602, Lift 31-32 (60)","LAM, Tsz Kin",,
MATH,1023,Honors Calculus I,3,Common Core (QR) for 36-credit program,L1 (3781),TuTh 09:00AM - 10:20AM,Lecture Theater D (216),"YAN, Min",,
MATH,1023,Honors Calculus I,3,Common Core (QR) for 36-credit program,T1A (3783),Fr 09:00AM - 09:50AM,"Rm 1409, Lift 25-26 (60)","YAN, Min",,
MATH,1023,Honors Calculus I,3,Common Core (QR) for 36-credit program,T1B (3785),Tu 04:30PM - 05:20PM,"LG3008, Lift 10-12 (82)","YAN, Min",,
MATH,1023,Honors Calculus I,3,Common Core (QR) for 36-credit program,T1C (3786),Tu 12:00PM - 12:50PM,"LG3008, Lift 10-12 (82)","YAN, Min",,
MATH,1023,Honors Calculus I,3,Common Core (QR) for 36-credit program,T1D (3787),Mo 03:00PM - 03:50PM,"LG3008, Lift 10-12 (82)","YAN, Min",,
MATH,2001,Foundation of Mathematics,2,,L1 (3788),WeFr 01:30PM - 02:50PM,Lecture Theater A (401),"JIANG, Qingyuan",,
MATH,2001,Foundation of Mathematics,2,,T1A (3790),We 05:00PM - 05:50PM,"Rm 4579, Lift 27-28 (60)","JIANG, Qingyuan",,
MATH,2001,Foundation of Mathematics,2,,T1B (3792),Fr 09:00AM - 09:50AM,"Rm 2504, Lift 25-26 (84)","JIANG, Qingyuan",,
MATH,2001,Foundation of Mathematics,2,,T1C (3793),Tu 06:00PM - 06:50PM,"Rm 5402, Lift 17-18 (43)","JIANG, Qingyuan",,
MATH,2001,Foundation of Mathematics,2,,T1D (3794),Th 03:30PM - 04:20PM,"Rm 1527, Lift 22 (74)","JIANG, Qingyuan",,
MATH,2011,Introduction to Multivariable Calculus,3,,L1 (3795),TuTh 10:30AM - 11:50AM,"LG4101, Teaching Hub (150)","QIAN, Tiezheng",,
MATH,2011,Introduction to Multivariable Calculus,3,,L2 (3797),TuTh 12:00PM - 01:20PM,"LG6101, Teaching Hub (150)","LAM, Tsz Kin",,
MATH,2011,Introduction to Multivariable Calculus,3,,L3 (3799),TuTh 03:00PM - 04:20PM,Lecture Theater D (216),"KU, Yin Bon",,
MATH,2011,Introduction to Multivariable Calculus,3,,T1A (3801),Th 03:00PM - 03:50PM,"G009B, CYT Bldg (70)","QIAN, Tiezheng",,
MATH,2011,Introduction to Multivariable Calculus,3,,T1B (3803),We 04:00PM - 04:50PM,"Rm 6555, Lift 29-30 (88)","QIAN, Tiezheng",,
MATH,2011,Introduction to Multivariable Calculus,3,,T1C (3804),We 05:00PM - 05:50PM,"Rm 6591, Lift 31-32 (88)","QIAN, Tiezheng",,
MATH,2011,Introduction to Multivariable Calculus,3,,T1D (3805),We 01:30PM - 02:20PM,"G009B, CYT Bldg (70)","QIAN, Tiezheng",,
MATH,2011,Introduction to Multivariable Calculus,3,,T2A (3806),We 05:30PM - 06:20PM,"Rm 6602, Lift 31-32 (60)","LAM, Tsz Kin",,
MATH,2011,Introduction to Multivariable Calculus,3,,T2B (3807),Tu 03:00PM - 03:50PM,"Rm 6602, Lift 31-32 (60)","LAM, Tsz Kin",,
MATH,2011,Introduction to Multivariable Calculus,3,,T2C (3808),Th 05:00PM - 05:50PM,"Rm 6573, Lift 29-30 (88)","LAM, Tsz Kin",,
MATH,2011,Introduction to Multivariable Calculus,3,,T2D (3809),Tu 06:00PM - 06:50PM,"G009A, CYT Bldg (80)","LAM, Tsz Kin",,
MATH,2011,Introduction to Multivariable Calculus,3,,T3A (3810),Th 01:00PM - 01:50PM,"Rm 5402, Lift 17-18 (43)","KU, Yin Bon",,
MATH,2011,Introduction to Multivariable Calculus,3,,T3B (3811),We 04:30PM - 05:20PM,"Rm 6602, Lift 31-32 (60)","KU, Yin Bon",,
MATH,2011,Introduction to Multivariable Calculus,3,,T3C (3812),Tu 09:00AM - 09:50AM,"G009B, CYT Bldg (70)","KU, Yin Bon",,
MATH,2011,Introduction to Multivariable Calculus,3,,T3D (3813),Th 09:30AM - 10:20AM,"Rm 4503, Lift 25-26 (64)","KU, Yin Bon",,
MATH,2023,Multivariable Calculus,4,,L1 (3814),TuTh 09:00AM - 10:20AM,"LG4101, Teaching Hub (150)","HO, Hon Ming",,
MATH,2023,Multivariable Calculus,4,,L2 (3816),Mo 03:00PM - 04:20PM,"LG4101, Teaching Hub (150)","HO, Hon Ming",,
MATH,2023,Multivariable Calculus,4,,L3 (3818),TuTh 12:00PM - 01:20PM,"LG6102, Teaching Hub (150)","HO, Hon Ming",,
MATH,2023,Multivariable Calculus,4,,T1A (3820),Tu 06:00PM - 06:50PM,"Rm 2302, Lift 17-18 (74)","HO, Hon Ming",,
MATH,2023,Multivariable Calculus,4,,T1B (3822),We 06:00PM - 06:50PM,"Rm 6591, Lift 31-32 (88)","HO, Hon Ming",,
MATH,2023,Multivariable Calculus,4,,T1C (3823),Mo 03:00PM - 03:50PM,"G002, CYT Bldg (126)","HO, Hon Ming",,
MATH,2023,Multivariable Calculus,4,,T2A (3824),Fr 02:00PM - 02:50PM,"Multi-function Room, LG4, LIB","HO, Hon Ming",,
MATH,2023,Multivariable Calculus,4,,T2B (3825),We 11:00AM - 11:50AM,"Multi-function Room, LG4, LIB","HO, Hon Ming",,
MATH,2023,Multivariable Calculus,4,,T2C (3826),Fr 06:00PM - 06:50PM,"Rm 4503, Lift 25-26 (64)","HO, Hon Ming",,
MATH,2023,Multivariable Calculus,4,,T3A (3827),Mo 04:00PM - 04:50PM,"Rm 1527, Lift 22 (74)","HO, Hon Ming",,
MATH,2023,Multivariable Calculus,4,,T3B (3828),We 06:00PM - 06:50PM,"Rm 4503, Lift 25-26 (64)","HO, Hon Ming",,
MATH,2023,Multivariable Calculus,4,,T3C (3829),Fr 12:00PM - 12:50PM,"Rm 4579, Lift 27-28 (60)","HO, Hon Ming",,
MATH,2024,Honors Multivariable Calculus,4,,L1 (3830),TuTh 01:30PM - 02:50PM,"G009B, CYT Bldg (70)","HO, Quoc",,
MATH,2024,Honors Multivariable Calculus,4,,T1A (3831),We 06:00PM - 06:50PM,"Rm 4579, Lift 27-28 (60)","HO, Quoc",,
MATH,2033,Mathematical Analysis,4,,L1 (3832),TuTh 09:00AM - 10:20AM,"G001, CYT Bldg (92)","XIONG, Maosheng",,
MATH,2033,Mathematical Analysis,4,,T1A (3834),Th 05:30PM - 06:20PM,"Rm 5583, Lift 29-30 (80)","XIONG, Maosheng",,
MATH,2033,Mathematical Analysis,4,,T1B (3836),Tu 03:00PM - 03:50PM,"Rm 6555, Lift 29-30 (88)","XIONG, Maosheng",,
MATH,2111,Matrix Algebra and Applications,3,,L1 (3837),MoWe 10:30AM - 11:50AM,Lecture Theater E (143),"YE, Guibo",,
MATH,2111,Matrix Algebra and Applications,3,,L2 (3839),TuTh 01:30PM - 02:50PM,Lecture Theater D (216),"YE, Guibo",,
MATH,2111,Matrix Algebra and Applications,3,,L3 (3841),MoWe 09:00AM - 10:20AM,Lecture Theater E (143),"YE, Guibo",,
MATH,2111,Matrix Algebra and Applications,3,,L4 (3843),Mo 01:30PM - 02:50PM,"Rm 2502, Lift 25-26 (120)",TBA,,
MATH,2111,Matrix Algebra and Applications,3,,T1A (3845),We 09:30AM - 10:20AM,"Rm 4503, Lift 25-26 (64)","YE, Guibo",,
MATH,2111,Matrix Algebra and Applications,3,,T1B (3847),Th 03:00PM - 03:50PM,"Rm 6573, Lift 29-30 (88)","YE, Guibo",,
MATH,2111,Matrix Algebra and Applications,3,,T1C (3848),Fr 11:30AM - 12:20PM,"Rm 2304, Lift 17-18 (76)","YE, Guibo",,
MATH,2111,Matrix Algebra and Applications,3,,T2A (3849),Tu 06:00PM - 06:50PM,"G009B, CYT Bldg (70)","YE, Guibo",,
MATH,2111,Matrix Algebra and Applications,3,,T2B (3850),Mo 03:00PM - 03:50PM,"Rm 2406, Lift 17-18 (76)","YE, Guibo",,
MATH,2111,Matrix Algebra and Applications,3,,T2C (3851),Th 05:30PM - 06:20PM,"Rm 1027, LSK Bldg (40)","YE, Guibo",,
MATH,2111,Matrix Algebra and Applications,3,,T3A (3852),Mo 02:00PM - 02:50PM,"Rm 5404, Lift 17-18 (93)","YE, Guibo",,
MATH,2111,Matrix Algebra and Applications,3,,T3B (3853),Th 06:00PM - 06:50PM,"Rm 2302, Lift 17-18 (74)","YE, Guibo",,
MATH,2111,Matrix Algebra and Applications,3,,T3C (3854),Mo 05:00PM - 05:50PM,"Rm 4503, Lift 25-26 (64)","YE, Guibo",,
MATH,2111,Matrix Algebra and Applications,3,,T4A (3855),We 12:00PM - 12:50PM,"Rm 4504, Lift 25-26 (54)",TBA,,
MATH,2111,Matrix Algebra and Applications,3,,T4B (3856),We 03:00PM - 03:50PM,"Rm 6555, Lift 29-30 (88)",TBA,,
MATH,2111,Matrix Algebra and Applications,3,,T4C (3857),Mo 04:30PM - 05:20PM,"Rm 1409, Lift 25-26 (60)",TBA,,
MATH,2121,Linear Algebra,4,,L1 (3858),TuTh 04:30PM - 05:50PM,Lecture Theater D (216),"MARBERG, Eric Paul",,
MATH,2121,Linear Algebra,4,,L2 (3860),TuTh 03:00PM - 04:20PM,"Rm 5403, Lift 17-18 (134)","MARBERG, Eric Paul",,
MATH,2121,Linear Algebra,4,,L3 (3862),Mo 01:30PM - 02:50PM,Lecture Theater D (216),"MIN, Yu",,
MATH,2121,Linear Algebra,4,,T1A (3864),Th 03:00PM - 03:50PM,"Rm 2304, Lift 17-18 (76)","MARBERG, Eric Paul",,
MATH,2121,Linear Algebra,4,,T1B (3866),Mo 10:30AM - 11:20AM,"Multi-function Room, LG4, LIB","MARBERG, Eric Paul",,
MATH,2121,Linear Algebra,4,,T1C (3867),We 02:00PM - 02:50PM,"Multi-function Room, LG4, LIB","MARBERG, Eric Paul",,
MATH,2121,Linear Algebra,4,,T2A (3868),Mo 01:00PM - 01:50PM,"Rm 4504, Lift 25-26 (54)","MARBERG, Eric Paul",,
MATH,2121,Linear Algebra,4,,T2B (3869),Tu 06:00PM - 06:50PM,"Rm 1527, Lift 22 (74)","MARBERG, Eric Paul",,
MATH,2121,Linear Algebra,4,,T2C (3870),Th 05:00PM - 05:50PM,"Rm 2304, Lift 17-18 (76)","MARBERG, Eric Paul",,
MATH,2121,Linear Algebra,4,,T3A (3871),Mo 05:00PM - 05:50PM,"Rm 1527, Lift 22 (74)","MIN, Yu",,
MATH,2121,Linear Algebra,4,,T3B (3872),Tu 04:30PM - 05:20PM,"Rm 5583, Lift 29-30 (80)","MIN, Yu",,
MATH,2121,Linear Algebra,4,,T3C (3873),Th 04:00PM - 04:50PM,"Rm 6573, Lift 29-30 (88)","MIN, Yu",,
MATH,2131,Honors in Linear and Abstract Algebra I,4,,L1 (3874),TuTh 04:30PM - 05:50PM,Lecture Theater K (106),"IP, Ivan Chi Ho",,
MATH,2131,Honors in Linear and Abstract Algebra I,4,,T1A (3876),Mo 07:00PM - 07:50PM,"G009B, CYT Bldg (70)","IP, Ivan Chi Ho",,
MATH,2131,Honors in Linear and Abstract Algebra I,4,,T1B (3878),Mo 04:30PM - 05:20PM,"Rm 2302, Lift 17-18 (74)","IP, Ivan Chi Ho",,
MATH,2350,Applied Linear Algebra and Differential Equations,3,,L1 (3879),Mo 01:30PM - 02:50PM,"G001, CYT Bldg (92)","CHENG, Kam Hang",,
MATH,2350,Applied Linear Algebra and Differential Equations,3,,T1A (3881),Th 06:00PM - 06:50PM,"Rm 6573, Lift 29-30 (88)","CHENG, Kam Hang",,
MATH,2350,Applied Linear Algebra and Differential Equations,3,,T1B (3883),Fr 11:30AM - 12:20PM,"Rm 2406, Lift 17-18 (76)","CHENG, Kam Hang",,
MATH,2351,Introduction to Differential Equations,3,,L1 (3884),WeFr 01:30PM - 02:50PM,"G009A, CYT Bldg (80)","XU, Luze",,
MATH,2351,Introduction to Differential Equations,3,,L2 (3886),Mo 03:00PM - 04:20PM,"Rm 6555, Lift 29-30 (88)","SHEN, Eric",,
MATH,2351,Introduction to Differential Equations,3,,T1A (3888),Mo 06:00PM - 06:50PM,"Rm 6602, Lift 31-32 (60)","XU, Luze",,
MATH,2351,Introduction to Differential Equations,3,,T1B (3890),Mo 03:00PM - 03:50PM,"Rm 1032, LSK Bldg (45)","XU, Luze",,
MATH,2351,Introduction to Differential Equations,3,,T2A (3891),Mo 06:00PM - 06:50PM,"Rm 5402, Lift 17-18 (43)","SHEN, Eric",,
MATH,2351,Introduction to Differential Equations,3,,T2B (3892),Fr 01:30PM - 02:20PM,"Rm 1032, LSK Bldg (45)","SHEN, Eric",,
MATH,2411,Applied Statistics,4,,L1 (3893),TuTh 09:00AM - 10:20AM,"G010, CYT Bldg (140)","YAO, Jing",,
MATH,2411,Applied Statistics,4,,L2 (3895),Mo 03:00PM - 04:20PM,"G010, CYT Bldg (140)",TBA,,
MATH,2411,Applied Statistics,4,,T1A (3897),Tu 06:00PM - 06:50PM,"Rm 6602, Lift 31-32 (60)","YAO, Jing",,
MATH,2411,Applied Statistics,4,,T1B (3899),Mo 09:30AM - 10:20AM,"Rm 6591, Lift 31-32 (88)","YAO, Jing",,
MATH,2411,Applied Statistics,4,,T1C (3900),We 09:30AM - 10:20AM,"Rm 1527, Lift 22 (74)","YAO, Jing",,
MATH,2411,Applied Statistics,4,,T2A (3901),Tu 06:00PM - 06:50PM,"Rm 1410, Lift 25-26 (60)",TBA,,
MATH,2411,Applied Statistics,4,,T2B (3902),Mo 11:00AM - 11:50AM,"Rm 2406, Lift 17-18 (76)",TBA,,
MATH,2411,Applied Statistics,4,,T2C (3903),Mo 09:30AM - 10:20AM,"Rm 1527, Lift 22 (74)",TBA,,
MATH,2421,Probability,4,,L1 (3904),MoWe 10:30AM - 11:50AM,"Rm 2502, Lift 25-26 (120)","YIP, Chi Hoi",,
MATH,2421,Probability,4,,T1A (3906),Mo 06:00PM - 06:50PM,"G009B, CYT Bldg (70)","YIP, Chi Hoi",,
MATH,2421,Probability,4,,T1B (3908),Th 06:00PM - 06:50PM,"Rm 4502, Lift 25-26 (60)","YIP, Chi Hoi",,
MATH,2421,Probability,4,,T1C (3909),We 03:00PM - 03:50PM,"Rm 2504, Lift 25-26 (84)","YIP, Chi Hoi",,
MATH,2511,Fundamentals of Actuarial Mathematics,3,,L1 (3910),MoWe 12:00PM - 01:20PM,"G001, CYT Bldg (92)","QIAN, Shuaijie",,
MATH,2511,Fundamentals of Actuarial Mathematics,3,,T1A (3912),We 03:00PM - 03:50PM,"Rm 4579, Lift 27-28 (60)","QIAN, Shuaijie",,
MATH,2511,Fundamentals of Actuarial Mathematics,3,,T1B (3914),Fr 12:00PM - 12:50PM,"Multi-function Room, LG4, LIB","QIAN, Shuaijie",,
MATH,3033,Real Analysis,4,,L1 (3915),TuTh 12:00PM - 01:20PM,"Rm 4619, Lift 31-32 (126)","ZHANG, Hai",,
MATH,3033,Real Analysis,4,,L2 (3917),TuTh 09:00AM - 10:20AM,"Rm 2306, Lift 17-18 (111)","ZHANG, Hai",,
MATH,3033,Real Analysis,4,,T1A (3919),We 07:00PM - 07:50PM,"Rm 4579, Lift 27-28 (60)","ZHANG, Hai",,
MATH,3033,Real Analysis,4,,T1B (3921),Th 06:00PM - 06:50PM,"Rm 1409, Lift 25-26 (60)","ZHANG, Hai",,
MATH,3033,Real Analysis,4,,T2A (3922),Th 12:00PM - 12:50PM,"Rm 6555, Lift 29-30 (88)","ZHANG, Hai",,
MATH,3033,Real Analysis,4,,T2B (3923),Tu 06:00PM - 06:50PM,"Rm 5583, Lift 29-30 (80)","ZHANG, Hai",,
MATH,3043,Honors Real Analysis,4,,L1 (3924),TuTh 12:00PM - 01:20PM,"Rm 1410, Lift 25-26 (60)","YAN, Min",,
MATH,3043,Honors Real Analysis,4,,T1A (3926),We 07:00PM - 07:50PM,"Rm 5508, Lift 25-26 (30)","YAN, Min",,
MATH,3043,Honors Real Analysis,4,,T1B (3928),Mo 06:00PM - 06:50PM,"Rm 5508, Lift 25-26 (30)","YAN, Min",,
MATH,3121,Abstract Algebra,3,,L1 (3929),WeFr 01:30PM - 02:50PM,"Rm 5583, Lift 29-30 (80)","CHIANG, Yik Man",,
MATH,3121,Abstract Algebra,3,,T1A (3931),Fr 12:00PM - 12:50PM,"Rm 4503, Lift 25-26 (64)","CHIANG, Yik Man",,
MATH,3121,Abstract Algebra,3,,T1B (3933),Mo 06:00PM - 06:50PM,"Rm 2304, Lift 17-18 (76)","CHIANG, Yik Man",,
MATH,3312,Numerical Analysis,3,,L1 (3934),Mo 01:30PM - 02:50PM,"Rm 5583, Lift 29-30 (80)","PENG, Zhichao",,
MATH,3312,Numerical Analysis,3,,T1A (3936),Th 06:00PM - 06:50PM,"Rm 4579, Lift 27-28 (60)","PENG, Zhichao",,
MATH,3312,Numerical Analysis,3,,T1B (3938),Fr 11:00AM - 11:50AM,"Multi-function Room, LG4, LIB","PENG, Zhichao",,
MATH,3332,Data Analytic Tools,3,,L1 (3939),MoWe 10:30AM - 11:50AM,"G009A, CYT Bldg (80)","CAI, Jianfeng",,
MATH,3332,Data Analytic Tools,3,,T1A (3941),We 07:00PM - 07:50PM,"Rm 5402, Lift 17-18 (43)","CAI, Jianfeng",,
MATH,3332,Data Analytic Tools,3,,T1B (3943),Tu 06:00PM - 06:50PM,"Rm 2304, Lift 17-18 (76)","CAI, Jianfeng",,
MATH,3423,Statistical Inference,3,,L1 (3944),TuTh 10:30AM - 11:50AM,"G010, CYT Bldg (140)","YU, Chi Wai",,
MATH,3423,Statistical Inference,3,,T1A (3946),Mo 07:00PM - 07:50PM,"Rm 5402, Lift 17-18 (43)","YU, Chi Wai",,
MATH,3423,Statistical Inference,3,,T1B (3948),Mo 05:30PM - 06:20PM,"Rm 2302, Lift 17-18 (74)","YU, Chi Wai",,
MATH,3423,Statistical Inference,3,,T1C (3949),Th 06:00PM - 06:50PM,"Rm 1011, LSK Bldg (80)","YU, Chi Wai",,
MATH,3423,Statistical Inference,3,,T1D (3950),We 10:00AM - 10:50AM,"Rm 2304, Lift 17-18 (76)","YU, Chi Wai",,
MATH,3427,Bayesian Statistics,3,,L1 (3951),TuTh 03:00PM - 04:20PM,"Rm 4504, Lift 25-26 (54)","YU, Chi Wai",,
MATH,3427,Bayesian Statistics,3,,T1A (3952),We 04:00PM - 04:50PM,"Rm 4579, Lift 27-28 (60)","YU, Chi Wai",,
MATH,3428,Statistical Computing,3,,L1 (3953),Mo 03:00PM - 04:20PM,"Rm 1410, Lift 25-26 (60)","TANG, Rong",,
MATH,3428,Statistical Computing,3,,T1A (3954),We 05:00PM - 05:50PM,"Rm 1409, Lift 25-26 (60)","TANG, Rong",,
MATH,3900,Communicating Mathematics to the Public,1,,L1 (3955),Tu 03:00PM - 04:50PM,"Rm 2463, Lift 25-26 (42)","LEUNG, Shing Yu",,
MATH,4052,Partial Differential Equations,3,,L1 (3956),TuTh 01:30PM - 02:50PM,"Rm 6602, Lift 31-32 (60)","XIANG, Yang",,
MATH,4052,Partial Differential Equations,3,,T1A (3957),Fr 06:00PM - 06:50PM,"Rm 4504, Lift 25-26 (54)","XIANG, Yang",,
MATH,4063,Functional Analysis,3,,L1 (3958),TuTh 10:30AM - 11:50AM,"Rm 1409, Lift 25-26 (60)","JIN, Tianling",,
MATH,4063,Functional Analysis,3,,T1A (3959),Mo 06:00PM - 06:50PM,"Rm 1410, Lift 25-26 (60)","JIN, Tianling",,
MATH,4141,Number Theory and Applications,3,,L1 (3960),MoWe 12:00PM - 01:20PM,"LG6101, Teaching Hub (150)","IP, Ivan Chi Ho",,
MATH,4141,Number Theory and Applications,3,,T1A (3961),Tu 07:00PM - 07:50PM,"Rm 1409, Lift 25-26 (60)","IP, Ivan Chi Ho",,
MATH,4223,Differential Geometry,3,,L1 (3962),TuTh 03:00PM - 04:20PM,"Rm 4579, Lift 27-28 (60)","FONG, Tsz Ho",,
MATH,4223,Differential Geometry,3,,T1A (3963),Tu 06:00PM - 06:50PM,"Rm 6573, Lift 29-30 (88)","FONG, Tsz Ho",,
MATH,4423,Nonparametric Statistics,3,,L1 (3964),Mo 01:30PM - 02:50PM,"Rm 5402, Lift 17-18 (43)","WU, Xiaoran",,
MATH,4423,Nonparametric Statistics,3,,T1A (3965),Th 07:00PM - 07:50PM,"Rm 5402, Lift 17-18 (43)","WU, Xiaoran",,
MATH,4424,Multivariate Analysis,3,,L1 (3966),TuTh 10:30AM - 11:50AM,"Rm 5402, Lift 17-18 (43)","WANG, Ke",,
MATH,4424,Multivariate Analysis,3,,T1A (3967),Mo 07:00PM - 07:50PM,"Rm 2463, Lift 25-26 (42)","WANG, Ke",,
MATH,4427,Loss Models and their Applications,3,,L1 (3968),Mo 04:30PM - 05:50PM,"Rm 4504, Lift 25-26 (54)","LEUNG, Chi Man",,
MATH,4427,Loss Models and their Applications,3,,T1A (3969),Mo 06:00PM - 06:50PM,"Rm 4504, Lift 25-26 (54)","LEUNG, Chi Man",,
MATH,4432,Statistical Machine Learning,3,,L1 (3970),TuTh 01:30PM - 02:50PM,"G001, CYT Bldg (92)","YANG, Can",,
MATH,4432,Statistical Machine Learning,3,,T1A (3972),Tu 07:00PM - 07:50PM,"Rm 4504, Lift 25-26 (54)","YANG, Can",,
MATH,4432,Statistical Machine Learning,3,,T1B (3974),Th 06:00PM - 06:50PM,"Rm 1410, Lift 25-26 (60)","YANG, Can",,
MATH,4511,Quantitative Methods for Fixed Income Derivatives,3,,L1 (3975),WeFr 01:30PM - 02:50PM,"Rm 2306, Lift 17-18 (111)","LEUNG, Chi Man",,
MATH,4511,Quantitative Methods for Fixed Income Derivatives,3,,T1A (3977),We 06:00PM - 06:50PM,"Rm 1410, Lift 25-26 (60)","LEUNG, Chi Man",,
MATH,4511,Quantitative Methods for Fixed Income Derivatives,3,,T1B (3979),Mo 10:00AM - 10:50AM,"Rm 2504, Lift 25-26 (84)","LEUNG, Chi Man",,
MATH,4515,Statistical and Computational Methods in Financial Mathematics,3,,L1 (3980),TuTh 04:30PM - 05:50PM,"Rm 4504, Lift 25-26 (54)","LEUNG, Chi Man",,
MATH,4515,Statistical and Computational Methods in Financial Mathematics,3,,T1A (3981),Tu 06:00PM - 06:50PM,"Rm 4504, Lift 25-26 (54)","LEUNG, Chi Man",,
MATH,4992,Capstone Project in Applied Mathematics,3,,L1 (3982),TuTh 09:00AM - 10:20AM,Rm 3209A,"KU, Yin Bon LEUNG, Shing Yu",,
MATH,4992,Capstone Project in Applied Mathematics,3,,T1A (3983),Mo 09:00AM - 09:50AM,Rm 3209A,"KU, Yin Bon LEUNG, Shing Yu",,
MATH,4993,Capstone Project in Statistics,3,,L1 (3984),TuTh 09:00AM - 10:20AM,"Rm 4504, Lift 25-26 (54)","YU, Chi Wai",,
MATH,4994,Capstone Project in Mathematics and Economics,3,,L1 (3985),MoWe 09:00AM - 10:20AM,"Rm 2463, Lift 25-26 (42)","LEUNG, Chi Man",,
MATH,4995,Capstone Project for Data Science,3,,L1 (3986),TuTh 09:00AM - 10:20AM,"Rm 5402, Lift 17-18 (43)","CAI, Jianfeng",,
MATH,4996,Capstone Project in Financial and Actuarial Mathematics,3,,L1 (3987),TBA,TBA,"LEUNG, Chi Man",,
MATH,5111,Advanced Algebra I,3,,L1 (1618),MoWe 10:30AM - 11:50AM,"Rm 5566, Lift 27-28 (24)","MENG, Guowu",,
MATH,5145,Introduction to Lie Groups,3,,L1 (1619),Fr 09:00AM - 11:50AM,"Rm 2463, Lift 25-26 (42)","JIANG, Qingyuan",,
MATH,5240,Algebraic Topology,3,,L1 (1620),Th 03:00PM - 05:50PM,"Rm 2463, Lift 25-26 (42)","HO, Quoc",,
MATH,5251,Algebraic Geometry I,3,,L1 (1621),Mo 03:00PM - 05:50PM,"Rm 2463, Lift 25-26 (42)","LI, Weiping",,
MATH,5311,Advanced Numerical Methods I,3,,L1 (1623),Mo 03:00PM - 05:50PM,"G009B, CYT Bldg (70)","PENG, Zhichao",,
MATH,5350,Computational Fluid Dynamics for Inviscid Flows,3,,L1 (1624),Tu 06:30PM - 09:20PM,"Rm 5506, Lift 25-26 (30)","XU, Kun",,
MATH,5351,Mathematical Methods in Science and Engineering I,3,,L1 (1625),TuTh 10:30AM - 11:50AM,"Rm 5506, Lift 25-26 (30)","XIANG, Yang",,
MATH,5411,Advanced Probability Theory I,3,,L1 (1626),WeFr 01:30PM - 02:50PM,"Rm 4503, Lift 25-26 (64)","NITZSCHNER, Maximilian Alexander",,
MATH,5431,Advanced Mathematical Statistics I,3,,L1 (1627),We 03:00PM - 05:50PM,"Rm 4502, Lift 25-26 (60)","GUO, Xinzhou",,
MATH,6771,Professional Development Training in Mathematics,1,,T1 (1628),Th 06:30PM - 07:50PM,"Rm 5583, Lift 29-30 (80)","JIN, Tianling",,
MATH,6900A,Mathematics Seminar,1,,T1 (1629),Fr 03:00PM - 03:50PM,Lecture Theater F (150),"JIN, Tianling",,
MATH,6900B,Mathematics Seminar,1,,T1 (1630),Fr 03:00PM - 03:50PM,TBA,"JIN, Tianling",,> Venue : LTF
MATH,6900C,Mathematics Seminar,1,,T1 (1631),Fr 03:00PM - 03:50PM,TBA,"JIN, Tianling",,> Venue : LTF
MATH,6900D,Mathematics Seminar,1,,T1 (1632),Fr 03:00PM - 03:50PM,TBA,"JIN, Tianling",,> Venue : LTF
MATH,6915,Scientific Computation Seminar,1,,T1 (1633),TBA,TBA,"XIANG, Yang",,
MATH,6915A,Scientific Computation Seminar,1,,T1 (1634),TBA,TBA,"XIANG, Yang",,
MATH,6916,Student Seminars on Computation Related Research,1,,T1 (1635),TBA,TBA,"XIANG, Yang",,
MATH,6990,MPhil Thesis Research,0,,R1 (1636),TBA,TBA,TBA,,
MATH,7990,Doctoral Thesis Research,0,,R1 (1637),TBA,TBA,TBA,,
MCEE,5130,Decarbonization Technologies,3,,L1 (1854),We 07:00PM - 09:50PM,"Rm 2465, Lift 25-26 (122)","LAM, Leung Yuk Frank",,
MCEE,5210,Advanced Separation Processes,3,,L1 (1855),Tu 07:00PM - 09:50PM,"Rm 2465, Lift 25-26 (122)","LUO, Tom Zhengtang",,
MCEE,5501,Deep Learning for Chemical and Biological Engineering,3,,L1 (1856),Mo 06:00PM - 08:50PM,"G009A, CYT Bldg (80)","GAO, Hanyu",,
MCEE,5520,Advanced Polymers for Engineers,3,,L1 (1857),Th 07:00PM - 09:50PM,"Rm 3, 30/F, Tower 1,Millennity","KIM, Yoonseob",,
MCEE,5810,Energy Integration and Optimization for Process Industry,3,,L1 (1858),Th 07:00PM - 09:50PM,"Rm 4402, Lift 17-18",TBA,,
MCEE,5820,"Energy, Environment and Sustainable Development",3,,L1 (1859),Fr 12:30PM - 03:20PM,"Rm 2, 30/F, Tower 1,Millennity","YUE, Po Lock",,> MCEE 5820 is not co-listing with JEVE 5820 in Fall 2026-27
MCEE,5830,Electrochemical Energy Technologies,3,,L1 (1860),Mo 07:00PM - 09:50PM,"G012, LSK Bldg (199)","SHAO, Minhua",,
MCEE,5910,Process Reactor Selection and Design,3,,L1 (1861),Fr 07:00PM - 09:50PM,"Rm 2, 30/F, Tower 1,Millennity","MAK, Andrew T C",,
MCEE,6000D,Entrepreneurship of Materials Technologies,3,,L1 (1862),Sa 02:30PM - 05:20PM,TBA,"NG, Ka Ming",,
MCEE,6980A,Independent Project,3,,R1 (4579),TBA,TBA,TBA,,Instructor Consent Required
MCEE,6980B,Independent Project,6,,R1 (4568),TBA,TBA,TBA,,Instructor Consent Required
MECH,1001,Academic and Professional Development I,0,,T1 (3988),01-SEP-2026 - 10-OCT-2026 Fr 01:30PM - 02:50PM,"LTL, CYT Bldg (354)","TAO, Hong",,
MECH,1001,Academic and Professional Development I,0,,T2 (3989),01-SEP-2026 - 10-OCT-2026 Th 01:30PM - 02:50PM,Lecture Theater J (300),"TAO, Hong",,
MECH,1902,Energy Systems in a Sustainable World,3,Common Core (S&T) for 36-credit program Common Core (SA) for 36-credit program,L1 (3993),Mo 03:00PM - 04:20PM,"G009A, CYT Bldg (80)","CHEN, Qing",,
MECH,1910,Foundations of Mechanical and Aerospace Engineering,3,,L1 (3991),01-SEP-2026 - 31-OCT-2026 TuTh 04:30PM - 05:50PM,Lecture Theater J (300),"TAO, Hong",,
MECH,1910,Foundations of Mechanical and Aerospace Engineering,3,,T1 (3994),We 01:30PM - 02:20PM,"LTL, CYT Bldg (354)","TAO, Hong",,
MECH,1910,Foundations of Mechanical and Aerospace Engineering,3,,LA1 (4037),26-OCT-2026 - 30-NOV-2026 We 06:00PM - 07:50PM,"Rm 2136, Lift 22","TAO, Hong",,
MECH,1910,Foundations of Mechanical and Aerospace Engineering,3,,LA2 (4039),26-OCT-2026 - 30-NOV-2026 Fr 03:30PM - 05:20PM,"Rm 2136, Lift 22","TAO, Hong",,
MECH,1910,Foundations of Mechanical and Aerospace Engineering,3,,LA3 (4040),26-OCT-2026 - 30-NOV-2026 Tu 01:00PM - 02:50PM,"Rm 2136, Lift 22","TAO, Hong",,
MECH,1910,Foundations of Mechanical and Aerospace Engineering,3,,LA4 (4041),26-OCT-2026 - 30-NOV-2026 Mo 03:00PM - 04:50PM,"Rm 2136, Lift 22","TAO, Hong",,
MECH,1910,Foundations of Mechanical and Aerospace Engineering,3,,LA5 (4042),26-OCT-2026 - 30-NOV-2026 Mo 11:00AM - 12:50PM,"Rm 2136, Lift 22","TAO, Hong",,
MECH,1910,Foundations of Mechanical and Aerospace Engineering,3,,LA6 (4043),26-OCT-2026 - 30-NOV-2026 We 03:00PM - 04:50PM,"Rm 2136, Lift 22","TAO, Hong",,
MECH,2002,Academic and Professional Development II,0,,T1 (3990),01-SEP-2026 - 10-OCT-2026 Th 01:30PM - 02:50PM,TBA,"TAO, Hong",,> Classes held in LTJ
MECH,2007,Aerospace Engineering: Principles and Systems,3,,L1 (3996),TuTh 03:00PM - 04:20PM,"Rm 2302, Lift 17-18 (74)","GAO, Zhenyu",,
MECH,2020,Statics and Dynamics,3,,L1 (3997),MoWe 09:00AM - 10:20AM,Lecture Theater D (216),"MA, Lok Wang",,
MECH,2020,Statics and Dynamics,3,,T1 (3998),Th 06:00PM - 06:50PM,Lecture Theater C (211),"MA, Lok Wang",,
MECH,2310,Thermodynamics,3,,L1 (3999),TuTh 09:00AM - 10:20AM,"Rm 2407, Lift 17-18 (126)","ZHOU, Yanguang",,
MECH,2310,Thermodynamics,3,,L2 (4001),Mo 01:30PM - 02:50PM,"Rm 2465, Lift 25-26 (122)","FU, Lin",,
MECH,2310,Thermodynamics,3,,T1 (4003),Tu 06:00PM - 06:50PM,"Rm 2306, Lift 17-18 (111)","ZHOU, Yanguang",,
MECH,2310,Thermodynamics,3,,T2 (4005),Mo 05:00PM - 05:50PM,"Rm 2306, Lift 17-18 (111)","FU, Lin",,
MECH,3030,Mechanisms of Machinery,3,,L1 (4006),TuTh 04:30PM - 05:50PM,"Rm 2464, Lift 25-26 (122)","LU, Yanglong",,
MECH,3030,Mechanisms of Machinery,3,,T1 (4007),Fr 09:30AM - 10:20AM,"Rm 4621, Lift 31-32 (126)","LU, Yanglong",,
MECH,3300,Energy Conversion,3,,L1 (4010),TuTh 10:30AM - 11:50AM,"Rm 2406, Lift 17-18 (76)","ZHENG, Qiye",,
MECH,3300,Energy Conversion,3,,T1 (4011),Mo 06:00PM - 06:50PM,"Rm 2406, Lift 17-18 (76)","ZHENG, Qiye",,
MECH,3310,Heat Transfer,3,,L1 (4012),TuTh 03:00PM - 04:20PM,"Rm 2464, Lift 25-26 (122)","YAO, Shuhuai",,
MECH,3310,Heat Transfer,3,,T1 (4013),Th 06:00PM - 06:50PM,"Rm 2502, Lift 25-26 (120)","YAO, Shuhuai",,
MECH,3400,Introduction to Engineering Composite Materials,3,,L1 (4014),WeFr 03:00PM - 04:20PM,"Rm 1527, Lift 22 (74)","SHI, Fan",,
MECH,3400,Introduction to Engineering Composite Materials,3,,T1 (4015),We 09:30AM - 10:20AM,"Rm 2404, Lift 17-18 (81)","SHI, Fan",,
MECH,3420,Engineering Materials II,3,[BLD] Blended learning,L1 (4016),TuTh 10:30AM - 11:50AM,"Rm 6602, Lift 31-32 (60)","TAO, Hong",,> The class is delivered in a blended learning mode
MECH,3420,Engineering Materials II,3,[BLD] Blended learning,T1 (4017),Mo 03:30PM - 04:20PM,"Rm 4502, Lift 25-26 (60)","TAO, Hong",,
MECH,3610,Control Principles,3,,L1 (4018),04-SEP-2026 - 02-OCT-2026 Mo 04:30PM - 05:50PM,Lecture Theater B (317),"HU, Wenqi",,
MECH,3610,Control Principles,3,,T1 (4020),We 06:00PM - 06:50PM,"LG6101, Teaching Hub (150)","HU, Wenqi",,
MECH,3610,Control Principles,3,,LA1 (4019),Tu 01:00PM - 02:50PM,"Rm 4225C, Lift 23, 24","HU, Wenqi",,
MECH,3640,Aerodynamics,3,,L1 (4021),Mo 01:30PM - 02:50PM,"Rm 5620, Lift 31-32 (70)","LI, Larry",,
MECH,3640,Aerodynamics,3,,T1 (4022),Tu 06:00PM - 06:50PM,"Rm 2404, Lift 17-18 (81)","LI, Larry",,
MECH,3650,Aircraft Structural Analysis,3,,L1 (4023),MoWe 12:00PM - 01:20PM,"Rm 2302, Lift 17-18 (74)","YANG, Jinglei",,
MECH,3650,Aircraft Structural Analysis,3,,T1 (4024),Th 04:30PM - 05:20PM,"Rm 2504, Lift 25-26 (84)","YANG, Jinglei",,
MECH,3670,Aircraft Performance and Stability,3,,L1 (4025),WeFr 01:30PM - 02:50PM,"Rm 4504, Lift 25-26 (54)","REDONNET, Stephane",,
MECH,3670,Aircraft Performance and Stability,3,,T1 (4026),Mo 06:00PM - 06:50PM,"Rm 5583, Lift 29-30 (80)","REDONNET, Stephane",,
MECH,3710,Manufacturing Processes and Systems,3,,L1 (4027),We 09:00AM - 11:50AM,"Rm 1409, Lift 25-26 (60)","LAM, David",,
MECH,3710,Manufacturing Processes and Systems,3,,T1 (4028),Mo 06:00PM - 06:50PM,"Rm 2404, Lift 17-18 (81)","LAM, David",,
MECH,3750,"Vibration, Control and Programming",3,,L1 (4029),We 09:00AM - 11:50AM,"Rm 4579, Lift 27-28 (60)","YANG, Zhengbao",,
MECH,4360,Introduction to Intelligent Building Systems,3,,L1 (4030),WeFr 04:30PM - 05:50PM,"Rm 2304, Lift 17-18 (76)","HUANG, Baoling",,
MECH,4450,Introduction to Finite Element Analysis,3,,L1 (4031),WeFr 01:30PM - 02:50PM,"Rm 2304, Lift 17-18 (76)",TBA,,
MECH,4740,Numerical Methods in Engineering,3,,L1 (4032),WeFr 01:30PM - 02:50PM,"Rm 6591, Lift 31-32 (88)","ZHANG, Xiaotian",,
MECH,4740,Numerical Methods in Engineering,3,,T1 (4033),Mo 01:30PM - 02:20PM,"Rm 6555, Lift 29-30 (88)","ZHANG, Xiaotian",,
MECH,4900,Final Year Design Project,6,,R1 (4034),TBA,TBA,TBA,,> The credit load will usually be spread in the following pattern: Fall: 3; Spring: 3
MECH,4950,Co-op Program,6,,LA1 (4035),TBA,TBA,TBA,,Instructor Consent Required
MECH,4980,Final Year Aerospace Design Project,6,,R1 (4036),TBA,TBA,TBA,,> The credit load will usually be spread in the following pattern: Fall: 3; Spring: 3
MECH,5010,Foundation of Solid Mechanics,3,,L1 (1638),Tu 06:30PM - 09:20PM,"Rm 5560, Lift 27-28 (30)","CHEN, Yangyang",,
MECH,5210,Fluid Dynamics,3,,L1 (1639),Tu 03:00PM - 05:50PM,"Rm 5508, Lift 25-26 (30)","LI, Zhigang",,
MECH,5430,Thermodynamics and Kinetics of Materials,3,,L1 (1640),Fr 01:30PM - 04:20PM,"Rm 5506, Lift 25-26 (30)","MA, Lok Wang",,
MECH,5550,Precision Machining,3,,L1 (1641),Mo 07:00PM - 09:50PM,"Rm 5506, Lift 25-26 (30)","GAO, Yongsheng",,
MECH,5940,Continuum Mechanics for Crystalline Solids,3,,L1 (1642),Th 03:00PM - 05:50PM,"Rm 5506, Lift 25-26 (30)","CHEN, Sherry",,
MECH,5950,Introduction to Microsystems: Technology and Devices,3,,L1 (1643),Th 06:30PM - 09:20PM,"Rm 2126D, Lift 19 (34)","LEE, Yi-Kuen",,
MECH,5961,Acoustics and Aeroacoustics,3,,L1 (1644),We 10:30AM - 01:20PM,"Rm 1033, LSK Bldg (51)","ZHANG, Xin",,
MECH,6090E,Seminar in Mechanical Engineering,0,,L1 (1645),TBA,TBA,"ZHOU, Yanguang",,
MECH,6910X,Fundamentals and Applications of Solid-state Elastocaloric Refrigeration Technology,3,,L1 (1646),Th 07:00PM - 09:50PM,"Rm 5508, Lift 25-26 (30)","SUN, Qingping",,
MECH,6910Y,Advanced Computational Design and Manufacturing,3,,L1 (1647),We 06:30PM - 09:20PM,"Rm 5560, Lift 27-28 (30)","CHEN, Yong",,
MECH,6950C,Independent Studies,1,,R1 (1648),TBA,TBA,TBA,,
MECH,6990,MPhil Thesis Research,0,,R1 (1649),TBA,TBA,TBA,,
MECH,7990,Doctoral Thesis Research,0,,R1 (1650),TBA,TBA,TBA,,
MESF,5010,Foundation of Solid Mechanics,3,,L1 (1863),Th 07:00PM - 09:50PM,"Rm 2464, Lift 25-26 (122)","CHEN, Sherry",,
MESF,5210,Fluid Dynamics,3,,L1 (1864),Fr 07:00PM - 09:50PM,"Rm 2306, Lift 17-18 (111)","LI, Zhigang",,> MESF 5210 is not co-listing with AESF 5210 in Fall 2026-27
MESF,5370,Composites and Nanocomposites,3,,L1 (1865),05-SEP-2026 - 24-OCT-2026 Sa 10:00AM - 12:50PM,"Rm 2306, Lift 17-18 (111)","TAO, Hong",,
MESF,5430,Thermodynamics and Kinetics of Materials,3,,L1 (1866),Tu 07:00PM - 09:50PM,"Rm 4621, Lift 31-32 (126)","MA, Lok Wang",,
MESF,5570,Precision Machining,3,,L1 (1867),We 07:00PM - 09:50PM,"Rm 2306, Lift 17-18 (111)","GAO, Yongsheng",,
MESF,5970,"Smart Materials, Sensors and Transducers",3,,L1 (1868),01-SEP-2026 - 29-SEP-2026 Tu 07:00PM - 09:50PM,Lecture Theater F (150),"YANG, Zhengbao",,
MESF,6910P,Electrochemical Processes and Systems,3,,L1 (1869),Mo 07:00PM - 09:50PM,"Rm 2407, Lift 17-18 (126)","CHEN, Qing",,
MESF,6950A,Independent Project,3,,R1 (4584),TBA,TBA,TBA,,Instructor Consent Required
MESF,6950C,Independent Project,6,,R1 (4574),TBA,TBA,TBA,,Instructor Consent Required
MFIT,5002,Blockchain,2,,L1 (4481),28-OCT-2026 - 09-DEC-2026 We 12:30PM - 03:50PM,"Rm 1, 30/F, Tower 1,Millennity","PAPADOPOULOS, Dimitris",,> For MSc(FinTech) students only > Add/Drop Deadline : 02-Nov-2026 Instructor Consent Required
MFIT,5002,Blockchain,2,,L2 (4482),28-OCT-2026 - 09-DEC-2026 We 07:00PM - 10:20PM,"Rm 6573, Lift 29-30 (88)","PAPADOPOULOS, Dimitris",,"> For MSc(FinTech) students only > Add/Drop Deadline : 02-Nov-2026 > Class held in G012, LSK Bldg on 16-Dec-2026 Instructor Consent Required"
MFIT,5003,Data Analysis,2,,L1 (1349),27-AUG-2026 - 15-OCT-2026 Th 07:00PM - 10:20PM,"Rm 5403, Lift 17-18 (134)","GUO, Xinzhou",,> For MSc(FinTech) students only > Will have normal class on 01-Oct-2026 > Add/Drop Deadline : 31-Aug-2026 Instructor Consent Required
MFIT,5005,Foundations of FinTech,2,,L1 (1350),28-AUG-2026 - 16-OCT-2026 Fr 07:00PM - 10:20PM,"G010, CYT Bldg (140)","ZHANG, Xiaowei",,> For MSc(FinTech) students only > Add/Drop Deadline : 31-Aug-2026 Instructor Consent Required
MFIT,5006,Mathematical Foundation of FinTech,2,,L1 (1348),26-AUG-2026 - 14-OCT-2026 We 07:00PM - 10:20PM,"Rm 6573, Lift 29-30 (88)","MARBERG, Eric Paul",,> For MSc(FinTech) students only > Add/Drop Deadline : 31-Aug-2026 Instructor Consent Required
MFIT,5008,Decision Analytics for FinTech,3,,L1 (1351),Mo 07:00PM - 09:50PM,"Rm 2306, Lift 17-18 (111)","MA, Ka Chun",,> For MSc(FinTech) students only
MFIT,5011,Statistical Methods in Finance,3,,L1 (1352),Tu 07:00PM - 09:50PM,"Rm 2306, Lift 17-18 (111)","YE, Guibo",,> For MSc(FinTech) students only
MFIT,5012,FinTech Enrichment Workshops,0,,R1 (4556),TBA,TBA,TBA,,Instructor Consent Required
MGCS,5008,The Economic and Political Development of Modern Japan,3,,L1 (1896),Fr 06:30PM - 09:20PM,"Rm 4579, Lift 27-28 (60)","HE, Wenkai",,> For MSc(GCS) students only
MGCS,5010,Introduction to Social Statistics,3,,L1 (1897),Tu 06:30PM - 08:20PM,"Rm 1007, LSK Bldg (80)","SIU, Nicolson",,> For MSc(GCS) students only > MGCS 5010 is not co-listing with MASS 5020 in Fall 2026-27
MGCS,5010,Introduction to Social Statistics,3,,T1 (1898),Tu 08:30PM - 09:20PM,"LG4102, Teaching Hub (60)","SIU, Nicolson",,
MGCS,5022,Political Economy of China,3,,L1 (1899),Th 06:30PM - 09:20PM,"Rm 1032, LSK Bldg (45)","ZHANG, Dong",,> For MSc(GCS) students only
MGCS,5520,Comparative Politics,3,[BLD] Blended learning,L1 (1901),We 06:30PM - 09:20PM,"LG3008, Lift 10-12 (82)","WONG, James K.",,> For MSc(GCS) students only > The class is delivered in a conventional face-to-face mode
MGCS,5880,Growing Up the Chinese Way,3,,L1 (1902),Th 10:00AM - 12:50PM,"Rm 3020, Lift 2","YIK, Michelle",,> For MSc(GCS) students only
MGCS,6000B,Traditional Chinese Literary Theory and Criticism,3,[PU] Putonghua [C] Require Chinese reading,L1 (4520),Mo 12:00PM - 02:50PM,"Rm 3020, Lift 2","LI, Siya",,> For MSc(GCS) students only
MGCS,6001C,The Scientific Revolution (1450 to 1750),3,,L1 (1903),Fr 03:30PM - 06:20PM,"Rm 2, 30/F, Tower 1,Millennity","CABOARA, Marco",,> For MSc(GCS) students only
MGCS,6001D,China and the Middle East,3,,L1 (1904),Mo 06:30PM - 09:20PM,"Rm 2, 30/F, Tower 1,Millennity",TBA,,> For MSc(GCS) students only
MGCS,6200,Independent Study,3,,R1 (1905),TBA,TBA,"WEI, Jinlin",,> For MSc(GCS) students only
MGCS,6980,Research Project in Global China Studies I,6,,R1 (1906),TBA,TBA,"WEI, Jinlin",,> For MSc(GCS) students only
MGCS,6982,Research Project in Global China Studies II,6,,R1 (1907),TBA,TBA,"LEE, James",,> For MSc(GCS) students only
MGMT,1110,Introduction to Management,3,Common Core (SA) for 36-credit program Common Core (SA) for 30-credit prog in 22-24 Common Core (SA) for 30-credit prog in 25 Common Core (SA) for 30-credit prog fr 26,L1 (4044),We 10:30AM - 01:20PM,"Rm 1009, LSK Bldg (80)","CHOI, Tina",,
MGMT,1110,Introduction to Management,3,Common Core (SA) for 36-credit program Common Core (SA) for 30-credit prog in 22-24 Common Core (SA) for 30-credit prog in 25 Common Core (SA) for 30-credit prog fr 26,L2 (4045),We 03:00PM - 05:50PM,"Rm 1009, LSK Bldg (80)","CHOI, Tina",,
MGMT,1130,Traps and Pitfalls in Judgment and Decision Making,3,Common Core (SA) for 36-credit program Common Core (SSC-SA) for 36-credit program Common Core (SA) for 30-credit prog in 22-24 Common Core (SA) for 30-credit prog in 25 Common Core (SA) for 30-credit prog fr 26,L1 (4046),WeFr 03:00PM - 04:20PM,"Rm 1007, LSK Bldg (80)","NG, Ka Man",,
MGMT,1130,Traps and Pitfalls in Judgment and Decision Making,3,Common Core (SA) for 36-credit program Common Core (SSC-SA) for 36-credit program Common Core (SA) for 30-credit prog in 22-24 Common Core (SA) for 30-credit prog in 25 Common Core (SA) for 30-credit prog fr 26,L2 (4047),WeFr 01:30PM - 02:50PM,"Rm 1007, LSK Bldg (80)","NG, Ka Man",,
MGMT,1130,Traps and Pitfalls in Judgment and Decision Making,3,Common Core (SA) for 36-credit program Common Core (SSC-SA) for 36-credit program Common Core (SA) for 30-credit prog in 22-24 Common Core (SA) for 30-credit prog in 25 Common Core (SA) for 30-credit prog fr 26,L3 (4048),WeFr 04:30PM - 05:50PM,"Rm 1007, LSK Bldg (80)","NG, Ka Man",,
MGMT,2010,Business Ethics and the Individual,2,,L01 (4049),Fr 04:00PM - 05:50PM,"Rm 1009, LSK Bldg (80)","COOMBES, John",,
MGMT,2010,Business Ethics and the Individual,2,,L02 (4050),Tu 11:00AM - 12:50PM,"Rm 2504, Lift 25-26 (84)","COOMBES, John",,
MGMT,2010,Business Ethics and the Individual,2,,L03 (4051),Fr 02:00PM - 03:50PM,"Rm 1009, LSK Bldg (80)","COOMBES, John",,
MGMT,2010,Business Ethics and the Individual,2,,L04 (4052),Tu 09:00AM - 10:50AM,"Rm 2504, Lift 25-26 (84)","COOMBES, John",,
MGMT,2010,Business Ethics and the Individual,2,,L05 (4053),Fr 12:00PM - 01:50PM,"Rm 1009, LSK Bldg (80)","COOMBES, John",,
MGMT,2010,Business Ethics and the Individual,2,,L06 (4054),We 03:00PM - 04:50PM,"Rm 1010, LSK Bldg (80)","CHOI, Joon Nak",,
MGMT,2010,Business Ethics and the Individual,2,,L07 (4055),We 05:00PM - 06:50PM,"Rm 1010, LSK Bldg (80)","CHOI, Joon Nak",,
MGMT,2010,Business Ethics and the Individual,2,,L08 (4056),Tu 01:30PM - 03:20PM,"Rm 1527, Lift 22 (74)","YOUNG, Mark",,
MGMT,2010,Business Ethics and the Individual,2,,L09 (4057),Tu 04:00PM - 05:50PM,"Rm 1010, LSK Bldg (80)","YOUNG, Mark",,
MGMT,2010,Business Ethics and the Individual,2,,L10 (4058),Mo 12:00PM - 01:50PM,"Rm 1014, LSK Bldg (80)","YOUNG, Mark",,
MGMT,2010,Business Ethics and the Individual,2,,L11 (4059),Mo 02:00PM - 03:50PM,"Rm 1014, LSK Bldg (80)","YOUNG, Mark",,
MGMT,2010,Business Ethics and the Individual,2,,L12 (4060),Mo 04:00PM - 05:50PM,"Rm 1014, LSK Bldg (80)","YOUNG, Mark",,
MGMT,2011,New Venture Creation,3,,L1 (4061),Tu 09:00AM - 11:50AM,"Rm 1027, LSK Bldg (40)","ZHENG, Yanfeng",,Instructor Consent Required
MGMT,2110,Organizational Behavior,3,,L01 (4062),MoWe 12:00PM - 01:20PM,"Rm 6573, Lift 29-30 (88)","CHAO, Melody Manchi",,
MGMT,2110,Organizational Behavior,3,,L02 (4063),TuTh 04:30PM - 05:50PM,"Rm 1009, LSK Bldg (80)","WONG, Kin Fai Ellick",,
MGMT,2110,Organizational Behavior,3,,L03 (4064),TuTh 12:00PM - 01:20PM,"Rm 1010, LSK Bldg (80)","WONG, Kin Fai Ellick",,
MGMT,2110,Organizational Behavior,3,,L04 (4065),MoWe 09:00AM - 10:20AM,"Rm 1009, LSK Bldg (80)","JEONG, Martha",,
MGMT,2110,Organizational Behavior,3,,L05 (4066),WeFr 01:30PM - 02:50PM,"Rm 1010, LSK Bldg (80)","JEONG, Martha",,
MGMT,2110,Organizational Behavior,3,,L06 (4067),Mo 04:30PM - 05:50PM,"Rm 1010, LSK Bldg (80)","JEONG, Martha",,
MGMT,2110,Organizational Behavior,3,,L07 (4068),WeFr 03:00PM - 04:20PM,"G009B, CYT Bldg (70)",TBA,,"> Instructor : Prof. BANERJEE, Gargi"
MGMT,2110,Organizational Behavior,3,,L08 (4069),WeFr 04:30PM - 05:50PM,"Rm 1011, LSK Bldg (80)",TBA,,"> Instructor : Prof. BANERJEE, Gargi"
MGMT,2110,Organizational Behavior,3,,L09 (4070),TuTh 01:30PM - 02:50PM,"Rm 2302, Lift 17-18 (74)","LIU, Haibo",,
MGMT,2110,Organizational Behavior,3,,L10 (4071),TuTh 10:30AM - 11:50AM,"G009B, CYT Bldg (70)","LIU, Haibo",,
MGMT,2130,Business Ethics and Social Responsibility,2,,L01 (4072),Th 09:00AM - 10:50AM,"Rm 1014, LSK Bldg (80)","BROWN, Zachariah",,
MGMT,2130,Business Ethics and Social Responsibility,2,,L02 (4073),Mo 03:00PM - 04:50PM,"Rm 1011, LSK Bldg (80)","BROWN, Zachariah",,
MGMT,2130,Business Ethics and Social Responsibility,2,,L03 (4074),Mo 11:00AM - 12:50PM,"Rm 1009, LSK Bldg (80)","BROWN, Zachariah",,
MGMT,2130,Business Ethics and Social Responsibility,2,,L04 (4075),Mo 09:00AM - 10:50AM,"Rm 1007, LSK Bldg (80)","BROWN, Zachariah",,
MGMT,2130,Business Ethics and Social Responsibility,2,,L05 (4076),Tu 09:30AM - 11:20AM,"Rm 1014, LSK Bldg (80)","KOC, Joseph",,
MGMT,2130,Business Ethics and Social Responsibility,2,,L06 (4077),Tu 11:30AM - 01:20PM,"Rm 1014, LSK Bldg (80)","KOC, Joseph",,
MGMT,2130,Business Ethics and Social Responsibility,2,,L07 (4078),Tu 02:00PM - 03:50PM,"Rm 1007, LSK Bldg (80)","KOC, Joseph",,
MGMT,2130,Business Ethics and Social Responsibility,2,,L08 (4079),Tu 04:00PM - 05:50PM,"Rm 1007, LSK Bldg (80)","KOC, Joseph",,
MGMT,2130,Business Ethics and Social Responsibility,2,,L09 (4080),We 10:00AM - 11:50AM,"Rm 1010, LSK Bldg (80)","KOC, Joseph",,
MGMT,2130,Business Ethics and Social Responsibility,2,,L10 (4081),Fr 10:30AM - 12:20PM,"Rm 1014, LSK Bldg (80)",TBA,,"> Instructor : Prof. BANERJEE, Gargi"
MGMT,2130,Business Ethics and Social Responsibility,2,,L11 (4082),Fr 12:30PM - 02:20PM,"G009B, CYT Bldg (70)",TBA,,"> Instructor : Prof. BANERJEE, Gargi"
MGMT,3110,Human Resources Management,4,,L1 (4083),TuTh 09:00AM - 10:20AM,"G009A, CYT Bldg (80)","MA, Jingjing",,
MGMT,3110,Human Resources Management,4,,L2 (4085),TuTh 03:00PM - 04:20PM,"Rm 1409, Lift 25-26 (60)","MA, Jingjing",,
MGMT,3110,Human Resources Management,4,,T1 (4087),TBA,TBA,"MA, Jingjing",,
MGMT,3110,Human Resources Management,4,,T2 (4089),TBA,TBA,"MA, Jingjing",,
MGMT,3120,Managerial Leadership,4,,L1 (4090),TuTh 12:00PM - 01:20PM,"Rm 4579, Lift 27-28 (60)","MA, Jingjing",,
MGMT,3120,Managerial Leadership,4,,T1 (4091),TBA,TBA,"MA, Jingjing",,
MGMT,3140,Negotiation,4,,L1 (4092),TuTh 10:30AM - 11:50AM,"Rm 1003, LSK Bldg (75)","NASON, Stephen William",,
MGMT,3140,Negotiation,4,,L2 (4094),TuTh 03:00PM - 04:20PM,"Rm 1003, LSK Bldg (75)","NASON, Stephen William",,
MGMT,3140,Negotiation,4,,L3 (4096),TuTh 09:00AM - 10:20AM,"Rm 1003, LSK Bldg (75)","NASON, Stephen William",,
MGMT,3140,Negotiation,4,,T1 (4098),TBA,TBA,"NASON, Stephen William",,
MGMT,3140,Negotiation,4,,T2 (4100),TBA,TBA,"NASON, Stephen William",,
MGMT,3140,Negotiation,4,,T3 (4101),TBA,TBA,"NASON, Stephen William",,
MGMT,4210,Corporate Strategy,3,,L1 (4102),Th 09:00AM - 11:50AM,"Rm 2504, Lift 25-26 (84)","LI, Ying",,
MGMT,4210,Corporate Strategy,3,,L2 (4103),Mo 12:00PM - 02:50PM,"Rm 2504, Lift 25-26 (84)","LI, Ying",,
MGMT,4210,Corporate Strategy,3,,L3 (4104),Th 01:30PM - 04:20PM,"Rm 4580, Lift 27-28 (83)","LI, Ying",,
MGMT,4220,Entrepreneurship and Innovation,4,,L1 (4105),Th 01:30PM - 04:20PM,"Rm 2504, Lift 25-26 (84)","ZHENG, Yanfeng",,
MGMT,4220,Entrepreneurship and Innovation,4,,L2 (4107),Th 09:00AM - 11:50AM,"Rm 4580, Lift 27-28 (83)","ZHENG, Yanfeng",,
MGMT,4220,Entrepreneurship and Innovation,4,,T1 (4109),TBA,TBA,"ZHENG, Yanfeng",,
MGMT,4220,Entrepreneurship and Innovation,4,,T2 (4111),TBA,TBA,"ZHENG, Yanfeng",,
MGMT,4230,International Management,4,,L1 (4112),We 10:30AM - 01:20PM,"Rm 1014, LSK Bldg (80)","LI, J.T.",,
MGMT,4230,International Management,4,,L2 (4114),We 03:00PM - 05:50PM,"Rm 1014, LSK Bldg (80)","LI, J.T.",,
MGMT,4230,International Management,4,,T1 (4116),TBA,TBA,"LI, J.T.",,
MGMT,4230,International Management,4,,T2 (4118),TBA,TBA,"LI, J.T.",,
MGMT,4250,Management Consulting,3,,L1 (4119),We 12:00PM - 02:50PM,"Rm 1032, LSK Bldg (45)","CHOI, Joon Nak KOC, Joseph",,
MGMT,4270,Training and Development,3,,L1 (4120),TuTh 01:30PM - 02:50PM,"Rm 1010, LSK Bldg (80)","NG, Ka Man",,
MGMT,4280,Transnational Legal Issues and Dispute Settlement,3,,L1 (4121),Tu 01:30PM - 04:20PM,"Rm 1014, LSK Bldg (80)","TO, Christopher",,
MGMT,4310,"Power, Influence, and Persuasion",3,,L1 (4122),Th 03:00PM - 05:50PM,"Rm 1007, LSK Bldg (80)","BROWN, Zachariah YOUNG, Mark",,Instructor Consent Required
MGMT,5110,Managerial Communication,2,,L1 (1654),25-AUG-2026 - 06-OCT-2026 Tu 09:30AM - 12:50PM,"Rm 1, 31/F, Tower 1,Millennity","NEW, Mitya",,> For MSc(GO) students only > Add/Drop Deadline : 31-Aug-2026
MGMT,5110,Managerial Communication,2,,L2 (1655),25-AUG-2026 - 06-OCT-2026 Tu 02:30PM - 05:50PM,"Rm 1, 31/F, Tower 1,Millennity","NEW, Mitya",,> For MSc(GO) students only > Add/Drop Deadline : 31-Aug-2026
MGMT,5110,Managerial Communication,2,,L3 (1656),26-AUG-2026 - 07-OCT-2026 We 09:30AM - 12:50PM,"Rm 1, 31/F, Tower 1,Millennity","NEW, Mitya",,> For MSc(GO) students only > Add/Drop Deadline : 31-Aug-2026
MGMT,5110,Managerial Communication,2,,L4 (1657),26-AUG-2026 - 07-OCT-2026 We 02:30PM - 05:50PM,"Rm 1, 31/F, Tower 1,Millennity","NEW, Mitya",,"> For MSc(GO) students only > Venue on 17-Oct-2026 : MSc Learning Hub Classroom 1, 2 and 3 > Add/Drop Deadline : 31-Aug-2026"
MGMT,5230,Management of Organizations,2,[BLD] Blended learning,L1 (1662),29-AUG-2026 - 17-OCT-2026 Sa 02:00PM - 05:30PM,"Rm 1001, LSK Bldg (75)","NASON, Stephen William",,> The class is delivered in a conventional face-to-face mode > For FT-MBA; PT-MBA; MBA (Bi-weekly); Digital MBA and MBA Exchange students only > Add/Drop Deadline : 31-Aug-2026
MGMT,5410,Strategic Management,2,[BLD] Blended learning,L1 (1658),28-AUG-2026 - 18-SEP-2026 Fr 07:00PM - 10:20PM,"Rm 2003, LSK Bldg","WANG, Danqing",,> The class is delivered in a conventional face-to-face mode > For MSc(FOFB) students only > Add/Drop Deadline : 31-Aug-2026
MGMT,5410,Strategic Management,2,[BLD] Blended learning,L2 (1660),29-AUG-2026 - 29-AUG-2026 Sa 09:30AM - 01:00PM,"Rm 1005, LSK Bldg (75)","SULLIVAN, Bilian NI",,> The class is delivered in a conventional face-to-face mode > For MBA (Bi-weekly) Year 2 or above students only > Add/Drop Deadline : 31-Aug-2026
MGMT,5490,Judgment in Managerial Decision Making,2,,L1 (1664),30-AUG-2026 - 30-AUG-2026 Su 09:00AM - 12:30PM,"Rm 2001, LSK Bldg","WONG, Kin Fai Ellick",,> For FT-MBA; PT-MBA; MBA (Bi-weekly); Digital MBA and MBA Exchange students only > Add/Drop Deadline : 31-Aug-2026
MGMT,5550,Effective Negotiations,2,,L1 (1676),28-OCT-2026 - 16-DEC-2026 We 09:30AM - 01:00PM,"Rm 2003, LSK Bldg","NASON, Stephen William",,> For FT-MBA and MBA Exchange students only > Add/Drop Deadline : 02-Nov-2026
MGMT,5550,Effective Negotiations,2,,L2 (1659),28-AUG-2026 - 16-OCT-2026 Fr 02:00PM - 05:20PM,"Rm 2003, LSK Bldg","NASON, Stephen William",,> For MSc(IMT) students only > Add/Drop Deadline : 31-Aug-2026
MGMT,5550,Effective Negotiations,2,,L3 (1663),29-AUG-2026 - 17-OCT-2026 Sa 09:00AM - 12:30PM,TBA,"BITTERLY, Thomas Bradford",,> For FT-MBA; PT-MBA; MBA (Bi-weekly); Digital MBA and MBA Exchange students only > Add/Drop Deadline : 31-Aug-2026
MGMT,5590,Responsible Leadership,2,,L1 (1665),30-AUG-2026 - 30-AUG-2026 Su 09:00AM - 12:30PM,"Rm 2003, LSK Bldg","NEW, Mitya",,> For Part-time MBA (Bi-weekly) students only > Add/Drop Deadline : 31-Aug-2026
MGMT,5760,Management Consulting,2,,L1 (1673),27-OCT-2026 - 15-DEC-2026 Tu 07:00PM - 10:20PM,"Rm 3, 31/F, Tower 1,Millennity","DORAN, Christopher",,> For MSc(BA) students only > Add/Drop Deadline : 02-Nov-2026
MGMT,5760,Management Consulting,2,,L2 (1677),28-OCT-2026 - 16-DEC-2026 We 07:00PM - 10:30PM,TBA,"DORAN, Christopher",,> For FT-MBA; PT-MBA Year 2 or above; MBA (Bi-weekly) Year 2 or above; Digital MBA Year 3 or above and MBA Exchange students only > Add/Drop Deadline : 29-Oct-2026
MGMT,5820,Global Leadership and Governance,2,,L1 (1681),01-NOV-2026 - 01-NOV-2026 Su 09:00AM - 12:30PM,"Rm 2001, LSK Bldg","DEKREY, Steven John",,> For FT-MBA; PT-MBA; MBA (Bi-weekly); Digital MBA and MBA Exchange students only > Add/Drop Deadline : 02-Nov-2026
MGMT,5883,Managing Creativity and Innovation,1,,L1 (1670),22-SEP-2026 - 13-OCT-2026 Tu 07:00PM - 10:30PM,TBA,"GONG, Yaping",,> For FT-MBA; PT-MBA; MBA (Bi-weekly); Digital MBA and MBA Exchange students only > Add/Drop Deadline : 28-Sep-2026
MGMT,5960,Achieving High Performance in Teams,2,,L1 (1674),27-OCT-2026 - 15-DEC-2026 Tu 09:15AM - 12:35PM,"Rm 1, 31/F, Tower 1,Millennity","NEW, Mitya",,> For MSc(IMT) students only > Add/Drop Deadline : 02-Nov-2026
MGMT,5983,Introduction to Management,2,,L1 (1651),13-AUG-2026 - 15-AUG-2026 ThFrSa 02:00PM - 05:20PM,"Rm 1001, LSK Bldg (75)","ZHELYAZKOV, Pavel Ivanov",,> For MSc(IMT) students only > Add/Drop Deadline : 13-Aug-2026
MGMT,5986,Digital Transformation in the Exponential Age,1,[RTO] Real-time online delivery,L1 (1761),27-AUG-2026 - 17-SEP-2026 Th 07:00PM - 10:30PM,TBA,TBA,,"> The class is delivered in a conventional face-to-face mode > Instructor : Prof. WONG, Dan > For FT-MBA; PT-MBA; MBA (Bi-weekly); Digital MBA and MBA Exchange students only > Venue : Business School Central in Admiralty, 4/F United Centre, 95 Queensway, Admiralty, Hong Kong > Add/Drop Deadline : 31-Aug-2026"
MGMT,5988,Effective People Decisions and Career Management: Unlocking Talent and Personal Success,2,,L1 (1763),29-OCT-2026 - 17-DEC-2026 Th 07:00PM - 10:30PM,TBA,TBA,,"> For FT-MBA; PT-MBA; MBA (Bi-weekly); Digital MBA and MBA Exchange students only > Instructor : Prof. KING, Bill > Venue : Business School Central in Admiralty, 4/F United Centre, 95 Queensway, Admiralty, Hong Kong > Add/Drop Deadline : 02-Nov-2026"
MGMT,5992,Communication for Business Leaders,1,,L1 (1671),26-OCT-2026 - 02-NOV-2026 Mo 02:00PM - 05:30PM,"Rm 2003, LSK Bldg","WANG, Caroline",,> For FT-MBA and MBA Exchange students only > Add/Drop Deadline : 25-Oct-2026 > Extended Drop Deadline : 27-Oct-2026
MGMT,5992,Communication for Business Leaders,1,,L2 (1682),28-NOV-2026 - 28-NOV-2026 Sa 09:30AM - 01:00PM,TBA,"WANG, Caroline",,> For Part-time MBA (Bi-weekly) students only > Venue : LSK3028 > Add/Drop Deadline : 26-Nov-2026 > Extended Drop Deadline : 29-Nov-2026
MGMT,6501R,Leadership Lab: Persuasion in Practice,1,,L1 (1680),31-OCT-2026 - 31-OCT-2026 Sa 02:00PM - 05:30PM,"Rm 5402, Lift 17-18 (43)","YOUNG, Mark",,> For FT-MBA; PT-MBA; MBA (Bi-weekly); Digital MBA and MBA Exchange students only > Add/Drop Deadline : 02-Nov-2026
MGMT,6501S,"The Secret Life of Organizations: Structures, Behaviors and Motivations at Work",1,,L1 (4476),06-DEC-2026 - 06-DEC-2026 Su 09:00AM - 12:30PM,"Rm 2003, LSK Bldg","ROOT, James Timothy Holland",,> For FT-MBA; PT-MBA; MBA (Bi-weekly); Digital MBA and MBA Exchange students only > Add/Drop Deadline : 03-Dec-2026 > Extended Drop Deadline : 07-Dec-2026
MGMT,6501X,Asia Venture Lab - Entrepreneurship and Business Execution,2,,L1 (1652),17-AUG-2026 - 21-AUG-2026 MoTuWeThFr 09:30AM - 12:50PM,"Rm 1001, LSK Bldg (75)",TBA,,"> Instructor : Prof. BORSANO, Pietro > For MSc(IMT) students only > Add/Drop Deadline : 17-Aug-2026"
MGMT,6501Y,Managing Conflict and Building Collaboration,1,,L1 (1679),31-OCT-2026 - 31-OCT-2026 Sa 09:30AM - 01:00PM,"Rm 2304, Lift 17-18 (76)","JEONG, Martha",,> For FT-MBA; PT-MBA; MBA (Bi-weekly); Digital MBA and MBA Exchange students only > Add/Drop Deadline : 30-Oct-2026 > Extended Drop Deadline : 01-Nov-2026
MGMT,6501Z,Unlocking High Performance in Teams,2,,L1 (4472),27-OCT-2026 - 15-DEC-2026 Tu 07:00PM - 10:30PM,TBA,"NEW, Mitya",,> For FT-MBA; PT-MBA; MBA (Bi-weekly); Digital MBA and MBA Exchange students only > Add/Drop Deadline : 02-Nov-2026
MGMT,6502D,"Strategic Stakeholder Negotiation, Mediation and Dispute Leadership",2,,L1 (4487),27-AUG-2026 - 17-SEP-2026 Th 07:00PM - 10:30PM,TBA,"TO, Christopher",,"> For FT-MBA; PT-MBA; MBA (Bi-weekly); Digital MBA and MBA Exchange students only > Venue from 27-Aug-2026 to 17-Sep-2026 (every Thursday) and from 8-Oct -2026 to 15-Oct-2026 (every Thursday) : Business School Central in Admiralty, 4/F United Centre, 95 Queensway, Admiralty, Hong Kong > Add/Drop Deadline : 31-Aug-2026"
MGMT,6970C,Independent Study,1,,R1 (4552),TBA,TBA,TBA,,
MGMT,6990,MPhil Thesis Research,0,,R1 (1666),TBA,TBA,TBA,,> For Mphil(MGMT) students only
MGMT,7120,Doctoral Seminar in Management,3,,L1 (1667),Tu 10:00AM - 12:50PM,TBA,"CHAO, Melody Manchi",,> For MPhil(MGMT) and PhD(MGMT) students only > Venue: LSK5047
MGMT,7160,Doctoral Seminar: Frontiers in Strategy Research,3,,L1 (1668),Th 09:00AM - 11:50AM,TBA,"LI, J.T.",,> For MPhil(MGMT) and PhD(MGMT) students only > Venue: LSK5047
MGMT,7990,Doctoral Thesis Research,0,,R1 (1669),TBA,TBA,TBA,,> For PhD(MGMT) students only
MICS,7990,Doctoral Thesis Research,0,,R1 (4510),TBA,TBA,TBA,,
MILE,5000,Language Learning,3,,L1 (1908),MoWe 06:00PM - 07:20PM,"Rm 1011, LSK Bldg (80)","KOYLU, Yilmaz PAN, Ping",,> For MA(ILE) students or students with program director or course instructor's approval only
MILE,5002,Language Teaching Methodology and Curriculum Design,3,,L1 (1909),TuTh 10:30AM - 11:50AM,"Rm 3401, Lift 17-18","FREEMAN, Danyal",,> For MA(ILE) students or students with program director or course instructor's approval only
MILE,5002,Language Teaching Methodology and Curriculum Design,3,,L2 (1910),TuFr 12:00PM - 01:20PM,"Rm 3020, Lift 2","LIANG, Sheila, Xin",,> For MA(ILE) students or students with program director or course instructor's approval only
MILE,5004,Understanding Research in Language Education,3,,L1 (1911),TuTh 06:00PM - 07:20PM,"Rm 1034, LSK Bldg (80)","ZHONG, Yin ZHOU, Siyang",,> For MA(ILE) students or students with program director or course instructor's approval only
MILE,5005,Descriptions of Language for English Teachers,3,,L1 (1912),TuTh 12:00PM - 01:20PM,"Rm 3401, Lift 17-18","KOYLU, Yilmaz LAW, Wai Ling",,> For MA(ILE) students or students with program director or course instructor's approval only
MILE,5006,Descriptions of Language for Chinese Teachers,3,,L1 (1913),MoWe 10:30AM - 11:50AM,"Rm 3020, Lift 2","LI, Dechao ZHANG, Min",,> For MA(ILE) students or students with program director or course instructor's approval only
MIMT,5010,Market Research for Business Applications,2,,L1 (1760),27-AUG-2026 - 27-AUG-2026 Th 07:00PM - 10:20PM,"Rm 2003, LSK Bldg","SALVACRUZ, Joseph",,> For MSc(IMT) students only > Add/Drop Deadline : 31-Aug-2026
MIMT,5110,Doing Business in Asia,2,,L1 (1757),24-AUG-2026 - 12-OCT-2026 Mo 02:00PM - 05:20PM,"Rm 2003, LSK Bldg","SULLIVAN, Bilian NI",,> For MSc(IMT) students only > Add/Drop Deadline : 31-Aug-2026
MIMT,5120,Strategic Management in Asia,2,,L1 (1786),13-NOV-2026 - 20-NOV-2026 Fr 09:30AM - 12:50PM,"Rm 2003, LSK Bldg","PARK, Eunyoung",,> For MSc(IMT) students only > Add/Drop Deadline : 13-Nov-2026
MIMT,5310,Understanding Consumers: A Strategic Approach,2,,L1 (1785),29-OCT-2026 - 29-OCT-2026 Th 02:00PM - 05:20PM,"G003, LSK Bldg (75)","DALTON, Amy Nicole",,> For MSc(IMT) students only > Add/Drop Deadline : 02-Nov-2026
MIMT,5350,Project Management,2,,L1 (1784),28-OCT-2026 - 11-NOV-2026 We 02:00PM - 05:20PM,"Rm 2001, LSK Bldg","JAISINGH, Jeevan",,> For MSc(IMT) students only > Add/Drop Deadline : 02-Nov-2026
MIMT,5560,Management and Decision Making with Artificial Intelligence,2,,L1 (1782),26-OCT-2026 - 14-DEC-2026 Mo 07:00PM - 10:20PM,"Rm 2003, LSK Bldg","PEREIRA, Kevin",,> For MSc(IMT) students only > Add/Drop Deadline : 02-Nov-2026
MIMT,5580,Business Intelligence for Managers,2,,L1 (1783),27-OCT-2026 - 15-DEC-2026 Tu 02:15PM - 05:35PM,"Rm 1, 31/F, Tower 1,Millennity","FISCHER, Fabrice",,> For MSc(IMT) students only > Add/Drop Deadline : 02-Nov-2026
MIMT,5780,Leveraging Personality in the Workplace,2,,L1 (1762),28-AUG-2026 - 16-OCT-2026 Fr 09:30AM - 12:50PM,"Rm 2003, LSK Bldg","YIK, Michelle",,> For MSc(IMT) students only > Add/Drop Deadline : 31-Aug-2026
MSBD,5001,Foundations of Data Analytics,3,,L1 (1870),We 07:00PM - 09:50PM,"Rm 4621, Lift 31-32 (126)","CHAN, Cecia Ki",,
MSBD,5004,Mathematical Methods for Data Analysis,3,,L1 (1871),Mo 07:00PM - 09:50PM,"Rm 4621, Lift 31-32 (126)","CAI, Jianfeng",,
MSBD,5006,Quantitative Analysis of Financial Time Series,3,,L1 (1872),Tu 07:00PM - 09:50PM,"Rm 2502, Lift 25-26 (120)","LING, Shiqing",,> MSBD 5006 is not co-listing with MAFS 5130 in Fall 2026-27
MSBD,5012,Machine Learning,3,,L1 (1873),Sa 03:00PM - 05:50PM,"Rm 2502, Lift 25-26 (120)","ZHANG, Nevin Lianwen",,
MSBD,5015,Artificial Intelligence,3,,L1 (1874),Fr 07:00PM - 09:50PM,"Rm 2502, Lift 25-26 (120)","XU, Dan",,
MSBD,5017,Introduction to Blockchain Technology,3,,L1 (1875),05-SEP-2026 - 24-OCT-2026 Sa 10:00AM - 12:50PM,"Rm 4621, Lift 31-32 (126)","LEI, Zhibin",,
MSBD,5018,Natural Language Processing,3,,L1 (1876),Th 07:00PM - 09:50PM,"Rm 4621, Lift 31-32 (126)","SONG, Yangqiu",,
MSBD,5020,Database Systems,3,,L1 (1877),Tu 07:00PM - 09:50PM,"Rm 6555, Lift 29-30 (88)","LOCHOVSKY, Frederick Horst",,
MSBD,6000Q,Vision Language Models for Vision Tasks,3,,L1 (1878),Th 07:00PM - 09:50PM,"Rm 2465, Lift 25-26 (122)","YEUNG, Sai Kit",,
MSBD,6910A,Independent Project,3,,R1 (4575),TBA,TBA,TBA,,Instructor Consent Required
MSBD,6910B,Independent Project,3,,R1 (4576),TBA,TBA,TBA,,Instructor Consent Required
MSDM,5001,Introduction to Computational and Modeling Tools,3,,L1 (1690),Sa 09:30AM - 12:20PM,"Rm 5404, Lift 17-18 (93)","SAN, Yik Chuen",,> For MSc(DDM) students only
MSDM,5002,Scientific Programming and Visualization,3,,L1 (1691),Fr 07:00PM - 09:50PM,"G001, CYT Bldg (92)","LIU, Junwei",,> For MSc(DDM) students only
MSDM,5003,Stochastic Processes and Applications,3,,L1 (1692),Th 07:00PM - 09:50PM,"G001, CYT Bldg (92)","QIAN, Tiezheng WONG, Kwok Yee Michael",,> For MSc(DDM) students only
MSDM,5051,Programming Algorithm and Architecture with AI,3,,L1 (1693),Tu 07:00PM - 08:50PM,"Rm 5404, Lift 17-18 (93)","WANG, Yi",,> For MSc(DDM) students only
MSDM,5051,Programming Algorithm and Architecture with AI,3,,T1 (1694),Tu 09:00PM - 09:50PM,"Rm 5404, Lift 17-18 (93)","WANG, Yi",,
MSDM,5053,Quantitative Analysis of Time Series,3,,L1 (1695),Sa 07:00PM - 09:50PM,"Rm 5404, Lift 17-18 (93)","CAI, Bibi LING, Shiqing",,> For MSc(DDM) students only
MSDM,5054,Statistical Machine Learning,3,,L1 (1696),Mo 07:00PM - 08:50PM,"Rm 5, 30/F, Tower 1,Millennity","YAO, Yuan",,> For MSc(DDM) students only
MSDM,5054,Statistical Machine Learning,3,,T1 (1697),Mo 09:00PM - 09:50PM,"Rm 5, 30/F, Tower 1,Millennity","YAO, Yuan",,
MSDM,5056,Network Modeling,3,,L1 (1698),We 07:00PM - 08:50PM,"G001, CYT Bldg (92)","LI, Sai Ping",,> For MSc(DDM) students only
MSDM,5056,Network Modeling,3,,T1 (1699),We 09:00PM - 09:50PM,"G001, CYT Bldg (92)","LI, Sai Ping",,
MSDM,5057,Business Literacy for Data Professionals,3,,L1 (1700),Sa 02:00PM - 04:50PM,"Rm 5404, Lift 17-18 (93)","WONG, Hanson",,> For MSc(DDM) students only
MSDM,6771,Data-Driven Modeling Seminars and Tutorials,1,,T1 (1701),Tu 03:30PM - 05:20PM,TBA,"CHEN, Tian Wen HUANG, Shilin LIU, Junwei PAN, Ding QIAN, Tiezheng SONG, Xueyang WANG, Yi WONG, Kwok Yee Michael",,> For MSc(DDM) students only
MSPY,5001,Semiconductor Devices and Processing,3,,L1 (1702),Mo 07:00PM - 09:50PM,"Rm 1527, Lift 22 (74)","LI, Baikui",,> For MSc(PHYS) students only
MSPY,5002,Quantum Materials and Technologies for Quantum Devices and Sensors,3,,L1 (1703),Tu 07:00PM - 09:50PM,"Rm 1527, Lift 22 (74)","YANG, Sen",,> For MSc(PHYS) students only
MSPY,5110,Data Analysis for Physics,3,,L1 (1704),We 06:30PM - 09:20PM,"Rm 1527, Lift 22 (74)","PROKOFIEV, Kirill",,> For MSc(PHYS) students only
MSPY,5220,Experimental Techniques for Material Characterization,3,,L1 (1705),Th 07:00PM - 09:50PM,"Rm 2302, Lift 17-18 (74)","LEI, Shiming LIN, Nian ZHANG, Jingdi",,> For MSc(PHYS) students only
MSPY,5230,Computational and Simulation Tools,3,,L1 (1706),Fr 07:00PM - 09:50PM,"G009B, CYT Bldg (70)","SAN, Yik Chuen",,> For MSc(PHYS) students only
MSPY,6001,Advanced Research Projects,3,,R1 (1707),TBA,TBA,"SAN, Yik Chuen",,> For MSc(PHYS) students only Instructor Consent Required
MSPY,6771,MSc Physics Seminars and Tutorials,1,,T1 (1708),Tu 03:30PM - 05:20PM,TBA,"KANG, Kaifei LIN, Nian PROKOFIEV, Kirill SAN, Yik Chuen WANG, Jue XU, Qin ZHANG, Jingdi ZHANG, Rui",,> For MSc(PHYS) students only
MTLE,5001,Technology Leadership and Entrepreneurship,3,,L1 (1397),We 07:00PM - 09:50PM,"Rm 1010, LSK Bldg (80)","HUANG, Erwin",,
MTLE,5110,Product Development and Prototyping,3,,L1 (1398),Th 07:00PM - 08:50PM,"LG3008, Lift 10-12 (82)","BRAUD, Tristan Camille LIU, Yuan",,
MTLE,5110,Product Development and Prototyping,3,,T1 (1400),Th 09:00PM - 09:50PM,"LG3008, Lift 10-12 (82)","BRAUD, Tristan Camille LIU, Yuan",,
MTLE,5110,Product Development and Prototyping,3,,LA1 (1399),TBA,TBA,"BRAUD, Tristan Camille LIU, Yuan",,
MTLE,5810,Startup Workshop,3,,L1 (1401),Th 07:30PM - 08:20PM,"Rm 1410, Lift 25-26 (60)","TSUI, Chun Man",,
MTLE,5810,Startup Workshop,3,,T1 (1402),Th 08:30PM - 10:20PM,"Rm 1410, Lift 25-26 (60)","TSUI, Chun Man",,
MTLE,6980,Technology Leadership and Entrepreneurship Project,9,,L1 (1403),TBA,TBA,"LEUNG, Suk Wai Winnie",,> The credit load will usually be spread in the following pattern: Summer: 3; Fall: 3; Spring: 3 Instructor Consent Required
NANO,5250,Nano Beam Technology,3,,L1 (1709),WeFr 04:30PM - 05:50PM,"Rm 1032, LSK Bldg (45)","WANG, Ning",,
NANO,5250,Nano Beam Technology,3,,T1 (1710),Fr 03:00PM - 03:50PM,"Rm 1032, LSK Bldg (45)","WANG, Ning",,
NANO,6010,Advanced Topics in Nano Science and Technology,0,,T1 (1879),TBA,TBA,"SRIVASTAVA, Abhishek Kumar",,
NANO,6100,Independent Study in Nano Science and Technology,3,,T1 (1711),TBA,TBA,TBA,,Instructor Consent Required
NANO,6990,MPhil Thesis Research,0,,R1 (1712),TBA,TBA,TBA,,
NANO,7990,Doctoral Thesis Research,0,,R1 (1713),TBA,TBA,TBA,,
OCES,1001,The Earth as a Blue Planet,3,[BLD] Blended learning,L1 (4123),TuTh 04:30PM - 05:50PM,"Rm 2306, Lift 17-18 (111)","LAM, Cindy YAU, Sin Ting Cynthia",,> The class is delivered in a blended learning mode
OCES,1010,Principles and Applications of Environmental Science,3,,L1 (4124),MoWe 10:30AM - 11:50AM,Lecture Theater J (300),"HE, Ding",,
OCES,1030,Environmental Science,3,Common Core (S&T) for 36-credit program Common Core (SSC-S&T) for 36-credit program Common Core (S) for 30-credit prog in 22-24 Common Core (S) for 30-credit prog in 25 Common Core (SUS) for 30-credit prog in 25 Common Core (S) for 30-credit prog fr 26 Common Core (SUS) for 30-credit prog fr 26,L1 (4125),TuTh 12:00PM - 01:20PM,Lecture Theater A (401),"LAM, Cindy YAU, Sin Ting Cynthia",,
OCES,2003,Descriptive Physical Oceanography,3,,L1 (4126),TuTh 09:00AM - 10:20AM,"Rm 2304, Lift 17-18 (76)","WANG, Yan",,
OCES,2004,Sustainable Ocean,3,,L1 (4127),MoWe 12:00PM - 01:20PM,"G009B, CYT Bldg (70)","YUNG, Charmaine",,
OCES,2005,Coastal Marine Habitats,3,,L1 (4128),Fr 08:30AM - 12:50PM,"Rm 6591, Lift 31-32 (88)","LAM, Cindy",,
OCES,2005,Coastal Marine Habitats,3,,T1 (4129),TBA,TBA,"LAM, Cindy",,
OCES,2130,Marine Biology,3,,L1 (4130),TuTh 10:30AM - 11:50AM,"Rm 5403, Lift 17-18 (134)","WU, Longjun",,
OCES,2330,Marine Biology Laboratory,3,,T1 (4132),We 01:30PM - 02:20PM,"UG002, CYT Bldg","LAM, Cindy",,
OCES,2330,Marine Biology Laboratory,3,,LA1 (4131),We 02:30PM - 05:20PM,"UG002, CYT Bldg","LAM, Cindy",,
OCES,3003,Field Methods in Marine Studies,4,,LA1 (4133),Mo 01:30PM - 05:20PM,"UG002, CYT Bldg","YUNG, Charmaine",,
OCES,3005,Blue Economy,3,,L1 (4134),TuTh 12:00PM - 01:20PM,"Rm 5506, Lift 25-26 (30)","LAU, Stanley C K",,
OCES,3160,Ecology,3,,L1 (4135),MoWe 10:30AM - 11:50AM,"G002, CYT Bldg (126)","YAU, Sin Ting Cynthia",,
OCES,3301,Data Analysis in Ocean Science,3,,L1 (4136),Th 01:30PM - 04:20PM,"Rm 4402, Lift 17-18","MAK, Julian",,
OCES,4201,Environmental Microbiology,3,,L1 (4137),TuTh 09:00AM - 10:20AM,"Rm 5506, Lift 25-26 (30)","ZENG, Qinglu",,
OCES,4203,Environmental Impact and Risk Assessment,3,,L1 (4138),MoWe 09:00AM - 10:20AM,"Rm 1410, Lift 25-26 (60)","YAU, Sin Ting Cynthia",,
OCES,4303,AI and Machine Learning in Marine Science,3,,L1 (4139),Tu 03:00PM - 03:50PM,"Rm 4402, Lift 17-18","MAK, Julian",,
OCES,4303,AI and Machine Learning in Marine Science,3,,LA1 (4140),Tu 04:00PM - 05:50PM,"Rm 4402, Lift 17-18","MAK, Julian",,
OCES,4964,Ocean Science and Technology Capstone Project Research,3,,LA1 (4141),TBA,TBA,TBA,,Instructor Consent Required
OCES,4974,Ocean Science and Technology Research Project I,3,,LA1 (4142),TBA,TBA,TBA,,Instructor Consent Required
OCES,5001,Introduction to Oceanography,3,,L1 (1683),Mo 07:00PM - 09:50PM,"Rm 1409, Lift 25-26 (60)","GAN, Jianping",,> OCES 5001 is not co-listing with ENVR 6050 in Fall 2026-27
OCES,5303,Machine Learning for Ocean Science,3,,L1 (1684),Tu 09:00AM - 11:50AM,"Rm 4402, Lift 17-18","MAK, Julian",,Instructor Consent Required
OCES,5400,Marine Genomics,3,,L1 (1685),We 12:00PM - 02:50PM,"Rm 2610, Lift 31-32 (26)","WU, Longjun",,
OCES,6011K,Postgraduate Seminar,1,,T1 (1686),Th 05:00PM - 05:50PM,"G001, CYT Bldg (92)","ZENG, Qinglu ZHANG, Qiong",,
OCES,6770,Professional Development in Marine Science,1,,T1 (1687),Mo 01:30PM - 02:50PM,"Rm 2463, Lift 25-26 (42)","HE, Ding USHIO, Masayuki",,
OCES,6990,MPhil Thesis Research,0,,R1 (1688),TBA,TBA,TBA,,
OCES,7990,Doctoral Thesis Research,0,,R1 (1689),TBA,TBA,TBA,,
PDEV,6770A,Professional Development for Research Postgraduate Students,1,,T1 (1960),TBA,TBA,TBA,,
PDEV,6770B,Professional Development for Research Postgraduate Students,1,,T1 (1880),TBA,TBA,"ZHOU, Catherine",,
PDEV,6770C,Professional Development for Research Postgraduate Students,1,,T1 (1764),TBA,TBA,TBA,,
PDEV,6770D,Professional Development for Research Postgraduate Students,1,,T1 (1914),TBA,TBA,TBA,,
PDEV,6770E,Professional Development for Research Postgraduate Students,1,,T1 (1374),TBA,TBA,TBA,,
PDEV,6800A,Introduction to Teaching and Learning in Higher Education,0,,T1 (1961),TBA,TBA,TBA,,
PDEV,6800A,Introduction to Teaching and Learning in Higher Education,0,,T2 (1962),TBA,TBA,TBA,,
PDEV,6800A,Introduction to Teaching and Learning in Higher Education,0,,T3 (1963),TBA,TBA,TBA,,
PDEV,6800A,Introduction to Teaching and Learning in Higher Education,0,,T4 (1964),TBA,TBA,TBA,,
PDEV,6800B,Introduction to Teaching and Learning in Higher Education,0,,T1 (1881),TBA,TBA,TBA,,
PDEV,6800B,Introduction to Teaching and Learning in Higher Education,0,,T2 (1882),TBA,TBA,TBA,,
PDEV,6800B,Introduction to Teaching and Learning in Higher Education,0,,T3 (1883),TBA,TBA,TBA,,
PDEV,6800B,Introduction to Teaching and Learning in Higher Education,0,,T4 (1884),TBA,TBA,TBA,,
PDEV,6800C,Introduction to Teaching and Learning in Higher Education,0,,T1 (1765),TBA,TBA,TBA,,
PDEV,6800C,Introduction to Teaching and Learning in Higher Education,0,,T2 (1766),TBA,TBA,TBA,,
PDEV,6800C,Introduction to Teaching and Learning in Higher Education,0,,T3 (1767),TBA,TBA,TBA,,
PDEV,6800C,Introduction to Teaching and Learning in Higher Education,0,,T4 (1768),TBA,TBA,TBA,,
PDEV,6800D,Introduction to Teaching and Learning in Higher Education,0,,T1 (1915),TBA,TBA,TBA,,
PDEV,6800D,Introduction to Teaching and Learning in Higher Education,0,,T2 (1916),TBA,TBA,TBA,,
PDEV,6800D,Introduction to Teaching and Learning in Higher Education,0,,T3 (1917),TBA,TBA,TBA,,
PDEV,6800D,Introduction to Teaching and Learning in Higher Education,0,,T4 (1918),TBA,TBA,TBA,,
PDEV,6800E,Introduction to Teaching and Learning in Higher Education,0,,T1 (1375),TBA,TBA,TBA,,
PDEV,6800E,Introduction to Teaching and Learning in Higher Education,0,,T2 (1376),TBA,TBA,TBA,,
PDEV,6800E,Introduction to Teaching and Learning in Higher Education,0,,T3 (1377),TBA,TBA,TBA,,
PDEV,6800E,Introduction to Teaching and Learning in Higher Education,0,,T4 (1378),TBA,TBA,TBA,,
PDEV,6800F,Introduction to Teaching and Learning in Higher Education,0,,T1 (1965),TBA,TBA,TBA,,
PDEV,6800F,Introduction to Teaching and Learning in Higher Education,0,,T2 (1966),TBA,TBA,TBA,,
PDEV,6800F,Introduction to Teaching and Learning in Higher Education,0,,T3 (1967),TBA,TBA,TBA,,
PDEV,6800F,Introduction to Teaching and Learning in Higher Education,0,,T4 (1968),TBA,TBA,TBA,,
PDEV,6800G,Introduction to Teaching and Learning in Higher Education,0,,T1 (1885),TBA,TBA,TBA,,
PDEV,6800G,Introduction to Teaching and Learning in Higher Education,0,,T2 (1886),TBA,TBA,TBA,,
PDEV,6800G,Introduction to Teaching and Learning in Higher Education,0,,T3 (1887),TBA,TBA,TBA,,
PDEV,6800G,Introduction to Teaching and Learning in Higher Education,0,,T4 (1888),TBA,TBA,TBA,,
PDEV,6800H,Introduction to Teaching and Learning in Higher Education,0,,T1 (1769),TBA,TBA,TBA,,
PDEV,6800H,Introduction to Teaching and Learning in Higher Education,0,,T2 (1770),TBA,TBA,TBA,,
PDEV,6800H,Introduction to Teaching and Learning in Higher Education,0,,T3 (1771),TBA,TBA,TBA,,
PDEV,6800H,Introduction to Teaching and Learning in Higher Education,0,,T4 (1772),TBA,TBA,TBA,,
PDEV,6800I,Introduction to Teaching and Learning in Higher Education,0,,T1 (1919),TBA,TBA,TBA,,
PDEV,6800I,Introduction to Teaching and Learning in Higher Education,0,,T2 (1920),TBA,TBA,TBA,,
PDEV,6800I,Introduction to Teaching and Learning in Higher Education,0,,T3 (1921),TBA,TBA,TBA,,
PDEV,6800I,Introduction to Teaching and Learning in Higher Education,0,,T4 (1922),TBA,TBA,TBA,,
PDEV,6800J,Introduction to Teaching and Learning in Higher Education,0,,T1 (1379),TBA,TBA,TBA,,
PDEV,6800J,Introduction to Teaching and Learning in Higher Education,0,,T2 (1380),TBA,TBA,TBA,,
PDEV,6800J,Introduction to Teaching and Learning in Higher Education,0,,T3 (1381),TBA,TBA,TBA,,
PDEV,6800J,Introduction to Teaching and Learning in Higher Education,0,,T4 (1382),TBA,TBA,TBA,,
PDEV,6800Z,Introduction to Teaching and Learning in Higher Education,0,,T01 (1113),Mo 10:00AM - 11:50AM,"Rm 6558, Lift 29-30 (90)",TBA,,Instructor Consent Required
PDEV,6800Z,Introduction to Teaching and Learning in Higher Education,0,,T02 (1114),Mo 02:30PM - 04:20PM,"Rm 6558, Lift 29-30 (90)",TBA,,Instructor Consent Required
PDEV,6800Z,Introduction to Teaching and Learning in Higher Education,0,,T03 (1115),Tu 10:00AM - 11:50AM,"Rm 6558, Lift 29-30 (90)",TBA,,Instructor Consent Required
PDEV,6800Z,Introduction to Teaching and Learning in Higher Education,0,,T04 (1116),Tu 02:30PM - 04:20PM,"Rm 6558, Lift 29-30 (90)",TBA,,Instructor Consent Required
PDEV,6800Z,Introduction to Teaching and Learning in Higher Education,0,,T05 (1117),We 10:00AM - 11:50AM,"Rm 6558, Lift 29-30 (90)",TBA,,Instructor Consent Required
PDEV,6800Z,Introduction to Teaching and Learning in Higher Education,0,,T06 (1118),We 02:30PM - 04:20PM,"Rm 6558, Lift 29-30 (90)",TBA,,Instructor Consent Required
PDEV,6800Z,Introduction to Teaching and Learning in Higher Education,0,,T07 (1119),Fr 10:00AM - 11:50AM,"Rm 6558, Lift 29-30 (90)",TBA,,Instructor Consent Required
PDEV,6800Z,Introduction to Teaching and Learning in Higher Education,0,,T08 (1120),Fr 02:30PM - 04:20PM,"Rm 6558, Lift 29-30 (90)",TBA,,Instructor Consent Required
PHYS,1002,Introduction to Astrophysics and Astronomy,3,Common Core (S&T) for 36-credit program Common Core (S) for 30-credit prog in 22-24 Common Core (S) for 30-credit prog in 25 Common Core (S) for 30-credit prog fr 26,L1 (4144),MoWe 10:30AM - 11:50AM,"LTL, CYT Bldg (354)","WANG, Yi",,
PHYS,1003,Energy and Related Environmental Issues,3,Common Core (S&T) for 36-credit program Common Core (SSC-S&T) for 36-credit program Common Core (S) for 30-credit prog in 22-24 Common Core (S) for 30-credit prog in 25 Common Core (S) for 30-credit prog fr 26,L1 (4145),TuTh 10:30AM - 11:50AM,Lecture Theater A (401),"CHEUNG, Man Fung",,
PHYS,1003,Energy and Related Environmental Issues,3,Common Core (S&T) for 36-credit program Common Core (SSC-S&T) for 36-credit program Common Core (S) for 30-credit prog in 22-24 Common Core (S) for 30-credit prog in 25 Common Core (S) for 30-credit prog fr 26,L2 (4146),TuTh 09:00AM - 10:20AM,Lecture Theater A (401),"FOREMAN, Bradley Alan",,
PHYS,1101,Introductory Physics,4,Common Core (S&T) for 36-credit program Common Core (S) for 30-credit prog in 22-24 Common Core (S) for 30-credit prog in 25 Common Core (S) for 30-credit prog fr 26,L1 (4147),TuTh 01:30PM - 03:20PM,Lecture Theater E (143),"NG, Yee Fai",,
PHYS,1101,Introductory Physics,4,Common Core (S&T) for 36-credit program Common Core (S) for 30-credit prog in 22-24 Common Core (S) for 30-credit prog in 25 Common Core (S) for 30-credit prog fr 26,L2 (4149),TuTh 03:30PM - 05:20PM,Lecture Theater E (143),"NG, Yee Fai",,
PHYS,1101,Introductory Physics,4,Common Core (S&T) for 36-credit program Common Core (S) for 30-credit prog in 22-24 Common Core (S) for 30-credit prog in 25 Common Core (S) for 30-credit prog fr 26,T1 (4151),Fr 06:00PM - 06:50PM,"Rm 4582, Lift 27-28 (66)","NG, Yee Fai",,
PHYS,1101,Introductory Physics,4,Common Core (S&T) for 36-credit program Common Core (S) for 30-credit prog in 22-24 Common Core (S) for 30-credit prog in 25 Common Core (S) for 30-credit prog fr 26,T2 (4153),Fr 03:00PM - 03:50PM,"Rm 4582, Lift 27-28 (66)","NG, Yee Fai",,
PHYS,1101,Introductory Physics,4,Common Core (S&T) for 36-credit program Common Core (S) for 30-credit prog in 22-24 Common Core (S) for 30-credit prog in 25 Common Core (S) for 30-credit prog fr 26,T3 (4154),Th 06:00PM - 06:50PM,"Rm 5619, Lift 31-32 (60)","NG, Yee Fai",,
PHYS,1101,Introductory Physics,4,Common Core (S&T) for 36-credit program Common Core (S) for 30-credit prog in 22-24 Common Core (S) for 30-credit prog in 25 Common Core (S) for 30-credit prog fr 26,T4 (4155),Fr 05:00PM - 05:50PM,"Rm 4582, Lift 27-28 (66)","NG, Yee Fai",,
PHYS,1111,General Physics I,3,Common Core (S&T) for 36-credit program Common Core (S) for 30-credit prog in 22-24 Common Core (S) for 30-credit prog in 25 Common Core (S) for 30-credit prog fr 26,L1 (4157),WeFr 01:30PM - 02:50PM,Lecture Theater D (216),"NG, Yee Fai",,
PHYS,1111,General Physics I,3,Common Core (S&T) for 36-credit program Common Core (S) for 30-credit prog in 22-24 Common Core (S) for 30-credit prog in 25 Common Core (S) for 30-credit prog fr 26,T1 (4159),We 03:00PM - 03:50PM,"Rm 5620, Lift 31-32 (70)","NG, Yee Fai",,
PHYS,1111,General Physics I,3,Common Core (S&T) for 36-credit program Common Core (S) for 30-credit prog in 22-24 Common Core (S) for 30-credit prog in 25 Common Core (S) for 30-credit prog fr 26,T2 (4161),We 06:00PM - 06:50PM,"Rm 4582, Lift 27-28 (66)","NG, Yee Fai",,
PHYS,1111,General Physics I,3,Common Core (S&T) for 36-credit program Common Core (S) for 30-credit prog in 22-24 Common Core (S) for 30-credit prog in 25 Common Core (S) for 30-credit prog fr 26,T3 (4162),Th 09:30AM - 10:20AM,"Rm 5619, Lift 31-32 (60)","NG, Yee Fai",,
PHYS,1112,General Physics I with Calculus,3,,L1 (4163),WeFr 01:30PM - 02:50PM,Lecture Theater C (211),"CHEUNG, Man Fung",,
PHYS,1112,General Physics I with Calculus,3,,L2 (4165),Mo 03:00PM - 04:20PM,Lecture Theater C (211),"CHEN, Tian Wen",,
PHYS,1112,General Physics I with Calculus,3,,L3 (4167),MoWe 09:00AM - 10:20AM,"LTL, CYT Bldg (354)","WATANABE, Haruki",,
PHYS,1112,General Physics I with Calculus,3,,L4 (4169),MoWe 12:00PM - 01:20PM,Lecture Theater A (401),"MANZONI, Giorgio",,
PHYS,1112,General Physics I with Calculus,3,,L5 (4171),Mo 01:30PM - 02:50PM,Lecture Theater C (211),"ZHANG, Rui",,
PHYS,1112,General Physics I with Calculus,3,,L6 (4173),TuTh 04:30PM - 05:50PM,Lecture Theater C (211),"PANT, Nidhi",,
PHYS,1112,General Physics I with Calculus,3,,L7 (4175),WeFr 03:00PM - 04:20PM,Lecture Theater D (216),"CHEUNG, Man Fung",,
PHYS,1112,General Physics I with Calculus,3,,T01 (4177),We 03:00PM - 03:50PM,"Rm 4582, Lift 27-28 (66)",TBA,,
PHYS,1112,General Physics I with Calculus,3,,T02 (4179),We 10:30AM - 11:20AM,"Rm 4582, Lift 27-28 (66)",TBA,,
PHYS,1112,General Physics I with Calculus,3,,T03 (4180),Mo 05:00PM - 05:50PM,"Rm 5620, Lift 31-32 (70)",TBA,,
PHYS,1112,General Physics I with Calculus,3,,T04 (4181),Th 04:30PM - 05:20PM,"Rm 4582, Lift 27-28 (66)",TBA,,
PHYS,1112,General Physics I with Calculus,3,,T05 (4182),Tu 11:00AM - 11:50AM,"Rm 5619, Lift 31-32 (60)",TBA,,
PHYS,1112,General Physics I with Calculus,3,,T06 (4183),Th 12:00PM - 12:50PM,"Rm 5619, Lift 31-32 (60)",TBA,,
PHYS,1112,General Physics I with Calculus,3,,T07 (4184),Th 02:00PM - 02:50PM,"Rm 5619, Lift 31-32 (60)",TBA,,
PHYS,1112,General Physics I with Calculus,3,,T08 (4185),Tu 03:00PM - 03:50PM,"Rm 5620, Lift 31-32 (70)",TBA,,
PHYS,1112,General Physics I with Calculus,3,,T09 (4186),Tu 04:30PM - 05:20PM,"Rm 4582, Lift 27-28 (66)",TBA,,
PHYS,1112,General Physics I with Calculus,3,,T10 (4187),Mo 03:00PM - 03:50PM,"Rm 5620, Lift 31-32 (70)",TBA,,
PHYS,1112,General Physics I with Calculus,3,,T11 (4188),Mo 12:00PM - 12:50PM,"Rm 5620, Lift 31-32 (70)",TBA,,
PHYS,1112,General Physics I with Calculus,3,,T12 (4189),Th 06:00PM - 06:50PM,"Rm 4582, Lift 27-28 (66)",TBA,,
PHYS,1112,General Physics I with Calculus,3,,T13 (4190),Tu 06:00PM - 06:50PM,"Rm 5619, Lift 31-32 (60)",TBA,,
PHYS,1112,General Physics I with Calculus,3,,T14 (4191),Fr 02:00PM - 02:50PM,"Rm 5620, Lift 31-32 (70)",TBA,,
PHYS,1112,General Physics I with Calculus,3,,T15 (4192),Tu 12:00PM - 12:50PM,"Rm 5619, Lift 31-32 (60)",TBA,,
PHYS,1112,General Physics I with Calculus,3,,T16 (4193),Mo 04:00PM - 04:50PM,"Rm 5620, Lift 31-32 (70)",TBA,,
PHYS,1112,General Physics I with Calculus,3,,T17 (4194),Th 03:00PM - 03:50PM,"Rm 5620, Lift 31-32 (70)",TBA,,
PHYS,1112,General Physics I with Calculus,3,,T18 (4195),Mo 04:30PM - 05:20PM,"Rm 4582, Lift 27-28 (66)",TBA,,
PHYS,1112,General Physics I with Calculus,3,,T19 (4196),We 12:00PM - 12:50PM,"Rm 5620, Lift 31-32 (70)",TBA,,
PHYS,1112,General Physics I with Calculus,3,,T20 (4197),Fr 01:30PM - 02:20PM,"Rm 4582, Lift 27-28 (66)",TBA,,
PHYS,1112,General Physics I with Calculus,3,,T21 (4198),Th 03:00PM - 03:50PM,"Rm 5619, Lift 31-32 (60)",TBA,,
PHYS,1113,Laboratory for General Physics I,1,,T1 (4206),Mo 09:00AM - 09:50AM,Lecture Theater C (211),"HAN, Yilong",,
PHYS,1113,Laboratory for General Physics I,1,,LA1 (4199),Mo 12:00PM - 01:50PM,Rm 6140,TBA,,
PHYS,1113,Laboratory for General Physics I,1,,LA2 (4200),We 12:00PM - 01:50PM,Rm 6140,TBA,,
PHYS,1113,Laboratory for General Physics I,1,,LA3 (4201),We 09:00AM - 10:50AM,Rm 6140,TBA,,
PHYS,1113,Laboratory for General Physics I,1,,LA4 (4202),Tu 03:00PM - 04:50PM,Rm 6140,TBA,,
PHYS,1113,Laboratory for General Physics I,1,,LA5 (4203),Tu 12:00PM - 01:50PM,Rm 6140,TBA,,
PHYS,1113,Laboratory for General Physics I,1,,LA6 (4204),Tu 09:00AM - 10:50AM,Rm 6140,TBA,,
PHYS,1114,General Physics II,3,,L1 (4207),Mo 04:30PM - 05:50PM,Lecture Theater J (300),"CHEN, Tian Wen",,
PHYS,1114,General Physics II,3,,L2 (4209),TuTh 12:00PM - 01:20PM,Lecture Theater D (216),"CHEN, Tian Wen",,
PHYS,1114,General Physics II,3,,T1 (4211),Mo 10:30AM - 11:20AM,"Rm 1010, LSK Bldg (80)",TBA,,
PHYS,1114,General Physics II,3,,T2 (4213),Mo 09:30AM - 10:20AM,"G009A, CYT Bldg (80)",TBA,,
PHYS,1114,General Physics II,3,,T3 (4214),Th 09:30AM - 10:20AM,"Rm 1527, Lift 22 (74)",TBA,,
PHYS,1114,General Physics II,3,,T4 (4215),Tu 06:00PM - 06:50PM,"Rm 4502, Lift 25-26 (60)",TBA,,
PHYS,1114,General Physics II,3,,T5 (4216),Th 06:00PM - 06:50PM,"Rm 4504, Lift 25-26 (54)",TBA,,
PHYS,1114,General Physics II,3,,T6 (4217),Tu 03:30PM - 04:20PM,"Rm 1527, Lift 22 (74)",TBA,,
PHYS,1312,Honors General Physics I,3,,L1 (4219),WeFr 01:30PM - 02:50PM,"Rm 5403, Lift 17-18 (134)","PO, Adrian",,
PHYS,1312,Honors General Physics I,3,,T1 (4220),We 03:00PM - 03:50PM,"Rm 5403, Lift 17-18 (134)","PO, Adrian",,
PHYS,2022,Modern Physics,3,[BLD] Blended learning,L1 (4221),TuTh 01:30PM - 02:50PM,"LG6102, Teaching Hub (150)","LIN, Nian",,> The class is delivered in a blended learning mode
PHYS,2022,Modern Physics,3,[BLD] Blended learning,T1 (4223),Fr 11:30AM - 12:20PM,"G009B, CYT Bldg (70)","LIN, Nian",,
PHYS,2022,Modern Physics,3,[BLD] Blended learning,T2 (4225),Mo 02:00PM - 02:50PM,"Rm 1410, Lift 25-26 (60)","LIN, Nian",,
PHYS,2022,Modern Physics,3,[BLD] Blended learning,T3 (4226),Mo 12:00PM - 12:50PM,"Rm 1410, Lift 25-26 (60)","LIN, Nian",,
PHYS,2023,Modern Physics Laboratory,1,,T1 (4235),Mo 09:00AM - 09:50AM,"Rm 5403, Lift 17-18 (134)","LIN, Nian",,
PHYS,2023,Modern Physics Laboratory,1,,LA1 (4227),Mo 10:00AM - 11:50AM,Rm 4117A,TBA,,
PHYS,2023,Modern Physics Laboratory,1,,LA2 (4228),Fr 09:00AM - 10:50AM,Rm 4117A,TBA,,
PHYS,2023,Modern Physics Laboratory,1,,LA3 (4229),Th 10:30AM - 12:20PM,Rm 4117A,TBA,,
PHYS,2023,Modern Physics Laboratory,1,,LA4 (4230),Mo 04:00PM - 05:50PM,Rm 4117A,TBA,,
PHYS,2023,Modern Physics Laboratory,1,,LA5 (4231),Mo 01:00PM - 02:50PM,Rm 4117A,TBA,,
PHYS,2023,Modern Physics Laboratory,1,,LA6 (4232),We 12:30PM - 02:20PM,Rm 4117A,TBA,,
PHYS,2080,Physics Seminar and Tutorial I,1,,T1 (4236),Fr 12:30PM - 01:20PM,"Rm 2611, Lift 31-32 (28)","WATANABE, Haruki YANG, Sen",,
PHYS,2080,Physics Seminar and Tutorial I,1,,T2 (4237),Fr 12:30PM - 01:20PM,"Rm 2131B, Lift 19 (28)","XU, Qin YANG, Sen",,
PHYS,2080,Physics Seminar and Tutorial I,1,,T3 (4238),Fr 12:30PM - 01:20PM,"Rm 2131A, Lift 19 (28)","LIN, Nian YANG, Sen",,
PHYS,2080,Physics Seminar and Tutorial I,1,,T4 (4239),Fr 12:30PM - 01:20PM,"Rm 2130B, Lift 19 (28)","LIU, Junwei YANG, Sen",,
PHYS,2080,Physics Seminar and Tutorial I,1,,T5 (4240),Fr 12:30PM - 01:20PM,"Rm 2130C, Lift 19 (28)","WANG, Ning YANG, Sen",,
PHYS,2080,Physics Seminar and Tutorial I,1,,T6 (4241),Fr 12:30PM - 01:20PM,"Rm 2129C, Lift 19 (28)","YANG, Sen ZHANG, Jingdi",,
PHYS,2080,Physics Seminar and Tutorial I,1,,T7 (4242),Fr 12:30PM - 01:20PM,"Rm 2130A, Lift 19 (28)","YANG, Sen ZHAO, Yue",,
PHYS,2080,Physics Seminar and Tutorial I,1,,T8 (4243),Fr 12:30PM - 01:20PM,"Rm 2129A, Lift 19 (28)","FOREMAN, Bradley Alan YANG, Sen",,
PHYS,2080,Physics Seminar and Tutorial I,1,,T9 (4244),Fr 12:30PM - 01:20PM,"Rm 2129B, Lift 19 (28)","PO, Adrian YANG, Sen",,
PHYS,2090A,Directed Studies in Physics I,1,,T1 (4245),TBA,TBA,"HAN, Yilong",,Instructor Consent Required
PHYS,2090B,Directed Studies in Physics I,1,,T1 (4246),TBA,TBA,"HAN, Yilong",,Instructor Consent Required
PHYS,3031,Mathematical Methods in Physics II,3,,L1 (4247),TuTh 03:00PM - 04:20PM,"Rm 1410, Lift 25-26 (60)","ZHAO, Yue",,
PHYS,3031,Mathematical Methods in Physics II,3,,T1 (4248),Fr 10:30AM - 11:20AM,"Rm 2304, Lift 17-18 (76)","ZHAO, Yue",,
PHYS,3033,Electricity and Magnetism I,3,,L1 (4249),WeFr 03:00PM - 04:20PM,"Rm 4619, Lift 31-32 (126)","JAECK, Berthold",,
PHYS,3033,Electricity and Magnetism I,3,,T1 (4251),Mo 06:00PM - 06:50PM,"Rm 2463, Lift 25-26 (42)","JAECK, Berthold",,
PHYS,3033,Electricity and Magnetism I,3,,T2 (4253),Fr 04:30PM - 05:20PM,"Rm 1027, LSK Bldg (40)","JAECK, Berthold",,
PHYS,3038,Optics,3,,L1 (4254),TuTh 10:30AM - 11:50AM,"Rm 5508, Lift 25-26 (30)","ZHANG, Jingdi",,
PHYS,3053,Honors Electricity and Magnetism I,4,,L1 (4255),Mo 03:00PM - 03:50PM,"Rm 5402, Lift 17-18 (43)","JAECK, Berthold",,"> Venue: Room 4619 (Wed, Fri 15:00 - 16:20)"
PHYS,3090A,Directed Studies in Physics II,1,,T1 (4256),TBA,TBA,"HAN, Yilong",,Instructor Consent Required
PHYS,3090B,Directed Studies in Physics II,1,,T1 (4257),TBA,TBA,"HAN, Yilong",,Instructor Consent Required
PHYS,3152,Methods of Experimental Physics I,3,,L1 (4258),Mo 11:00AM - 11:50AM,"Rm 1033, LSK Bldg (51)","XU, Qin",,
PHYS,3152,Methods of Experimental Physics I,3,,LA1 (4260),TuTh 09:00AM - 10:50AM,"Rm 6135, Lift 19, 22","XU, Qin",,
PHYS,3152,Methods of Experimental Physics I,3,,LA2 (4262),TuTh 01:30PM - 03:20PM,"Rm 6135, Lift 19, 22","XU, Qin",,
PHYS,3152,Methods of Experimental Physics I,3,,LA3 (4263),Mo 03:00PM - 04:50PM,"Rm 6135, Lift 19, 22","XU, Qin",,
PHYS,3153,Methods of Experimental Physics II,3,,L1 (4265),Mo 10:00AM - 10:50AM,"Rm 2406, Lift 17-18 (76)","WANG, Jue",,
PHYS,3153,Methods of Experimental Physics II,3,,LA1 (4267),TuTh 09:00AM - 10:50AM,TBA,"WANG, Jue",,> Venue : Room 6135
PHYS,3153,Methods of Experimental Physics II,3,,LA2 (4269),TuTh 01:30PM - 03:20PM,TBA,"WANG, Jue",,> Venue : Room 6135
PHYS,3153,Methods of Experimental Physics II,3,,LA3 (4270),Mo 03:00PM - 04:50PM,TBA,"WANG, Jue",,> Venue : Room 6135
PHYS,3243,Probability and Statistics for Data Analysis in Physics,3,,L1 (4272),WeFr 04:30PM - 05:50PM,"Rm 5402, Lift 17-18 (43)","PROKOFIEV, Kirill",,
PHYS,3243,Probability and Statistics for Data Analysis in Physics,3,,T1 (4273),Tu 01:30PM - 02:20PM,"Rm 5506, Lift 25-26 (30)","PROKOFIEV, Kirill",,
PHYS,4050,Thermodynamics and Statistical Physics,3,,L1 (4274),TuTh 04:30PM - 05:50PM,"Rm 4619, Lift 31-32 (126)","LEI, Shiming",,
PHYS,4050,Thermodynamics and Statistical Physics,3,,T1 (4276),We 06:00PM - 06:50PM,"Rm 1409, Lift 25-26 (60)","LEI, Shiming",,
PHYS,4050,Thermodynamics and Statistical Physics,3,,T2 (4278),Tu 11:00AM - 11:50AM,"Rm 4504, Lift 25-26 (54)","LEI, Shiming",,
PHYS,4051,Quantum Mechanics II,3,,L1 (4279),MoWe 12:00PM - 01:20PM,"Rm 6602, Lift 31-32 (60)","HUANG, Shilin",,
PHYS,4058,Information Physics,3,,L1 (4280),WeFr 01:30PM - 02:50PM,"Rm 2463, Lift 25-26 (42)","FOREMAN, Bradley Alan",,
PHYS,4058,Information Physics,3,,T1 (4281),We 10:30AM - 11:20AM,"Rm 4502, Lift 25-26 (60)","FOREMAN, Bradley Alan",,
PHYS,4080,Physics Seminar and Tutorial II,1,,T1 (4282),Fr 12:30PM - 01:20PM,"Rm 2128C, Lift 19 (28)","DAI, Xi YANG, Sen",,
PHYS,4080,Physics Seminar and Tutorial II,1,,T2 (4283),Fr 12:30PM - 01:20PM,"Rm 2128B, Lift 19 (28)","HAN, Yilong YANG, Sen",,
PHYS,4080,Physics Seminar and Tutorial II,1,,T3 (4284),Fr 12:30PM - 01:20PM,"Rm 2128A, Lift 19 (28)","KANG, Kaifei YANG, Sen",,
PHYS,4080,Physics Seminar and Tutorial II,1,,T4 (4285),Fr 12:30PM - 01:20PM,"Rm 5510, Lift 25-26 (30)","LEI, Shiming YANG, Sen",,
PHYS,4080,Physics Seminar and Tutorial II,1,,T5 (4286),Fr 12:30PM - 01:20PM,"Rm 2127C, Lift 19 (28)","PARK, Hyo Keun YANG, Sen",,
PHYS,4080,Physics Seminar and Tutorial II,1,,T6 (4287),Fr 12:30PM - 01:20PM,"Rm 5566, Lift 27-28 (24)","SONG, Xueyang YANG, Sen",,
PHYS,4080,Physics Seminar and Tutorial II,1,,T7 (4288),Fr 12:30PM - 01:20PM,"Rm 1026, LSK Bldg (28)","JAECK, Berthold YANG, Sen",,
PHYS,4090A,Directed Studies in Physics III,1,,T1 (4289),TBA,TBA,"HAN, Yilong",,Instructor Consent Required
PHYS,4090B,Directed Studies in Physics III,1,,T1 (4290),TBA,TBA,"HAN, Yilong",,Instructor Consent Required
PHYS,4191,Capstone Project,4,,L1 (4291),Mo 09:00AM - 09:50AM,"G009B, CYT Bldg (70)","YANG, Sen",,Instructor Consent Required
PHYS,4191,Capstone Project,4,,LA1 (4293),TuTh 01:30PM - 04:20PM,"Rm 6131, Lift 19, 22","YANG, Sen",,Instructor Consent Required
PHYS,4191,Capstone Project,4,,LA2 (4295),MoWe 10:30AM - 01:20PM,"Rm 6131, Lift 19, 22","YANG, Sen",,Instructor Consent Required
PHYS,4291,Capstone Research,6,,R1 (4297),TBA,TBA,"YANG, Sen",,> The credit load will usually be spread in the following pattern: Fall: 3; Spring: 3 Instructor Consent Required
PHYS,4811,Contemporary Applications of Physics: Machine Learning in Physics,1,,L1 (4301),02-OCT-2026 - 31-OCT-2026 TuTh 09:00AM - 10:20AM,"Rm 1410, Lift 25-26 (60)","MANZONI, Giorgio",,> Add/Drop Deadline : 05-Sep-2026
PHYS,4811,Contemporary Applications of Physics: Machine Learning in Physics,1,,T1 (4298),TBA,TBA,"MANZONI, Giorgio",,
PHYS,4812,Contemporary Applications of Physics: Quantum Information Technology,1,,L1 (4302),02-NOV-2026 - 30-NOV-2026 TuTh 09:00AM - 10:20AM,"Rm 1410, Lift 25-26 (60)","SAN, Yik Chuen",,> Add/Drop Deadline : 05-Sep-2026
PHYS,4812,Contemporary Applications of Physics: Quantum Information Technology,1,,T1 (4299),TBA,TBA,"SAN, Yik Chuen",,
PHYS,4815,Contemporary Applications of Physics: Physics of Radiation Therapy,1,,L1 (4143),01-SEP-2026 - 30-SEP-2026 TuTh 09:00AM - 10:20AM,"Rm 1410, Lift 25-26 (60)","PROKOFIEV, Kirill",,> Add/Drop Deadline : 05-Sep-2026
PHYS,4815,Contemporary Applications of Physics: Physics of Radiation Therapy,1,,T1 (4300),TBA,TBA,"PROKOFIEV, Kirill",,
PHYS,5110,Mathematical Methods in Physics,4,,L1 (1714),Mo 04:00PM - 05:50PM,"Rm 1032, LSK Bldg (45)","PANT, Nidhi",,
PHYS,5120,Computational Energy Materials and Electronic Structure Simulations,3,,L1 (1715),TuTh 01:30PM - 02:50PM,"Rm 1410, Lift 25-26 (60)","PAN, Ding",,
PHYS,5200,Electro and Magneto Statics,4,,L1 (1716),MoWe 09:30AM - 11:20AM,"Rm 5402, Lift 17-18 (43)","DAI, Xi",,
PHYS,5260,Advanced Quantum Mechanics,4,,L1 (1717),Mo 02:00PM - 03:50PM,"Rm 1027, LSK Bldg (40)","SONG, Xueyang",,
PHYS,5530,Introduction to General Relativity,4,,L1 (1718),MoWe 11:30AM - 01:20PM,"Rm 5402, Lift 17-18 (43)","LIU, Tao",,
PHYS,5820,Diffraction and Imaging Techniques in Materials Science,3,,L1 (1719),WeFr 04:30PM - 05:50PM,"Rm 1032, LSK Bldg (45)","WANG, Ning",,Instructor Consent Required
PHYS,5820,Diffraction and Imaging Techniques in Materials Science,3,,T1 (1720),Fr 03:00PM - 03:50PM,"Rm 1032, LSK Bldg (45)","WANG, Ning",,Instructor Consent Required
PHYS,6100A,Individual Study in Physics,1,,R1 (1721),TBA,TBA,TBA,,Instructor Consent Required
PHYS,6100B,Individual Study in Physics,1,,R1 (1722),TBA,TBA,"WANG, Yi",,Instructor Consent Required
PHYS,6771,Professional Development in Physics,1,,T1 (1723),Tu 03:30PM - 05:20PM,Lecture Theater F (150),"HAN, Yilong",,
PHYS,6990,MPhil Thesis Research,0,,R1 (1724),TBA,TBA,TBA,,
PHYS,7990,Doctoral Thesis Research,0,,R1 (1725),TBA,TBA,TBA,,
PPOL,2110,"Science, Technology and Society in China",3,Common Core (SA) for 36-credit program Common Core (SA) for 30-credit prog in 22-24 Common Core (SA) for 30-credit prog in 25 Common Core (SA) for 30-credit prog fr 26 [BLD] Blended learning,L1 (4303),TuTh 12:00PM - 01:20PM,"Rm 1104, Acad Concourse (42)","LI, Alvin",,> The class is delivered in a blended learning mode
PPOL,2320,Experiments in Power: Why We Make the Rules We Make,3,Common Core (SA) for 36-credit program Common Core (SA) for 30-credit prog in 22-24 Common Core (SA) for 30-credit prog in 25 Common Core (SA) for 30-credit prog fr 26,L1 (4304),MoWe 09:00AM - 10:20AM,"Rm 1027, LSK Bldg (40)","BERNAL, Marie",,
PPOL,3210,Energy Policy,3,,L1 (4305),MoWe 12:00PM - 01:20PM,"Rm 6591, Lift 31-32 (88)","MATUS, Kira",,
PPOL,5110,Foundation in Public Policy,3,,L1 (1726),Th 03:30PM - 06:20PM,"Rm 5, 30/F, Tower 1,Millennity","LI, Alvin",,> Co-list with SOSC 5780 L1
PPOL,5110,Foundation in Public Policy,3,,L2 (1727),MoTu 06:30PM - 07:50PM,"Rm 1033, LSK Bldg (51)","HE, Alex Jingwei",,> PPOL 5110 L2 is not co-listing with SOSC 5780 L1 in Fall 2026-27
PPOL,5111,Foundation in Public Policy II,3,,L1 (1728),Mo 03:00PM - 05:50PM,"Rm 5508, Lift 25-26 (30)","LEJANO, Raul Perez",,
PPOL,5130,Microeconomics and Public Policy,3,,L1 (1729),WeFr 09:30AM - 10:50AM,"Rm 2, 30/F, Tower 1,Millennity","SIU, Kam Wing",,
PPOL,5130,Microeconomics and Public Policy,3,,L2 (1730),WeFr 11:00AM - 12:20PM,"Rm 2, 30/F, Tower 1,Millennity","SIU, Kam Wing",,
PPOL,5140,Quantitative Analysis and Empirical Methods,3,,L1 (1731),11-SEP-2026 - 11-SEP-2026 Fr 12:30PM - 03:20PM,"Rm 5, 30/F, Tower 1,Millennity","DE TROULLIOUD DE LANVERSIN, Julien",,
PPOL,5140,Quantitative Analysis and Empirical Methods,3,,L2 (1732),Fr 12:30PM - 03:20PM,"Rm 3, 30/F, Tower 1,Millennity","LIN, Yatang",,
PPOL,5170,Public Management and Leadership,3,,L1 (1733),Mo 12:30PM - 03:20PM,"Rm 1, 30/F, Tower 1,Millennity","BERNAL, Marie",,
PPOL,5170,Public Management and Leadership,3,,L2 (1734),Mo 03:30PM - 06:20PM,"Rm 2, 30/F, Tower 1,Millennity","BERNAL, Marie",,
PPOL,5190,Policy Analysis and Design for Sustainable Development,3,,L1 (1735),Mo 09:30AM - 12:20PM,"Rm 2, 30/F, Tower 1,Millennity","YI, Fangxin Francine",,
PPOL,5230,"Technology, Innovation and Public Policy",3,,L1 (1736),Tu 09:30AM - 12:20PM,"Rm 2, 30/F, Tower 1,Millennity","MATUS, Kira",,
PPOL,5250,Innovation and Sustainability,3,,L1 (1737),We 07:00PM - 09:50PM,"Rm 2463, Lift 25-26 (42)","YARIME, Masaru",,
PPOL,5280,Economic Reasoning for Public Management,3,,L1 (1738),We 07:00PM - 09:50PM,"Rm 1, 30/F, Tower 1,Millennity","LOW, Donald",,
PPOL,5300,Managing the Policy Process,3,,L1 (1739),Th 07:00PM - 09:50PM,"Rm 6602, Lift 31-32 (60)","ZHAO, Xiaofan",,
PPOL,5310,Public Management for Technology Innovation,3,,L1 (1740),Mo 07:00PM - 09:50PM,"Rm 4504, Lift 25-26 (54)",TBA,,"> Instructor : Prof. XING, Jack"
PPOL,5360,Emerging Markets in Comparative Perspective,3,,L1 (1741),We 12:30PM - 03:20PM,"Rm 4, 30/F, Tower 1,Millennity","TYRALA, Michael",,
PPOL,5480,"Political Economy of Poverty, Inequality, and Development",3,,L1 (1742),Th 03:30PM - 06:20PM,"Rm 4, 30/F, Tower 1,Millennity","TYRALA, Michael",,
PPOL,5510,Political Economy of Global Offshore Finance and Its Regulation,3,,L1 (1754),05-SEP-2026 - 05-SEP-2026 Sa 09:30AM - 12:20PM,"Rm 2, 30/F, Tower 1,Millennity","TYRALA, Michael",,
PPOL,5520,Green and Sustainable Finance,3,,L1 (1743),Th 12:30PM - 03:20PM,"Rm 1, 30/F, Tower 1,Millennity","ZHAO, Xiaofan",,
PPOL,5530,Innovation Policy for Critical Technologies amidst Great Power Competition,3,,L1 (1744),Tu 07:00PM - 09:50PM,"Rm 2463, Lift 25-26 (42)","DE TROULLIOUD DE LANVERSIN, Julien GARCIA HERRERO, Alicia SHARIF, Naubahar YARIME, Masaru",,
PPOL,5550,Arms Control and International Relations,3,,L1 (1745),Th 09:30AM - 12:20PM,"Rm 2, 30/F, Tower 1,Millennity","DE TROULLIOUD DE LANVERSIN, Julien",,
PPOL,5560,Governing Global-City Hong Kong,2,,L1 (1755),02-OCT-2026 - 27-NOV-2026 Fr 09:30AM - 12:20PM,"Rm 1, 30/F, Tower 1,Millennity","LOW, Donald",,> Add/Drop Deadline : 05-Oct-2026 > Extended Drop Deadline : 12-Oct-2026
PPOL,5770,Professional Development for Taught Postgraduate Students,0,,R1 (1746),Tu 03:30PM - 04:50PM,"Rm 3, 30/F, Tower 1,Millennity","BERNAL, Marie",,
PPOL,5770,Professional Development for Taught Postgraduate Students,0,,R2 (1747),Tu 05:00PM - 06:20PM,"Rm 3, 30/F, Tower 1,Millennity","BERNAL, Marie",,
PPOL,6101D,Special Topics in Public Policy: Reasoning for Public Policy and Governance,3,,L1 (1748),Tu 03:30PM - 06:20PM,"Rm 1, 30/F, Tower 1,Millennity","LUDOVICE, Nicolo",,
PPOL,6110,Policy Analysis Project,6,,R1 (1749),Tu 12:30PM - 03:20PM,"Rm 3, 30/F, Tower 1,Millennity","BERNAL, Marie",,> The credit load will usually be spread in the following pattern: Fall: 3; Spring: 3
PPOL,6200,Study Visit to An Asian Global City,1,,R1 (1756),TBA,TBA,"LOW, Donald",,
PPOL,6770,Professional Development in Public Policy,1,,T1 (1750),TBA,TBA,"YARIME, Masaru",,
PPOL,6980,Individual Research Capstone Project,6,,L1 (1751),Tu 12:30PM - 03:20PM,"Rm 1, 30/F, Tower 1,Millennity","MATUS, Kira",,> The credit load will usually be spread in the following pattern: Fall: 3; Spring: 3
PPOL,6990,MPhil Thesis Research,0,,R1 (1752),TBA,TBA,"YARIME, Masaru",,> For MPhil(PP) students only
PPOL,7990,Doctoral Thesis Research,0,,R1 (1753),TBA,TBA,"YARIME, Masaru",,> For PhD(PP) students only
RMBI,1010,Risk Management in Financial Institutions,3,Common Core (SA) for 36-credit program Common Core (SA) for 30-credit prog in 22-24 Common Core (SA) for 30-credit prog in 25 Common Core (SA) for 30-credit prog fr 26,L1 (4306),MoWe 10:30AM - 11:50AM,"Rm 6573, Lift 29-30 (88)","WANG, Jiying",,
RMBI,2001,Academic and Professional Development in Risk Management and Business Intelligence,0,,T1 (4307),TBA,TBA,"CHEN, Kani CHEUNG, Ki Ling KWOK, James Tin Yau WANG, Jiying",,
RMBI,4980,Risk Management and Business Intelligence Capstone Project I,4,,T1 (4324),Fr 06:00PM - 08:20PM,"Rm 2126A, Lift 19 (28)","WONG, Nick",,
RMBI,4980,Risk Management and Business Intelligence Capstone Project I,4,,T2 (4326),Sa 10:00AM - 12:20PM,"Rm 2126A, Lift 19 (28)","WONG, Nick",,
RMBI,4980,Risk Management and Business Intelligence Capstone Project I,4,,T3 (4327),Sa 02:00PM - 04:20PM,"Rm 2126A, Lift 19 (28)","WONG, Nick",,
RMBI,4980,Risk Management and Business Intelligence Capstone Project I,4,,LA1 (4308),TBA,TBA,TBA,,
RMBI,4980,Risk Management and Business Intelligence Capstone Project I,4,,LA2 (4310),TBA,TBA,TBA,,
RMBI,4980,Risk Management and Business Intelligence Capstone Project I,4,,LA3 (4312),TBA,TBA,TBA,,
RMBI,4980,Risk Management and Business Intelligence Capstone Project I,4,,LA4 (4314),TBA,TBA,TBA,,
RMBI,4980,Risk Management and Business Intelligence Capstone Project I,4,,LA5 (4316),TBA,TBA,TBA,,
RMBI,4980,Risk Management and Business Intelligence Capstone Project I,4,,LA6 (4318),TBA,TBA,TBA,,
RMBI,4980,Risk Management and Business Intelligence Capstone Project I,4,,LA7 (4320),TBA,TBA,TBA,,
RMBI,4980,Risk Management and Business Intelligence Capstone Project I,4,,LA8 (4322),TBA,TBA,TBA,,
RMBI,4990,Risk Management and Business Intelligence Capstone Project II,4,,T1 (4329),TBA,TBA,TBA,,
RMBI,4990,Risk Management and Business Intelligence Capstone Project II,4,,LA1 (4328),TBA,TBA,TBA,,
ROAS,7990,Doctoral Thesis Research,0,,R1 (4511),TBA,TBA,TBA,,
SBMT,2100F,Community Services Project: Developing Leadership Through Service Learning,2,,T1 (4345),We 06:00PM - 07:50PM,TBA,"KOH, Tat Koon",,> Classes held in Room 5620 Instructor Consent Required
SBMT,2100Z,Community Services Project,2,,T1 (4346),TBA,TBA,"KOH, Tat Koon",,> Participating Corporation: The End Child Sexual Abuse Foundation Instructor Consent Required
SBMT,2100Z,Community Services Project,2,,T2 (4347),TBA,TBA,"KOH, Tat Koon",,> Participating Corporation: Habitat for Humanity Hong Kong Instructor Consent Required
SBMT,2800,SBM Cooperative Education Program,3,[EXP] Experiential learning,T1 (4348),TBA,TBA,"SIU, Wai Sze Grace",,> This class is delivered in a experiential learning mode Instructor Consent Required
SBMT,3200Z,Corporate Project,2,,T1 (4349),TBA,TBA,"KOH, Tat Koon",,> The credit load will usually be spread in the following pattern: Fall: 1; Winter: 1 Instructor Consent Required
SBMT,4000,SBM Undergraduate Honors Research Project,6,,R1 (4350),TBA,TBA,"VAN DER LANS, Ralf",,> The credit load will usually be spread in the following pattern: Fall: 3; Spring: 3 Instructor Consent Required
SBMT,5010,Accounting for Managers,3,,L1 (1889),We 07:00PM - 09:50PM,"Rm 1003, LSK Bldg (75)","SHIEH, Tony",,
SBMT,5030,Marketing Management and Strategy,3,,L1 (1890),Mo 07:00PM - 09:50PM,"G003, LSK Bldg (75)","SALVACRUZ, Joseph",,
SBMT,5790,Economic Development in Asia: A Practitionerâs Perspective,2,,L1 (1758),24-AUG-2026 - 12-OCT-2026 Mo 07:00PM - 10:30PM,TBA,"LOW, Donald",,"> For FT-MBA; PT-MBA; MBA (Bi-weekly); Digital MBA and MBA Exchange students only > Venue : Business School Central in Admiralty, 4/F United Centre, 95 Queensway, Admiralty, Hong Kong > Add/Drop Deadline : 31-Aug-2026"
SBMT,6012B,Navigating Asian Markets: Long-Term Strategies for Business Success,2,,L1 (1780),19-OCT-2026 - 23-OCT-2026 MoTuWeThFr 09:00AM - 05:30PM,"Rm 2003, LSK Bldg","CHEUNG, Cassian",,> For Digital MBA Year 3 or above students only > Add/Drop Deadline : 04-Sep-2026
SBMT,6012E,Business Applications of Web3 and Blockchain,1,,L1 (1779),24-SEP-2026 - 15-OCT-2026 Th 07:00PM - 10:30PM,TBA,TBA,,"> Instructor : YUNG, Micheal > For FT-MBA; PT-MBA; MBA (Bi-weekly); Digital MBA and MBA Exchange students only > Venue : Business School Central in Admiralty, 4/F United Centre, 95 Queensway, Admiralty, Hong Kong > Add/Drop Deadline : 28-Sep-2026"
SBMT,6012J,Strategy Beyond the Market: Managing Risk in a Fractured World,1,,L1 (1787),23-NOV-2026 - 14-DEC-2026 Mo 07:00PM - 10:20PM,TBA,"LOH, Kung Wai Christine",,"> For FT-MBA; PT-MBA; MBA (Bi-weekly); Digital MBA and MBA Exchange students only > Venue : Business School Central in Admiralty, 4/F United Centre, 95 Queensway, Admiralty, Hong Kong > Add/Drop Deadline : 30-Nov-2026"
SBMT,6020I,AI-Driven Decision Making for Entrepreneurs,2,,L1 (4486),25-AUG-2026 - 20-OCT-2026 Tu 02:00PM - 05:20PM,"Rm 5, 30/F, Tower 1,Millennity","PEREIRA, Kevin",,> Add/Drop Deadline : 31-Aug-2026 Instructor Consent Required
SBMT,6100A,Field Study Project,1,,R1 (4588),TBA,TBA,"MUTTO, Frederick",,> For FT-MBA Year 2 or above students only > Add/Drop Deadline : 20-Dec-2026 Instructor Consent Required
SBMT,6350A,MBA Practical Internship Experience,1,,R1 (1773),TBA,TBA,TBA,,> For FT-MBA students only > Add/Drop Deadline : 20-Dec-2026 Instructor Consent Required
SBMT,6350B,MBA Practical Internship Experience,2,,R1 (1774),TBA,TBA,TBA,,> For FT-MBA students only > Add/Drop Deadline : 20-Dec-2026 Instructor Consent Required
SBMT,6350C,MBA Practical Internship Experience,3,,R1 (1775),TBA,TBA,TBA,,> For FT-MBA students only > Add/Drop Deadline : 20-Dec-2026 Instructor Consent Required
SBMT,6350D,MBA Practical Internship Experience,4,,R1 (1776),TBA,TBA,TBA,,> For FT-MBA students only > Add/Drop Deadline : 20-Dec-2026 Instructor Consent Required
SBMT,6360A,MBA Career Development Program,1,,L1 (4548),TBA,TBA,TBA,,> For FT-MBA Year 1 students only > Add/Drop Deadline : 20-Dec-2026 Instructor Consent Required
SBMT,6360B,MBA Career Development Program,2,,L1 (1777),TBA,TBA,TBA,,> For FT-MBA Year 1 students only > Add/Drop Deadline : 20-Dec-2026 Instructor Consent Required
SBMT,6370A,Global Network Week,2,,L1 (1781),TBA,TBA,TBA,,> For FT-MBA Year 2 or above; PT-MBA Year 2 or above and Part-time MBA (Bi-weekly) Year 2 or above students only > Add/Drop Deadline : 18-Oct-2026 Instructor Consent Required
SBMT,6380N,GNAM Small Network Online Courses,2,[BLD] Blended learning,L1 (1778),TBA,TBA,TBA,,> The class is delivered in a blended learning mode > For FT-MBA Year 2 or above; PT-MBA Year 2 or above; MBA (Bi-weekly) Year 2 or above and Digital MBA Year 2 or above students only > Add/Drop Deadline : 02-Nov-2026 Instructor Consent Required
SBMT,6380O,GNAM Small Network Online Courses,2,[BLD] Blended learning,L1 (1759),TBA,TBA,TBA,,> The class is delivered in a blended learning mode > For Digital MBA Year 2 or above students only > Add/Drop Deadline : 02-Nov-2026 Instructor Consent Required
SBMT,6390,MSc Practicum,2,,R1 (4499),TBA,TBA,"LIN, Song",,> For MSc(MARK) students only > Add/ Drop Deadline : 16-Nov-2026
SBMT,6400B,MSc Study Tour,2,,R1 (4519),TBA,TBA,TBA,,> For SBM TPG students only > Add/Drop Deadline : 07-Sep-2026 Instructor Consent Required
SCIE,1090C,Community Services Project: Developing Leadership Through Service Learning,2,,T1 (4457),We 06:00PM - 07:50PM,TBA,"LEUNG, Shing Yu",,> Classes held in Room 5620 Instructor Consent Required
SCIE,1100,Career Building for Science Students,1,,T1 (4458),Th 02:30PM - 04:20PM,"Rm 6591, Lift 31-32 (88)","SIU, Wai Sze Grace",,
SCIE,2800,SCIE Cooperative Education Program,3,[EXP] Experiential learning,T1 (4459),TBA,TBA,"SIU, Wai Sze Grace",,> The class is delivered in a experiential learning mode Instructor Consent Required
SCIE,3500,IRE Research Project I,3,,R1 (4460),TBA,TBA,"LEUNG, Shing Yu",,
SCIE,3900,International Research Experience,3,,R1 (4461),TBA,TBA,"LEUNG, Shing Yu",,
SCIE,4500,IRE Research Project II,3,,R1 (4462),TBA,TBA,"LEUNG, Shing Yu",,
SEEN,7990,Doctoral Thesis Research,0,,R1 (4512),TBA,TBA,TBA,,
SHSS,4991,Capstone Project,3,,T1 (4374),We 09:00AM - 10:50AM,"Rm 2504, Lift 25-26 (84)","CHUNG, Shek Yan KU, Shuk Mei Agnes WONG, Kok Thong",,Instructor Consent Required
SHSS,4991,Capstone Project,3,,T2 (4375),We 03:00PM - 04:50PM,"Rm 2126A, Lift 19 (28)","CHUNG, Shek Yan KU, Shuk Mei Agnes WONG, Kok Thong",,Instructor Consent Required
SHSS,4991,Capstone Project,3,,T3 (4376),Fr 04:00PM - 05:50PM,"Rm 1026, LSK Bldg (28)","CHUNG, Shek Yan KU, Shuk Mei Agnes WONG, Kok Thong",,Instructor Consent Required
SHSS,4992,Honors Thesis,6,,T1 (4377),Fr 10:30AM - 12:20PM,"Rm 5566, Lift 27-28 (24)","CHUNG, Shek Yan KU, Shuk Mei Agnes WONG, Kok Thong",,> The credit load will usually be spread in the following pattern: Fall: 3; Spring: 3 Instructor Consent Required
SMMG,7990,Doctoral Thesis Research,0,,R1 (4513),TBA,TBA,TBA,,
SOSC,1050,Introduction to Social Science Research,3,,L1 (4378),TuTh 03:00PM - 04:20PM,"Rm 2407, Lift 17-18 (126)","TRINH, Duc Duy",,
SOSC,1350,Contemporary China: Continuity and Change,3,Common Core (SA) for 36-credit program Common Core (SSC-SA) for 36-credit program Common Core (SA) for 30-credit prog in 22-24 Common Core (SA) for 30-credit prog in 25 Common Core (SA) for 30-credit prog fr 26,L1 (4379),Fr 10:30AM - 12:20PM,Lecture Theater A (401),"LIN, Yi-Min",,
SOSC,1350,Contemporary China: Continuity and Change,3,Common Core (SA) for 36-credit program Common Core (SSC-SA) for 36-credit program Common Core (SA) for 30-credit prog in 22-24 Common Core (SA) for 30-credit prog in 25 Common Core (SA) for 30-credit prog fr 26,T1 (4381),Mo 12:00PM - 01:50PM,"Rm 1027, LSK Bldg (40)","LIN, Yi-Min",,
SOSC,1350,Contemporary China: Continuity and Change,3,Common Core (SA) for 36-credit program Common Core (SSC-SA) for 36-credit program Common Core (SA) for 30-credit prog in 22-24 Common Core (SA) for 30-credit prog in 25 Common Core (SA) for 30-credit prog fr 26,T2 (4383),Mo 12:00PM - 01:50PM,TBA,"LIN, Yi-Min",,> Venue : Room LSK1027
SOSC,1350,Contemporary China: Continuity and Change,3,Common Core (SA) for 36-credit program Common Core (SSC-SA) for 36-credit program Common Core (SA) for 30-credit prog in 22-24 Common Core (SA) for 30-credit prog in 25 Common Core (SA) for 30-credit prog fr 26,T3 (4384),Tu 03:00PM - 04:50PM,"Rm 2504, Lift 25-26 (84)","LIN, Yi-Min",,
SOSC,1350,Contemporary China: Continuity and Change,3,Common Core (SA) for 36-credit program Common Core (SSC-SA) for 36-credit program Common Core (SA) for 30-credit prog in 22-24 Common Core (SA) for 30-credit prog in 25 Common Core (SA) for 30-credit prog fr 26,T4 (4385),Tu 03:00PM - 04:50PM,TBA,"LIN, Yi-Min",,> Venue : Room 2504
SOSC,1350,Contemporary China: Continuity and Change,3,Common Core (SA) for 36-credit program Common Core (SSC-SA) for 36-credit program Common Core (SA) for 30-credit prog in 22-24 Common Core (SA) for 30-credit prog in 25 Common Core (SA) for 30-credit prog fr 26,T5 (4386),Fr 03:00PM - 04:50PM,"LG3008, Lift 10-12 (82)","LIN, Yi-Min",,
SOSC,1350,Contemporary China: Continuity and Change,3,Common Core (SA) for 36-credit program Common Core (SSC-SA) for 36-credit program Common Core (SA) for 30-credit prog in 22-24 Common Core (SA) for 30-credit prog in 25 Common Core (SA) for 30-credit prog fr 26,T6 (4387),Fr 03:00PM - 04:50PM,TBA,"LIN, Yi-Min",,> Venue : Room LG3008
SOSC,1440,Introduction to Economics,3,Common Core (SA) for 36-credit program,L1 (4388),TuTh 04:30PM - 05:50PM,"Rm 4621, Lift 31-32 (126)","WANG, Wen",,
SOSC,1449,Understanding Our Economy,3,Common Core (SA) for 36-credit program Common Core (SA) for 30-credit prog in 22-24 Common Core (SA) for 30-credit prog in 25 Common Core (SA) for 30-credit prog fr 26,L1 (4389),WeFr 01:30PM - 02:50PM,"Rm 4619, Lift 31-32 (126)","HOLZ, Carsten Andreas",,
SOSC,1470,The Economic and Political Development of Modern Japan,3,Common Core (SA) for 36-credit program Common Core (SA) for 30-credit prog in 22-24 Common Core (SA) for 30-credit prog in 25 Common Core (SA) for 30-credit prog fr 26,L1 (4390),TuTh 10:30AM - 11:50AM,"Rm 2465, Lift 25-26 (122)","HE, Wenkai",,
SOSC,1510,Politics Through Film,3,Common Core (SA) for 36-credit program,L1 (4391),Fr 03:00PM - 05:50PM,"Rm 6573, Lift 29-30 (88)","HOU, Yue",,
SOSC,1780,Population and Development in China,3,Common Core (SA) for 36-credit program Common Core (SA) for 30-credit prog in 22-24 Common Core (SA) for 30-credit prog in 25 Common Core (SA) for 30-credit prog fr 26,L1 (4392),Th 12:00PM - 02:50PM,"Rm 2502, Lift 25-26 (120)","MA, John Zhongdong",,
SOSC,1840,"Government, Law and Society in China",3,Common Core (SA) for 36-credit program Common Core (SA) for 30-credit prog in 22-24 Common Core (SA) for 30-credit prog in 25 Common Core (SA) for 30-credit prog fr 26,L1 (4393),MoWe 09:00AM - 10:20AM,"Rm 4619, Lift 31-32 (126)","CAI, Yongshun",,
SOSC,1859,Exploring Society,3,Common Core (SA) for 36-credit program Common Core (SA) for 30-credit prog in 22-24 Common Core (SA) for 30-credit prog in 25 Common Core (SA) for 30-credit prog fr 26,L1 (4394),02-SEP-2026 - 30-SEP-2026 MoWe 12:00PM - 01:20PM,Lecture Theater G (150),"LEUNG, Yee Man Yvonne",,
SOSC,1960,Introduction to Psychology,3,Common Core (SA) for 36-credit program Common Core (SSC-SA) for 36-credit program Common Core (SA) for 30-credit prog in 22-24 Common Core (SA) for 30-credit prog in 25 Common Core (SA) for 30-credit prog fr 26,L1 (4395),MoWe 12:00PM - 01:20PM,"Rm 2464, Lift 25-26 (122)","HSIAO, Janet Hui-wen",,
SOSC,1960,Introduction to Psychology,3,Common Core (SA) for 36-credit program Common Core (SSC-SA) for 36-credit program Common Core (SA) for 30-credit prog in 22-24 Common Core (SA) for 30-credit prog in 25 Common Core (SA) for 30-credit prog fr 26,L2 (4396),MoWe 10:30AM - 11:50AM,"Rm 2407, Lift 17-18 (126)","CHENG, Chen",,
SOSC,1960,Introduction to Psychology,3,Common Core (SA) for 36-credit program Common Core (SSC-SA) for 36-credit program Common Core (SA) for 30-credit prog in 22-24 Common Core (SA) for 30-credit prog in 25 Common Core (SA) for 30-credit prog fr 26,L3 (4397),TuTh 09:00AM - 10:20AM,"Rm 2465, Lift 25-26 (122)","WANG, Jingyi",,
SOSC,1990,Research Methods in Psychological Science,3,[BLD] Blended learning,L1 (4398),Tu 09:00AM - 10:20AM,"Rm 6580, Lift 27-28 (48)","SHU, Annie",,> The class is delivered in a blended learning mode
SOSC,1990,Research Methods in Psychological Science,3,[BLD] Blended learning,L2 (4399),Th 09:00AM - 10:20AM,"Rm 6580, Lift 27-28 (48)","SHU, Annie",,> The class is delivered in a blended learning mode
SOSC,2210,Social Psychology,3,,L1 (4400),TuTh 10:30AM - 11:50AM,"LG3008, Lift 10-12 (82)","SHU, Annie",,
SOSC,2260,Counselling Psychology,3,,L1 (4401),WeFr 04:30PM - 05:50PM,"Rm 5583, Lift 29-30 (80)","SIU, Nicolson",,
SOSC,2400,Quantitative Data Analysis for Social Research II,3,,L1 (4402),MoWe 12:00PM - 01:20PM,"G009A, CYT Bldg (80)","ZHOU, Titi",,
SOSC,2740,Gender and Society,3,Common Core (SA) for 36-credit program Common Core (SA) for 30-credit prog in 22-24 Common Core (SA) for 30-credit prog in 25 Common Core (SA) for 30-credit prog fr 26,L1 (4403),MoWe 10:30AM - 11:50AM,"Rm 5583, Lift 29-30 (80)","LEUNG, Yee Man Yvonne",,
SOSC,2980,Personality Psychology,3,,L1 (4404),Th 01:30PM - 04:20PM,"Rm 4503, Lift 25-26 (64)","YIK, Michelle",,
SOSC,3000L,Social Media & Society: Theory and Analysis,3,,L1 (4405),WeFr 04:30PM - 05:50PM,"Rm 4504, Lift 25-26 (54)","SONG, Yunya",,
SOSC,3120,Economic Development,3,,L1 (4406),TuTh 12:00PM - 01:20PM,"Rm 2463, Lift 25-26 (42)","PARK, Sangyoon",,
SOSC,3130,Hong Kong Culture,3,Common Core (SA) for 36-credit program Common Core (SA) for 30-credit prog in 22-24 Common Core (SA) for 30-credit prog in 25 Common Core (SA) for 30-credit prog fr 26 [CA] Cantonese [C] Require Chinese reading,L1 (4407),WeFr 01:30PM - 02:50PM,"Rm 4579, Lift 27-28 (60)","KU, Shuk Mei Agnes",,
SOSC,3200,Quantitative Social Analysis Colloquium,1,,L1 (4408),Mo 09:30AM - 10:20AM,"Rm 2302, Lift 17-18 (74)","ZHOU, Titi",,
SOSC,3520,Understanding Comparative Politics,3,Common Core (SA) for 36-credit program Common Core (SA) for 30-credit prog in 22-24 Common Core (SA) for 30-credit prog in 25 Common Core (SA) for 30-credit prog fr 26,L1 (4409),WeFr 03:00PM - 04:20PM,"Rm 4504, Lift 25-26 (54)","WONG, James K.",,
SOSC,3540,Environmental Psychology,3,,L1 (4410),WeFr 01:30PM - 02:50PM,"Rm 5402, Lift 17-18 (43)","TAM, Kim-Pong",,
SOSC,3610,Adversity and Biological Social Science,3,,L1 (4411),Tu 12:00PM - 02:50PM,"Rm 2304, Lift 17-18 (76)",TBA,,
SOSC,3630,Democracy and Democratization around the World,3,Common Core (SA) for 36-credit program Common Core (SA) for 30-credit prog in 22-24 Common Core (SA) for 30-credit prog in 25 Common Core (SA) for 30-credit prog fr 26,L1 (4412),TuTh 04:30PM - 05:50PM,"Rm 1410, Lift 25-26 (60)","HE, Wenkai",,
SOSC,3720,Introduction to Social Network Analysis,3,,L1 (4413),Th 12:00PM - 01:20PM,"Rm 1527, Lift 22 (74)","WEI, Jinlin",,
SOSC,3720,Introduction to Social Network Analysis,3,,T1 (4414),Th 01:30PM - 02:50PM,"Rm 1527, Lift 22 (74)","WEI, Jinlin",,
SOSC,3730,Survey Design and Methods,3,,L1 (4415),WeFr 03:00PM - 04:20PM,"Rm 4503, Lift 25-26 (64)","KANG, Suji",,
SOSC,3730,Survey Design and Methods,3,,T1 (4416),Fr 09:00AM - 09:50AM,"Multi-function Room, LG4, LIB","KANG, Suji",,
SOSC,3900,Abnormal Psychology,3,,L1 (4417),TuTh 04:30PM - 05:50PM,"G009B, CYT Bldg (70)","SIU, Nicolson",,
SOSC,4260,China's Economic Transformation,3,,L1 (4418),MoWe 10:30AM - 11:50AM,"Rm 6591, Lift 31-32 (88)","HOLZ, Carsten Andreas",,
SOSC,4310,Chinese Capitalism: Historical and Comparative Perspectives,3,,L1 (4419),Tu 09:00AM - 11:50AM,"Rm 4503, Lift 25-26 (64)","LIN, Yi-Min",,
SOSC,4330,Quantitative Data Analysis for Social Research III,3,,L1 (4420),We 03:00PM - 05:50PM,"Rm 4402, Lift 17-18","WANG, Wen",,
SOSC,5090,Quantitative Methods for Social Science Research,3,,L1 (1938),Tu 12:00PM - 02:50PM,"Rm 2610, Lift 31-32 (26)","WEI, Jinlin",,
SOSC,5110,Social Science Research Design and Methods,3,,L1 (1939),Mo 09:00AM - 10:50AM,"Rm 2610, Lift 31-32 (26)","WANG, Jin",,
SOSC,5110,Social Science Research Design and Methods,3,,T1 (1940),Mo 11:00AM - 11:50AM,"Rm 2610, Lift 31-32 (26)","WANG, Jin",,
SOSC,5340,Econometric Approaches to Social Science Research,3,,L1 (1941),We 09:00AM - 11:50AM,"Rm 2610, Lift 31-32 (26)","YU, Ang",,
SOSC,5430,The Chinese Economy,3,,L1 (1942),We 03:00PM - 05:50PM,"Rm 2126B, Lift 19 (28)","HOLZ, Carsten Andreas",,
SOSC,5720,Economic Development in China,3,,L1 (1943),Tu 07:00PM - 09:50PM,"Rm 5566, Lift 27-28 (24)","WANG, Wen",,
SOSC,5780,Foundation in Public Policy,3,,L1 (1944),Th 03:30PM - 06:20PM,TBA,"LI, Alvin",,"> Venue : Rm 5, 30/F, Tower 1, Millennity > Co-list with PPOL 5110 L1"
SOSC,5810,Introduction to Social Network Analysis,3,,L1 (1945),Th 12:00PM - 01:20PM,TBA,"WEI, Jinlin",,
SOSC,5810,Introduction to Social Network Analysis,3,,T1 (1946),Th 01:30PM - 02:50PM,TBA,"WEI, Jinlin",,> Venue : Room 1527
SOSC,6030T,The Political Economy of Development,3,,L1 (1947),Tu 09:00AM - 11:50AM,"Rm 2126A, Lift 19 (28)","ZHANG, Dong",,
SOSC,6100A,Independent Study,3,,R1 (1948),TBA,TBA,TBA,,
SOSC,6100B,Independent Study,3,,R1 (1949),TBA,TBA,TBA,,
SOSC,6500,Seminars in Cognitive Science,3,,L1 (1950),Th 09:00AM - 11:50AM,"Rm 2610, Lift 31-32 (26)","HSIAO, Janet Hui-wen",,
SOSC,6990,MPhil Thesis Research,0,,R1 (1951),TBA,TBA,TBA,,> For MPhil(SOSC) students only
SOSC,7990,Doctoral Thesis Research,0,,R1 (1952),TBA,TBA,TBA,,> For PhD(SOSC) students only
SUST,1000,Sustainability Fundamentals,3,Common Core (S&T) for 36-credit program Common Core (SA) for 36-credit program Common Core (SSC-S&T) for 36-credit program Common Core (SSC-SA) for 36-credit program [BLD] Blended learning,L1 (2789),Mo 10:30AM - 01:20PM,"Rm 4582, Lift 27-28 (66)","LAU, Pui Sang",,> The class is delivered in a blended learning mode
SUST,1000,Sustainability Fundamentals,3,Common Core (S&T) for 36-credit program Common Core (SA) for 36-credit program Common Core (SSC-S&T) for 36-credit program Common Core (SSC-SA) for 36-credit program [BLD] Blended learning,L2 (2790),We 12:00PM - 02:50PM,"Rm 4582, Lift 27-28 (66)","MINUTI, Jay Joan",,> The class is delivered in a blended learning mode
SUST,1010,Introduction to Sustainability,3,Common Core (SUS) for 30-credit prog in 25 Common Core (SUS) for 30-credit prog fr 26 [BLD] Blended learning,L1 (2791),Th 09:00AM - 11:50AM,"Rm 4582, Lift 27-28 (66)","CHEN, Shi",,> The class is delivered in a blended learning mode
SUST,1020,Climate Films and Sustainable Future,3,Common Core (SUS) for 30-credit prog in 25 Common Core (SUS) for 30-credit prog fr 26,L1 (2793),Mo 04:30PM - 05:50PM,"Rm 2464, Lift 25-26 (122)","SHI, Xiaoming Bill",,
TEMG,1010,T&M Professional Activities,0,,T1 (3041),TBA,TBA,"LEUNG, Justin",,
TEMG,1010,T&M Professional Activities,0,,T2 (3042),TBA,TBA,"LEUNG, Justin",,
TEMG,1010,T&M Professional Activities,0,,T3 (3043),TBA,TBA,"LEUNG, Justin",,
TEMG,1011,T&M Professional Activities I,0,,T1 (3044),TBA,TBA,"LEUNG, Justin",,
TEMG,1012,T&M Professional Activities II,0,,T1 (3045),TBA,TBA,"LEUNG, Justin",,
TEMG,3950,T&M Case Analysis and Product Innovation,3,,L1 (3046),Tu 06:00PM - 08:50PM,"Rm 1103, Acad Concourse (36)","LEUNG, Justin",,Instructor Consent Required
TEMG,3950,T&M Case Analysis and Product Innovation,3,,T1 (3047),TBA,TBA,"LEUNG, Justin",,Instructor Consent Required
TEMG,4950R,"T&M Corporate Consulting Project: ESF EdTech Venture Transforming AI, IB Pedagogy & Smart Learning",4,,L1 (4515),Th 06:00PM - 08:50PM,"Rm 1103, Acad Concourse (36)","LEUNG, Justin",,Instructor Consent Required
TEMG,4950R,"T&M Corporate Consulting Project: ESF EdTech Venture Transforming AI, IB Pedagogy & Smart Learning",4,,T1 (4516),TBA,TBA,"LEUNG, Justin",,Instructor Consent Required
UGOD,7990,Doctoral Thesis Research,0,,R1 (4514),TBA,TBA,TBA,,
UPOP,1920,Career Readiness Training Program,1,[EXP] Experiential learning,T1 (3040),19-SEP-2026 - 19-SEP-2026 Sa 02:00PM - 05:20PM,"Rm 4619, Lift 31-32 (126)","TAM, Loretta",,> The class is delivered in a experiential learning mode Instructor Consent Required
UROP,1100T,Undergraduate Research Opportunities Series 1,1,,R1 (4466),TBA,TBA,TBA,,Instructor Consent Required
UROP,2100T,Undergraduate Research Opportunities Series 2,1,,R1 (4467),TBA,TBA,TBA,,Instructor Consent Required
UROP,3100T,Undergraduate Research Opportunities Series 3,1,,R1 (4468),TBA,TBA,TBA,,Instructor Consent Required
UROP,3200,Undergraduate Research Opportunities with Mini-conference Experience,1,Common Core (UxOP-UROP) for 30-cr prog in 22-24 Common Core (UxOP-UROP) for 30-cr prog in 25 Common Core (UxOP-UROP) for 30-cr prog fr 26 [EXP] Experiential learning,LA1 (4469),TBA,TBA,TBA,,> The class is delivered in a experiential learning mode Instructor Consent Required
UROP,4100T,Undergraduate Research Opportunities Series 4,1,,R1 (4470),TBA,TBA,TBA,,Instructor Consent Required
UTOP,3201,Practicum in STEAM Education,3,Common Core (UxOP-UTOP) for 30-cr prog in 22-24 Common Core (UxOP-UTOP) for 30-cr prog in 25 Common Core (UxOP-UTOP) for 30-cr prog fr 26 [EXP] Experiential learning,L1 (4372),Mo 01:30PM - 02:50PM,"Rm 6580, Lift 27-28 (48)","CHONG, Nga Shun FUNG, Grace LAVIGNE, Paul David LIU, Y.S. Marshal",,> The class is delivered in an experiential learning mode
WBBA,2030,Effective Communication in Business,3,,L1 (4351),TuTh 01:30PM - 02:50PM,"Rm 1003, LSK Bldg (75)","NASON, Stephen William",,
WBBA,2050,Global Financial Markets and Institutions,3,,L1 (4352),TuTh 12:00PM - 01:20PM,"Rm 1027, LSK Bldg (40)","LAFON-VINAIS, Veronique J A",,
WBBA,4010,Capstone Project,4,,R1 (4532),TBA,TBA,"NASON, Stephen William",,
